== job phase5  scale=runpod  device=cuda:NVIDIA A40  owners=None ==
  [5a] Yu residual decision  α<19  limit=1800.0s  (decision, not Russian-doll)
  [5a] structural=True  residual=186  tri_free=True  old_kernel=MIS timed out
  [5a] residual n=186 greedyα=16
  [5a] CP-SAT 18-IS {'available': False, 'found': False, 'reason': 'ortools not installed'}
  [5a] decide α≥19 found=False timed_out=False nodes=216275634 63.171s backend=c-decide
  [5a] wrote /workspace/ramsey-gpu-constructions/data/yu_r4_20.cert.json  alpha_certified=True
  [5a] yu_pool_p251_e5_kindyu_5a_residual_shash84deed95b86e89a4 N= 251  R(4,20)  exact=True  ω=3 α=19
  [5a] GREEN. Residual has no 19-IS. Referee may hunt.
== phase5 → 5b ==
  [5b] referee contract
  [5b] n=257 skip OK  skip_n>256
  [5b] Paley(17) decision α≤3, ω=3 exact=True
  [5b] toy mixed {'mixed_ok': False, 'residual_only': True, 'reason': 'α(N(0))≥3', 'nbhd_alpha_lt': None, 'nbhd_mis': {'found': True, 'lower': 4, 'timed_out': False, 'backend': 'greedy', 'n': 4}}
  [5b] paley_prime_p17_kind5b_referee                          N=  17  cert  exact=True  ω=3 α=3
== phase5 → 5c ==
  [5c] hunt p∈[200,400] walks=64 anneal=64 mis=25.0s
  [5c] p=211 e=5 D0∪D1 pool=42 t=20
    walk 1/64 |S|=22 tri_free=True greedyα=22
    walk 2/64 |S|=22 tri_free=True greedyα=30
    walk 3/64 |S|=25 tri_free=True greedyα=28
    walk 4/64 |S|=22 tri_free=True greedyα=26
    walk 5/64 |S|=21 tri_free=True greedyα=36
    walk 6/64 |S|=21 tri_free=True greedyα=28
    walk 7/64 |S|=24 tri_free=True greedyα=25
    walk 8/64 |S|=24 tri_free=True greedyα=33
    walk 9/64 |S|=20 tri_free=True greedyα=25
    walk 10/64 |S|=25 tri_free=True greedyα=20
    walk 11/64 |S|=20 tri_free=True greedyα=19
    walk 12/64 |S|=22 tri_free=True greedyα=19
    walk 13/64 |S|=20 tri_free=True greedyα=23
    walk 14/64 |S|=20 tri_free=True greedyα=23
    walk 15/64 |S|=24 tri_free=True greedyα=32
    walk 16/64 |S|=20 tri_free=True greedyα=19
    walk 17/64 |S|=24 tri_free=True greedyα=20
    walk 18/64 |S|=22 tri_free=True greedyα=28
    walk 19/64 |S|=23 tri_free=True greedyα=20
    walk 20/64 |S|=22 tri_free=True greedyα=18
    walk 21/64 |S|=23 tri_free=True greedyα=23
    walk 22/64 |S|=21 tri_free=True greedyα=23
    walk 23/64 |S|=19 tri_free=True greedyα=16
    walk 24/64 |S|=22 tri_free=True greedyα=27
    walk 25/64 |S|=22 tri_free=True greedyα=23
    walk 26/64 |S|=20 tri_free=True greedyα=24
    walk 27/64 |S|=21 tri_free=True greedyα=25
    walk 28/64 |S|=24 tri_free=True greedyα=30
    walk 29/64 |S|=20 tri_free=True greedyα=30
    walk 30/64 |S|=24 tri_free=True greedyα=30
    walk 31/64 |S|=21 tri_free=True greedyα=23
    walk 32/64 |S|=22 tri_free=True greedyα=19
    walk 33/64 |S|=20 tri_free=True greedyα=20
    walk 34/64 |S|=19 tri_free=True greedyα=19
    walk 35/64 |S|=21 tri_free=True greedyα=21
    walk 36/64 |S|=19 tri_free=True greedyα=24
    walk 37/64 |S|=21 tri_free=True greedyα=17
    walk 38/64 |S|=25 tri_free=True greedyα=30
    walk 39/64 |S|=20 tri_free=True greedyα=22
    walk 40/64 |S|=21 tri_free=True greedyα=18
    walk 41/64 |S|=21 tri_free=True greedyα=25
    walk 42/64 |S|=22 tri_free=True greedyα=18
    walk 43/64 |S|=23 tri_free=True greedyα=35
    walk 44/64 |S|=23 tri_free=True greedyα=21
    walk 45/64 |S|=22 tri_free=True greedyα=19
    walk 46/64 |S|=20 tri_free=True greedyα=23
    walk 47/64 |S|=21 tri_free=True greedyα=27
    walk 48/64 |S|=21 tri_free=True greedyα=22
    walk 49/64 |S|=23 tri_free=True greedyα=26
    walk 50/64 |S|=23 tri_free=True greedyα=20
    walk 51/64 |S|=20 tri_free=True greedyα=22
    walk 52/64 |S|=24 tri_free=True greedyα=22
    walk 53/64 |S|=20 tri_free=True greedyα=21
    walk 54/64 |S|=22 tri_free=True greedyα=25
    walk 55/64 |S|=23 tri_free=True greedyα=24
    walk 56/64 |S|=20 tri_free=True greedyα=18
    walk 57/64 |S|=22 tri_free=True greedyα=24
    walk 58/64 |S|=22 tri_free=True greedyα=22
    walk 59/64 |S|=20 tri_free=True greedyα=23
    walk 60/64 |S|=20 tri_free=True greedyα=20
    walk 61/64 |S|=20 tri_free=True greedyα=28
    walk 62/64 |S|=20 tri_free=True greedyα=17
    walk 63/64 |S|=23 tri_free=True greedyα=23
    walk 64/64 |S|=24 tri_free=True greedyα=22
      MIS |S|=19 greedyα=16 residual IS ≥ 19 (α(G)≥20) {'found': True, 'lower': 19, 'exact': True, 'nodes': 21, 'seconds': 0.0006204284727573395, 'timed_out': False, 'backend': 'c-decide'}
      MIS |S|=21 greedyα=17 residual IS ≥ 19 (α(G)≥20) {'found': True, 'lower': 19, 'exact': True, 'nodes': 68, 'seconds': 0.000468667596578598, 'timed_out': False, 'backend': 'c-decide'}
      MIS |S|=20 greedyα=17 residual IS ≥ 19 (α(G)≥20) {'found': True, 'lower': 19, 'exact': True, 'nodes': 55, 'seconds': 0.0004612840712070465, 'timed_out': False, 'backend': 'c-decide'}
      MIS |S|=22 greedyα=18 residual IS ≥ 19 (α(G)≥20) {'found': True, 'lower': 19, 'exact': True, 'nodes': 61, 'seconds': 0.0004426613450050354, 'timed_out': False, 'backend': 'c-decide'}
      MIS |S|=22 greedyα=18 residual IS ≥ 19 (α(G)≥20) {'found': True, 'lower': 19, 'exact': True, 'nodes': 55, 'seconds': 0.0004123896360397339, 'timed_out': False, 'backend': 'c-decide'}
      MIS |S|=21 greedyα=18 residual IS ≥ 19 (α(G)≥20) {'found': True, 'lower': 19, 'exact': True, 'nodes': 51, 'seconds': 0.00042190030217170715, 'timed_out': False, 'backend': 'c-decide'}
      MIS |S|=20 greedyα=18 residual IS ≥ 19 (α(G)≥20) {'found': True, 'lower': 19, 'exact': True, 'nodes': 38, 'seconds': 0.00040299445390701294, 'timed_out': False, 'backend': 'c-decide'}
      MIS |S|=22 greedyα=19 residual IS ≥ 19 (α(G)≥20) {'found': True, 'lower': 19, 'exact': True, 'nodes': 22, 'seconds': 0.00044564157724380493, 'timed_out': False, 'backend': 'c-decide'}
  [5c] p=211 e=5 D0∪D2 pool=42 t=20
    walk 1/64 |S|=23 tri_free=True greedyα=20
    walk 2/64 |S|=23 tri_free=True greedyα=23
    walk 3/64 |S|=23 tri_free=True greedyα=19
    walk 4/64 |S|=26 tri_free=True greedyα=23
    walk 5/64 |S|=25 tri_free=True greedyα=26
    walk 6/64 |S|=24 tri_free=True greedyα=21
    walk 7/64 |S|=24 tri_free=True greedyα=21
    walk 8/64 |S|=23 tri_free=True greedyα=16
    walk 9/64 |S|=25 tri_free=True greedyα=33
    walk 10/64 |S|=22 tri_free=True greedyα=21
    walk 11/64 |S|=24 tri_free=True greedyα=22
    walk 12/64 |S|=24 tri_free=True greedyα=23
    walk 13/64 |S|=23 tri_free=True greedyα=18
    walk 14/64 |S|=24 tri_free=True greedyα=19
    walk 15/64 |S|=25 tri_free=True greedyα=19
    walk 16/64 |S|=21 tri_free=True greedyα=16
    walk 17/64 |S|=23 tri_free=True greedyα=26
    walk 18/64 |S|=24 tri_free=True greedyα=20
    walk 19/64 |S|=23 tri_free=True greedyα=24
    walk 20/64 |S|=22 tri_free=True greedyα=23
    walk 21/64 |S|=26 tri_free=True greedyα=20
    walk 22/64 |S|=25 tri_free=True greedyα=18
    walk 23/64 |S|=25 tri_free=True greedyα=17
    walk 24/64 |S|=21 tri_free=True greedyα=19
    walk 25/64 |S|=24 tri_free=True greedyα=22
    walk 26/64 |S|=24 tri_free=True greedyα=28
    walk 27/64 |S|=23 tri_free=True greedyα=19
    walk 28/64 |S|=23 tri_free=True greedyα=30
    walk 29/64 |S|=23 tri_free=True greedyα=22
    walk 30/64 |S|=25 tri_free=True greedyα=36
    walk 31/64 |S|=24 tri_free=True greedyα=23
    walk 32/64 |S|=23 tri_free=True greedyα=20
    walk 33/64 |S|=23 tri_free=True greedyα=22
    walk 34/64 |S|=22 tri_free=True greedyα=21
    walk 35/64 |S|=22 tri_free=True greedyα=23
    walk 36/64 |S|=20 tri_free=True greedyα=25
    walk 37/64 |S|=24 tri_free=True greedyα=20
    walk 38/64 |S|=24 tri_free=True greedyα=20
    walk 39/64 |S|=24 tri_free=True greedyα=18
    walk 40/64 |S|=22 tri_free=True greedyα=18
    walk 41/64 |S|=26 tri_free=True greedyα=31
    walk 42/64 |S|=22 tri_free=True greedyα=22
    walk 43/64 |S|=24 tri_free=True greedyα=27
    walk 44/64 |S|=23 tri_free=True greedyα=20
    walk 45/64 |S|=26 tri_free=True greedyα=17
    walk 46/64 |S|=26 tri_free=True greedyα=17
    walk 47/64 |S|=26 tri_free=True greedyα=21
    walk 48/64 |S|=23 tri_free=True greedyα=16
    walk 49/64 |S|=21 tri_free=True greedyα=19
    walk 50/64 |S|=26 tri_free=True greedyα=22
    walk 51/64 |S|=25 tri_free=True greedyα=21
    walk 52/64 |S|=25 tri_free=True greedyα=21
    walk 53/64 |S|=23 tri_free=True greedyα=22
    walk 54/64 |S|=23 tri_free=True greedyα=22
    walk 55/64 |S|=21 tri_free=True greedyα=18
    walk 56/64 |S|=25 tri_free=True greedyα=28
    walk 57/64 |S|=23 tri_free=True greedyα=26
    walk 58/64 |S|=24 tri_free=True greedyα=25
    walk 59/64 |S|=21 tri_free=True greedyα=19
    walk 60/64 |S|=23 tri_free=True greedyα=22
    walk 61/64 |S|=25 tri_free=True greedyα=25
    walk 62/64 |S|=23 tri_free=True greedyα=22
    walk 63/64 |S|=25 tri_free=True greedyα=23
    walk 64/64 |S|=23 tri_free=True greedyα=17
      MIS |S|=23 greedyα=16 residual IS ≥ 19 (α(G)≥20) {'found': True, 'lower': 19, 'exact': True, 'nodes': 21, 'seconds': 0.00044277310371398926, 'timed_out': False, 'backend': 'c-decide'}
      MIS |S|=23 greedyα=16 residual IS ≥ 19 (α(G)≥20) {'found': True, 'lower': 19, 'exact': True, 'nodes': 58, 'seconds': 0.0002965368330478668, 'timed_out': False, 'backend': 'c-decide'}
      MIS |S|=21 greedyα=16 residual IS ≥ 19 (α(G)≥20) {'found': True, 'lower': 19, 'exact': True, 'nodes': 51, 'seconds': 0.00039234384894371033, 'timed_out': False, 'backend': 'c-decide'}
      MIS |S|=26 greedyα=17 residual IS ≥ 19 (α(G)≥20) {'found': True, 'lower': 19, 'exact': True, 'nodes': 53, 'seconds': 0.00034327059984207153, 'timed_out': False, 'backend': 'c-decide'}
      MIS |S|=26 greedyα=17 residual IS ≥ 19 (α(G)≥20) {'found': True, 'lower': 19, 'exact': True, 'nodes': 56, 'seconds': 0.0003402233123779297, 'timed_out': False, 'backend': 'c-decide'}
      MIS |S|=25 greedyα=17 residual IS ≥ 19 (α(G)≥20) {'found': True, 'lower': 19, 'exact': True, 'nodes': 38, 'seconds': 0.0003144592046737671, 'timed_out': False, 'backend': 'c-decide'}
      MIS |S|=23 greedyα=17 residual IS ≥ 19 (α(G)≥20) {'found': True, 'lower': 19, 'exact': True, 'nodes': 53, 'seconds': 0.0002908781170845032, 'timed_out': False, 'backend': 'c-decide'}
      MIS |S|=25 greedyα=18 residual IS ≥ 19 (α(G)≥20) {'found': True, 'lower': 19, 'exact': True, 'nodes': 51, 'seconds': 0.0003245696425437927, 'timed_out': False, 'backend': 'c-decide'}
  [5c] p=211 e=5 D0∪D3 pool=42 t=20
    walk 1/64 |S|=26 tri_free=True greedyα=23
    walk 2/64 |S|=24 tri_free=True greedyα=18
    walk 3/64 |S|=22 tri_free=True greedyα=26
    walk 4/64 |S|=23 tri_free=True greedyα=19
    walk 5/64 |S|=21 tri_free=True greedyα=21
    walk 6/64 |S|=22 tri_free=True greedyα=21
    walk 7/64 |S|=23 tri_free=True greedyα=19
    walk 8/64 |S|=23 tri_free=True greedyα=23
    walk 9/64 |S|=25 tri_free=True greedyα=19
    walk 10/64 |S|=25 tri_free=True greedyα=23
    walk 11/64 |S|=23 tri_free=True greedyα=20
    walk 12/64 |S|=21 tri_free=True greedyα=16
    walk 13/64 |S|=26 tri_free=True greedyα=21
    walk 14/64 |S|=26 tri_free=True greedyα=29
    walk 15/64 |S|=26 tri_free=True greedyα=23
    walk 16/64 |S|=22 tri_free=True greedyα=18
    walk 17/64 |S|=23 tri_free=True greedyα=17
    walk 18/64 |S|=25 tri_free=True greedyα=26
    walk 19/64 |S|=23 tri_free=True greedyα=18
    walk 20/64 |S|=24 tri_free=True greedyα=24
    walk 21/64 |S|=23 tri_free=True greedyα=18
    walk 22/64 |S|=23 tri_free=True greedyα=23
    walk 23/64 |S|=26 tri_free=True greedyα=21
    walk 24/64 |S|=24 tri_free=True greedyα=19
    walk 25/64 |S|=24 tri_free=True greedyα=21
    walk 26/64 |S|=24 tri_free=True greedyα=28
    walk 27/64 |S|=24 tri_free=True greedyα=18
    walk 28/64 |S|=22 tri_free=True greedyα=26
    walk 29/64 |S|=24 tri_free=True greedyα=18
    walk 30/64 |S|=24 tri_free=True greedyα=24
    walk 31/64 |S|=20 tri_free=True greedyα=26
    walk 32/64 |S|=25 tri_free=True greedyα=28
    walk 33/64 |S|=26 tri_free=True greedyα=21
    walk 34/64 |S|=24 tri_free=True greedyα=22
    walk 35/64 |S|=26 tri_free=True greedyα=26
    walk 36/64 |S|=25 tri_free=True greedyα=21
    walk 37/64 |S|=24 tri_free=True greedyα=17
    walk 38/64 |S|=23 tri_free=True greedyα=19
    walk 39/64 |S|=23 tri_free=True greedyα=18
    walk 40/64 |S|=24 tri_free=True greedyα=20
    walk 41/64 |S|=25 tri_free=True greedyα=23
    walk 42/64 |S|=24 tri_free=True greedyα=20
    walk 43/64 |S|=22 tri_free=True greedyα=34
    walk 44/64 |S|=22 tri_free=True greedyα=24
    walk 45/64 |S|=25 tri_free=True greedyα=25
    walk 46/64 |S|=25 tri_free=True greedyα=19
    walk 47/64 |S|=20 tri_free=True greedyα=25
    walk 48/64 |S|=25 tri_free=True greedyα=20
    walk 49/64 |S|=24 tri_free=True greedyα=23
    walk 50/64 |S|=25 tri_free=True greedyα=28
    walk 51/64 |S|=22 tri_free=True greedyα=24
    walk 52/64 |S|=23 tri_free=True greedyα=19
    walk 53/64 |S|=22 tri_free=True greedyα=19
    walk 54/64 |S|=25 tri_free=True greedyα=20
    walk 55/64 |S|=25 tri_free=True greedyα=17
    walk 56/64 |S|=23 tri_free=True greedyα=22
    walk 57/64 |S|=25 tri_free=True greedyα=21
    walk 58/64 |S|=24 tri_free=True greedyα=24
    walk 59/64 |S|=21 tri_free=True greedyα=18
    walk 60/64 |S|=22 tri_free=True greedyα=19
    walk 61/64 |S|=25 tri_free=True greedyα=21
    walk 62/64 |S|=23 tri_free=True greedyα=21
    walk 63/64 |S|=24 tri_free=True greedyα=19
    walk 64/64 |S|=24 tri_free=True greedyα=19
      MIS |S|=21 greedyα=16 residual IS ≥ 19 (α(G)≥20) {'found': True, 'lower': 19, 'exact': True, 'nodes': 22, 'seconds': 0.0005299188196659088, 'timed_out': False, 'backend': 'c-decide'}
      MIS |S|=25 greedyα=17 residual IS ≥ 19 (α(G)≥20) {'found': True, 'lower': 19, 'exact': True, 'nodes': 30, 'seconds': 0.00038927048444747925, 'timed_out': False, 'backend': 'c-decide'}
      MIS |S|=24 greedyα=17 residual IS ≥ 19 (α(G)≥20) {'found': True, 'lower': 19, 'exact': True, 'nodes': 55, 'seconds': 0.00033939629793167114, 'timed_out': False, 'backend': 'c-decide'}
      MIS |S|=23 greedyα=17 residual IS ≥ 19 (α(G)≥20) {'found': True, 'lower': 19, 'exact': True, 'nodes': 41, 'seconds': 0.00033120065927505493, 'timed_out': False, 'backend': 'c-decide'}
      MIS |S|=24 greedyα=18 residual IS ≥ 19 (α(G)≥20) {'found': True, 'lower': 19, 'exact': True, 'nodes': 41, 'seconds': 0.0002883635461330414, 'timed_out': False, 'backend': 'c-decide'}
      MIS |S|=24 greedyα=18 residual IS ≥ 19 (α(G)≥20) {'found': True, 'lower': 19, 'exact': True, 'nodes': 62, 'seconds': 0.00029971078038215637, 'timed_out': False, 'backend': 'c-decide'}
      MIS |S|=24 greedyα=18 residual IS ≥ 19 (α(G)≥20) {'found': True, 'lower': 19, 'exact': True, 'nodes': 43, 'seconds': 0.0002676136791706085, 'timed_out': False, 'backend': 'c-decide'}
      MIS |S|=23 greedyα=18 residual IS ≥ 19 (α(G)≥20) {'found': True, 'lower': 19, 'exact': True, 'nodes': 46, 'seconds': 0.0003164224326610565, 'timed_out': False, 'backend': 'c-decide'}
  [5c] p=211 e=5 D0∪D4 pool=42 t=20
    walk 1/64 |S|=22 tri_free=True greedyα=18
    walk 2/64 |S|=25 tri_free=True greedyα=41
    walk 3/64 |S|=18 tri_free=True greedyα=19
    walk 4/64 |S|=23 tri_free=True greedyα=21
    walk 5/64 |S|=21 tri_free=True greedyα=24
    walk 6/64 |S|=24 tri_free=True greedyα=30
    walk 7/64 |S|=21 tri_free=True greedyα=20
    walk 8/64 |S|=22 tri_free=True greedyα=23
    walk 9/64 |S|=23 tri_free=True greedyα=19
    walk 10/64 |S|=21 tri_free=True greedyα=19
    walk 11/64 |S|=23 tri_free=True greedyα=23
    walk 12/64 |S|=19 tri_free=True greedyα=20
    walk 13/64 |S|=22 tri_free=True greedyα=23
    walk 14/64 |S|=23 tri_free=True greedyα=17
    walk 15/64 |S|=20 tri_free=True greedyα=22
    walk 16/64 |S|=23 tri_free=True greedyα=24
    walk 17/64 |S|=21 tri_free=True greedyα=23
    walk 18/64 |S|=23 tri_free=True greedyα=25
    walk 19/64 |S|=22 tri_free=True greedyα=18
    walk 20/64 |S|=22 tri_free=True greedyα=18
    walk 21/64 |S|=25 tri_free=True greedyα=24
    walk 22/64 |S|=23 tri_free=True greedyα=28
    walk 23/64 |S|=19 tri_free=True greedyα=23
    walk 24/64 |S|=22 tri_free=True greedyα=22
    walk 25/64 |S|=24 tri_free=True greedyα=25
    walk 26/64 |S|=22 tri_free=True greedyα=21
    walk 27/64 |S|=23 tri_free=True greedyα=25
    walk 28/64 |S|=25 tri_free=True greedyα=19
    walk 29/64 |S|=23 tri_free=True greedyα=35
    walk 30/64 |S|=20 tri_free=True greedyα=23
    walk 31/64 |S|=20 tri_free=True greedyα=21
    walk 32/64 |S|=20 tri_free=True greedyα=18
    walk 33/64 |S|=21 tri_free=True greedyα=19
    walk 34/64 |S|=25 tri_free=True greedyα=28
    walk 35/64 |S|=20 tri_free=True greedyα=22
    walk 36/64 |S|=23 tri_free=True greedyα=26
    walk 37/64 |S|=24 tri_free=True greedyα=39
    walk 38/64 |S|=22 tri_free=True greedyα=22
    walk 39/64 |S|=20 tri_free=True greedyα=17
    walk 40/64 |S|=21 tri_free=True greedyα=24
    walk 41/64 |S|=20 tri_free=True greedyα=18
    walk 42/64 |S|=21 tri_free=True greedyα=17
    walk 43/64 |S|=19 tri_free=True greedyα=25
    walk 44/64 |S|=22 tri_free=True greedyα=19
    walk 45/64 |S|=21 tri_free=True greedyα=27
    walk 46/64 |S|=20 tri_free=True greedyα=18
    walk 47/64 |S|=24 tri_free=True greedyα=25
    walk 48/64 |S|=21 tri_free=True greedyα=23
    walk 49/64 |S|=24 tri_free=True greedyα=28
    walk 50/64 |S|=23 tri_free=True greedyα=23
    walk 51/64 |S|=22 tri_free=True greedyα=18
    walk 52/64 |S|=22 tri_free=True greedyα=23
    walk 53/64 |S|=24 tri_free=True greedyα=38
    walk 54/64 |S|=22 tri_free=True greedyα=17
    walk 55/64 |S|=23 tri_free=True greedyα=27
    walk 56/64 |S|=21 tri_free=True greedyα=25
    walk 57/64 |S|=23 tri_free=True greedyα=25
    walk 58/64 |S|=21 tri_free=True greedyα=23
    walk 59/64 |S|=21 tri_free=True greedyα=19
    walk 60/64 |S|=22 tri_free=True greedyα=26
    walk 61/64 |S|=21 tri_free=True greedyα=25
    walk 62/64 |S|=25 tri_free=True greedyα=28
    walk 63/64 |S|=20 tri_free=True greedyα=22
    walk 64/64 |S|=21 tri_free=True greedyα=18
      MIS |S|=23 greedyα=17 residual IS ≥ 19 (α(G)≥20) {'found': True, 'lower': 19, 'exact': True, 'nodes': 18, 'seconds': 0.0003948882222175598, 'timed_out': False, 'backend': 'c-decide'}
      MIS |S|=22 greedyα=17 residual IS ≥ 19 (α(G)≥20) {'found': True, 'lower': 19, 'exact': True, 'nodes': 43, 'seconds': 0.00028491392731666565, 'timed_out': False, 'backend': 'c-decide'}
      MIS |S|=21 greedyα=17 residual IS ≥ 19 (α(G)≥20) {'found': True, 'lower': 19, 'exact': True, 'nodes': 58, 'seconds': 0.00029229000210762024, 'timed_out': False, 'backend': 'c-decide'}
      MIS |S|=20 greedyα=17 residual IS ≥ 19 (α(G)≥20) {'found': True, 'lower': 19, 'exact': True, 'nodes': 53, 'seconds': 0.0003205835819244385, 'timed_out': False, 'backend': 'c-decide'}
      MIS |S|=22 greedyα=18 residual IS ≥ 19 (α(G)≥20) {'found': True, 'lower': 19, 'exact': True, 'nodes': 42, 'seconds': 0.00036254897713661194, 'timed_out': False, 'backend': 'c-decide'}
      MIS |S|=22 greedyα=18 residual IS ≥ 19 (α(G)≥20) {'found': True, 'lower': 19, 'exact': True, 'nodes': 44, 'seconds': 0.000310651957988739, 'timed_out': False, 'backend': 'c-decide'}
      MIS |S|=22 greedyα=18 residual IS ≥ 19 (α(G)≥20) {'found': True, 'lower': 19, 'exact': True, 'nodes': 31, 'seconds': 0.00028327852487564087, 'timed_out': False, 'backend': 'c-decide'}
      MIS |S|=22 greedyα=18 residual IS ≥ 19 (α(G)≥20) {'found': True, 'lower': 19, 'exact': True, 'nodes': 53, 'seconds': 0.0002885386347770691, 'timed_out': False, 'backend': 'c-decide'}
  [5c] p=211 e=5 D1∪D2 pool=42 t=20
    walk 1/64 |S|=24 tri_free=True greedyα=39
    walk 2/64 |S|=23 tri_free=True greedyα=23
    walk 3/64 |S|=21 tri_free=True greedyα=21
    walk 4/64 |S|=19 tri_free=True greedyα=22
    walk 5/64 |S|=24 tri_free=True greedyα=35
    walk 6/64 |S|=23 tri_free=True greedyα=31
    walk 7/64 |S|=22 tri_free=True greedyα=24
    walk 8/64 |S|=22 tri_free=True greedyα=24
    walk 9/64 |S|=24 tri_free=True greedyα=30
    walk 10/64 |S|=21 tri_free=True greedyα=24
    walk 11/64 |S|=21 tri_free=True greedyα=22
    walk 12/64 |S|=20 tri_free=True greedyα=19
    walk 13/64 |S|=23 tri_free=True greedyα=19
    walk 14/64 |S|=21 tri_free=True greedyα=26
    walk 15/64 |S|=23 tri_free=True greedyα=21
    walk 16/64 |S|=20 tri_free=True greedyα=23
    walk 17/64 |S|=22 tri_free=True greedyα=23
    walk 18/64 |S|=24 tri_free=True greedyα=24
    walk 19/64 |S|=22 tri_free=True greedyα=25
    walk 20/64 |S|=20 tri_free=True greedyα=23
    walk 21/64 |S|=22 tri_free=True greedyα=15
    walk 22/64 |S|=22 tri_free=True greedyα=21
    walk 23/64 |S|=20 tri_free=True greedyα=23
    walk 24/64 |S|=20 tri_free=True greedyα=24
    walk 25/64 |S|=22 tri_free=True greedyα=35
    walk 26/64 |S|=24 tri_free=True greedyα=21
    walk 27/64 |S|=24 orbit-dup skip
    walk 28/64 |S|=20 tri_free=True greedyα=22
    walk 29/64 |S|=21 tri_free=True greedyα=21
    walk 30/64 |S|=22 tri_free=True greedyα=18
    walk 31/64 |S|=22 tri_free=True greedyα=32
    walk 32/64 |S|=24 tri_free=True greedyα=23
    walk 33/64 |S|=22 tri_free=True greedyα=21
    walk 34/64 |S|=21 tri_free=True greedyα=20
    walk 35/64 |S|=20 tri_free=True greedyα=28
    walk 36/64 |S|=23 tri_free=True greedyα=25
    walk 37/64 |S|=22 tri_free=True greedyα=34
    walk 38/64 |S|=21 tri_free=True greedyα=21
    walk 39/64 |S|=21 tri_free=True greedyα=27
    walk 40/64 |S|=21 tri_free=True greedyα=22
    walk 41/64 |S|=21 tri_free=True greedyα=22
    walk 42/64 |S|=22 tri_free=True greedyα=18
    walk 43/64 |S|=22 tri_free=True greedyα=20
    walk 44/64 |S|=21 tri_free=True greedyα=31
    walk 45/64 |S|=21 tri_free=True greedyα=23
    walk 46/64 |S|=22 tri_free=True greedyα=23
    walk 47/64 |S|=21 tri_free=True greedyα=19
    walk 48/64 |S|=23 tri_free=True greedyα=28
    walk 49/64 |S|=23 tri_free=True greedyα=27
    walk 50/64 |S|=22 tri_free=True greedyα=20
    walk 51/64 |S|=23 tri_free=True greedyα=30
    walk 52/64 |S|=19 tri_free=True greedyα=25
    walk 53/64 |S|=25 tri_free=True greedyα=28
    walk 54/64 |S|=22 tri_free=True greedyα=25
    walk 55/64 |S|=22 tri_free=True greedyα=23
    walk 56/64 |S|=21 tri_free=True greedyα=19
    walk 57/64 |S|=21 tri_free=True greedyα=18
    walk 58/64 |S|=21 tri_free=True greedyα=26
    walk 59/64 |S|=24 tri_free=True greedyα=33
    walk 60/64 |S|=18 tri_free=True greedyα=22
    walk 61/64 |S|=20 tri_free=True greedyα=27
    walk 62/64 |S|=20 tri_free=True greedyα=22
    walk 63/64 |S|=21 tri_free=True greedyα=22
    walk 64/64 |S|=21 tri_free=True greedyα=22
      MIS |S|=22 greedyα=15 residual IS ≥ 19 (α(G)≥20) {'found': True, 'lower': 19, 'exact': True, 'nodes': 18, 'seconds': 0.00044240057468414307, 'timed_out': False, 'backend': 'c-decide'}
      MIS |S|=22 greedyα=18 residual IS ≥ 19 (α(G)≥20) {'found': True, 'lower': 19, 'exact': True, 'nodes': 32, 'seconds': 0.00029795244336128235, 'timed_out': False, 'backend': 'c-decide'}
      MIS |S|=22 greedyα=18 residual IS ≥ 19 (α(G)≥20) {'found': True, 'lower': 19, 'exact': True, 'nodes': 49, 'seconds': 0.00030833855271339417, 'timed_out': False, 'backend': 'c-decide'}
      MIS |S|=21 greedyα=18 residual IS ≥ 19 (α(G)≥20) {'found': True, 'lower': 19, 'exact': True, 'nodes': 53, 'seconds': 0.0003023780882358551, 'timed_out': False, 'backend': 'c-decide'}
      MIS |S|=23 greedyα=19 residual IS ≥ 19 (α(G)≥20) {'found': True, 'lower': 19, 'exact': True, 'nodes': 59, 'seconds': 0.0003036707639694214, 'timed_out': False, 'backend': 'c-decide'}
      MIS |S|=21 greedyα=19 residual IS ≥ 19 (α(G)≥20) {'found': True, 'lower': 19, 'exact': True, 'nodes': 45, 'seconds': 0.00029525160789489746, 'timed_out': False, 'backend': 'c-decide'}
      MIS |S|=21 greedyα=19 residual IS ≥ 19 (α(G)≥20) {'found': True, 'lower': 19, 'exact': True, 'nodes': 51, 'seconds': 0.0002916604280471802, 'timed_out': False, 'backend': 'c-decide'}
      MIS |S|=20 greedyα=19 residual IS ≥ 19 (α(G)≥20) {'found': True, 'lower': 19, 'exact': True, 'nodes': 52, 'seconds': 0.00039857998490333557, 'timed_out': False, 'backend': 'c-decide'}
  [5c] p=211 e=5 D1∪D3 pool=42 t=20
    walk 1/64 |S|=24 tri_free=True greedyα=22
    walk 2/64 |S|=23 tri_free=True greedyα=21
    walk 3/64 |S|=24 tri_free=True greedyα=24
    walk 4/64 |S|=22 tri_free=True greedyα=28
    walk 5/64 |S|=23 tri_free=True greedyα=22
    walk 6/64 |S|=23 tri_free=True greedyα=19
    walk 7/64 |S|=25 tri_free=True greedyα=24
    walk 8/64 |S|=24 tri_free=True greedyα=20
    walk 9/64 |S|=22 tri_free=True greedyα=23
    walk 10/64 |S|=25 tri_free=True greedyα=26
    walk 11/64 |S|=20 tri_free=True greedyα=31
    walk 12/64 |S|=23 tri_free=True greedyα=20
    walk 13/64 |S|=24 tri_free=True greedyα=22
    walk 14/64 |S|=23 tri_free=True greedyα=18
    walk 15/64 |S|=23 tri_free=True greedyα=24
    walk 16/64 |S|=23 tri_free=True greedyα=19
    walk 17/64 |S|=23 tri_free=True greedyα=21
    walk 18/64 |S|=23 tri_free=True greedyα=19
    walk 19/64 |S|=26 tri_free=True greedyα=24
    walk 20/64 |S|=23 tri_free=True greedyα=18
    walk 21/64 |S|=24 tri_free=True greedyα=24
    walk 22/64 |S|=25 tri_free=True greedyα=19
    walk 23/64 |S|=24 tri_free=True greedyα=30
    walk 24/64 |S|=25 tri_free=True greedyα=24
    walk 25/64 |S|=23 tri_free=True greedyα=21
    walk 26/64 |S|=23 tri_free=True greedyα=19
    walk 27/64 |S|=23 tri_free=True greedyα=20
    walk 28/64 |S|=24 tri_free=True greedyα=31
    walk 29/64 |S|=21 tri_free=True greedyα=28
    walk 30/64 |S|=20 tri_free=True greedyα=25
    walk 31/64 |S|=23 tri_free=True greedyα=19
    walk 32/64 |S|=23 tri_free=True greedyα=19
    walk 33/64 |S|=23 tri_free=True greedyα=22
    walk 34/64 |S|=23 tri_free=True greedyα=19
    walk 35/64 |S|=25 tri_free=True greedyα=20
    walk 36/64 |S|=23 tri_free=True greedyα=28
    walk 37/64 |S|=22 tri_free=True greedyα=20
    walk 38/64 |S|=23 tri_free=True greedyα=26
    walk 39/64 |S|=23 tri_free=True greedyα=26
    walk 40/64 |S|=21 tri_free=True greedyα=19
    walk 41/64 |S|=23 tri_free=True greedyα=26
    walk 42/64 |S|=22 tri_free=True greedyα=24
    walk 43/64 |S|=21 tri_free=True greedyα=24
    walk 44/64 |S|=25 tri_free=True greedyα=21
    walk 45/64 |S|=21 tri_free=True greedyα=26
    walk 46/64 |S|=24 tri_free=True greedyα=25
    walk 47/64 |S|=25 tri_free=True greedyα=22
    walk 48/64 |S|=23 tri_free=True greedyα=20
    walk 49/64 |S|=23 tri_free=True greedyα=21
    walk 50/64 |S|=24 tri_free=True greedyα=19
    walk 51/64 |S|=24 tri_free=True greedyα=18
    walk 52/64 |S|=23 tri_free=True greedyα=22
    walk 53/64 |S|=19 tri_free=True greedyα=23
    walk 54/64 |S|=23 tri_free=True greedyα=21
    walk 55/64 |S|=22 tri_free=True greedyα=19
    walk 56/64 |S|=24 tri_free=True greedyα=28
    walk 57/64 |S|=26 tri_free=True greedyα=21
    walk 58/64 |S|=25 tri_free=True greedyα=18
    walk 59/64 |S|=23 tri_free=True greedyα=23
    walk 60/64 |S|=23 tri_free=True greedyα=18
    walk 61/64 |S|=21 tri_free=True greedyα=20
    walk 62/64 |S|=22 tri_free=True greedyα=24
    walk 63/64 |S|=24 tri_free=True greedyα=27
    walk 64/64 |S|=23 tri_free=True greedyα=27
      MIS |S|=25 greedyα=18 residual IS ≥ 19 (α(G)≥20) {'found': True, 'lower': 19, 'exact': True, 'nodes': 18, 'seconds': 0.0004567354917526245, 'timed_out': False, 'backend': 'c-decide'}
      MIS |S|=24 greedyα=18 residual IS ≥ 19 (α(G)≥20) {'found': True, 'lower': 19, 'exact': True, 'nodes': 33, 'seconds': 0.0005186833441257477, 'timed_out': False, 'backend': 'c-decide'}
      MIS |S|=23 greedyα=18 residual IS ≥ 19 (α(G)≥20) {'found': True, 'lower': 19, 'exact': True, 'nodes': 56, 'seconds': 0.0003470294177532196, 'timed_out': False, 'backend': 'c-decide'}
      MIS |S|=23 greedyα=18 residual IS ≥ 19 (α(G)≥20) {'found': True, 'lower': 19, 'exact': True, 'nodes': 57, 'seconds': 0.0003311336040496826, 'timed_out': False, 'backend': 'c-decide'}
      MIS |S|=23 greedyα=18 residual IS ≥ 19 (α(G)≥20) {'found': True, 'lower': 19, 'exact': True, 'nodes': 46, 'seconds': 0.0002903938293457031, 'timed_out': False, 'backend': 'c-decide'}
      MIS |S|=25 greedyα=19 residual IS ≥ 19 (α(G)≥20) {'found': True, 'lower': 19, 'exact': True, 'nodes': 51, 'seconds': 0.00028746575117111206, 'timed_out': False, 'backend': 'c-decide'}
      MIS |S|=24 greedyα=19 residual IS ≥ 19 (α(G)≥20) {'found': True, 'lower': 19, 'exact': True, 'nodes': 52, 'seconds': 0.00029323622584342957, 'timed_out': False, 'backend': 'c-decide'}
      MIS |S|=23 greedyα=19 residual IS ≥ 19 (α(G)≥20) {'found': True, 'lower': 19, 'exact': True, 'nodes': 35, 'seconds': 0.00027609243988990784, 'timed_out': False, 'backend': 'c-decide'}
  [5c] p=211 e=5 D1∪D4 pool=42 t=20
    walk 1/64 |S|=24 tri_free=True greedyα=30
    walk 2/64 |S|=22 tri_free=True greedyα=20
    walk 3/64 |S|=23 tri_free=True greedyα=17
    walk 4/64 |S|=23 tri_free=True greedyα=25
    walk 5/64 |S|=24 tri_free=True greedyα=25
    walk 6/64 |S|=23 tri_free=True greedyα=16
    walk 7/64 |S|=22 tri_free=True greedyα=20
    walk 8/64 |S|=25 tri_free=True greedyα=26
    walk 9/64 |S|=26 tri_free=True greedyα=26
    walk 10/64 |S|=24 tri_free=True greedyα=30
    walk 11/64 |S|=23 tri_free=True greedyα=21
    walk 12/64 |S|=22 tri_free=True greedyα=19
    walk 13/64 |S|=24 tri_free=True greedyα=16
    walk 14/64 |S|=26 tri_free=True greedyα=24
    walk 15/64 |S|=21 tri_free=True greedyα=20
    walk 16/64 |S|=21 tri_free=True greedyα=18
    walk 17/64 |S|=21 tri_free=True greedyα=13
    walk 18/64 |S|=23 tri_free=True greedyα=29
    walk 19/64 |S|=21 tri_free=True greedyα=19
    walk 20/64 |S|=22 tri_free=True greedyα=18
    walk 21/64 |S|=22 tri_free=True greedyα=23
    walk 22/64 |S|=25 tri_free=True greedyα=23
    walk 23/64 |S|=23 tri_free=True greedyα=22
    walk 24/64 |S|=24 tri_free=True greedyα=21
    walk 25/64 |S|=26 tri_free=True greedyα=18
    walk 26/64 |S|=22 tri_free=True greedyα=23
    walk 27/64 |S|=24 tri_free=True greedyα=23
    walk 28/64 |S|=21 tri_free=True greedyα=20
    walk 29/64 |S|=23 tri_free=True greedyα=20
    walk 30/64 |S|=25 tri_free=True greedyα=35
    walk 31/64 |S|=24 tri_free=True greedyα=26
    walk 32/64 |S|=21 tri_free=True greedyα=19
    walk 33/64 |S|=23 tri_free=True greedyα=23
    walk 34/64 |S|=23 tri_free=True greedyα=25
    walk 35/64 |S|=21 tri_free=True greedyα=22
    walk 36/64 |S|=25 tri_free=True greedyα=21
    walk 37/64 |S|=23 tri_free=True greedyα=19
    walk 38/64 |S|=24 tri_free=True greedyα=28
    walk 39/64 |S|=25 tri_free=True greedyα=28
    walk 40/64 |S|=24 tri_free=True greedyα=27
    walk 41/64 |S|=24 tri_free=True greedyα=21
    walk 42/64 |S|=23 tri_free=True greedyα=28
    walk 43/64 |S|=20 tri_free=True greedyα=18
    walk 44/64 |S|=25 tri_free=True greedyα=33
    walk 45/64 |S|=23 tri_free=True greedyα=17
    walk 46/64 |S|=24 tri_free=True greedyα=20
    walk 47/64 |S|=24 tri_free=True greedyα=18
    walk 48/64 |S|=25 tri_free=True greedyα=18
    walk 49/64 |S|=21 tri_free=True greedyα=19
    walk 50/64 |S|=23 tri_free=True greedyα=22
    walk 51/64 |S|=24 tri_free=True greedyα=27
    walk 52/64 |S|=24 tri_free=True greedyα=28
    walk 53/64 |S|=26 tri_free=True greedyα=31
    walk 54/64 |S|=23 tri_free=True greedyα=19
    walk 55/64 |S|=25 tri_free=True greedyα=31
    walk 56/64 |S|=24 tri_free=True greedyα=18
    walk 57/64 |S|=21 tri_free=True greedyα=19
    walk 58/64 |S|=24 tri_free=True greedyα=23
    walk 59/64 |S|=26 tri_free=True greedyα=23
    walk 60/64 |S|=21 tri_free=True greedyα=21
    walk 61/64 |S|=24 tri_free=True greedyα=18
    walk 62/64 |S|=22 tri_free=True greedyα=18
    walk 63/64 |S|=23 tri_free=True greedyα=22
    walk 64/64 |S|=27 tri_free=True greedyα=29
      MIS |S|=21 greedyα=13 residual IS ≥ 19 (α(G)≥20) {'found': True, 'lower': 19, 'exact': True, 'nodes': 19, 'seconds': 0.00041861459612846375, 'timed_out': False, 'backend': 'c-decide'}
      MIS |S|=24 greedyα=16 residual IS ≥ 19 (α(G)≥20) {'found': True, 'lower': 19, 'exact': True, 'nodes': 28, 'seconds': 0.0002778284251689911, 'timed_out': False, 'backend': 'c-decide'}
      MIS |S|=23 greedyα=16 residual IS ≥ 19 (α(G)≥20) {'found': True, 'lower': 19, 'exact': True, 'nodes': 48, 'seconds': 0.00028917938470840454, 'timed_out': False, 'backend': 'c-decide'}
      MIS |S|=23 greedyα=17 residual IS ≥ 19 (α(G)≥20) {'found': True, 'lower': 19, 'exact': True, 'nodes': 62, 'seconds': 0.00028827786445617676, 'timed_out': False, 'backend': 'c-decide'}
      MIS |S|=23 greedyα=17 residual IS ≥ 19 (α(G)≥20) {'found': True, 'lower': 19, 'exact': True, 'nodes': 50, 'seconds': 0.0002934560179710388, 'timed_out': False, 'backend': 'c-decide'}
      MIS |S|=26 greedyα=18 residual IS ≥ 19 (α(G)≥20) {'found': True, 'lower': 19, 'exact': True, 'nodes': 30, 'seconds': 0.00026987120509147644, 'timed_out': False, 'backend': 'c-decide'}
      MIS |S|=25 greedyα=18 residual IS ≥ 19 (α(G)≥20) {'found': True, 'lower': 19, 'exact': True, 'nodes': 61, 'seconds': 0.00028342753648757935, 'timed_out': False, 'backend': 'c-decide'}
      MIS |S|=24 greedyα=18 residual IS ≥ 19 (α(G)≥20) {'found': True, 'lower': 19, 'exact': True, 'nodes': 55, 'seconds': 0.00035970285534858704, 'timed_out': False, 'backend': 'c-decide'}
  [5c] p=211 e=5 D2∪D3 pool=42 t=20
    walk 1/64 |S|=23 tri_free=True greedyα=30
    walk 2/64 |S|=23 tri_free=True greedyα=23
    walk 3/64 |S|=26 tri_free=True greedyα=35
    walk 4/64 |S|=22 tri_free=True greedyα=23
    walk 5/64 |S|=22 tri_free=True greedyα=29
    walk 6/64 |S|=20 tri_free=True greedyα=22
    walk 7/64 |S|=20 tri_free=True greedyα=26
    walk 8/64 |S|=25 tri_free=True greedyα=28
    walk 9/64 |S|=18 tri_free=True greedyα=26
    walk 10/64 |S|=23 tri_free=True greedyα=28
    walk 11/64 |S|=19 tri_free=True greedyα=18
    walk 12/64 |S|=20 tri_free=True greedyα=22
    walk 13/64 |S|=19 tri_free=True greedyα=25
    walk 14/64 |S|=21 tri_free=True greedyα=24
    walk 15/64 |S|=22 tri_free=True greedyα=33
    walk 16/64 |S|=21 tri_free=True greedyα=18
    walk 17/64 |S|=21 tri_free=True greedyα=21
    walk 18/64 |S|=19 tri_free=True greedyα=24
    walk 19/64 |S|=24 tri_free=True greedyα=45
    walk 20/64 |S|=22 tri_free=True greedyα=24
    walk 21/64 |S|=21 tri_free=True greedyα=25
    walk 22/64 |S|=22 tri_free=True greedyα=18
    walk 23/64 |S|=20 tri_free=True greedyα=22
    walk 24/64 |S|=21 tri_free=True greedyα=25
    walk 25/64 |S|=24 tri_free=True greedyα=32
    walk 26/64 |S|=21 tri_free=True greedyα=23
    walk 27/64 |S|=21 tri_free=True greedyα=29
    walk 28/64 |S|=22 tri_free=True greedyα=18
    walk 29/64 |S|=22 tri_free=True greedyα=24
    walk 30/64 |S|=22 tri_free=True greedyα=27
    walk 31/64 |S|=19 tri_free=True greedyα=18
    walk 32/64 |S|=21 tri_free=True greedyα=21
    walk 33/64 |S|=20 tri_free=True greedyα=22
    walk 34/64 |S|=21 tri_free=True greedyα=19
    walk 35/64 |S|=21 tri_free=True greedyα=23
    walk 36/64 |S|=21 tri_free=True greedyα=19
    walk 37/64 |S|=19 tri_free=True greedyα=21
    walk 38/64 |S|=20 tri_free=True greedyα=29
    walk 39/64 |S|=24 tri_free=True greedyα=24
    walk 40/64 |S|=24 tri_free=True greedyα=41
    walk 41/64 |S|=23 tri_free=True greedyα=19
    walk 42/64 |S|=24 tri_free=True greedyα=35
    walk 43/64 |S|=22 tri_free=True greedyα=27
    walk 44/64 |S|=22 tri_free=True greedyα=23
    walk 45/64 |S|=20 tri_free=True greedyα=20
    walk 46/64 |S|=22 tri_free=True greedyα=23
    walk 47/64 |S|=23 tri_free=True greedyα=18
    walk 48/64 |S|=21 tri_free=True greedyα=20
    walk 49/64 |S|=21 tri_free=True greedyα=24
    walk 50/64 |S|=21 tri_free=True greedyα=21
    walk 51/64 |S|=23 tri_free=True greedyα=19
    walk 52/64 |S|=20 tri_free=True greedyα=20
    walk 53/64 |S|=18 tri_free=True greedyα=22
    walk 54/64 |S|=23 tri_free=True greedyα=23
    walk 55/64 |S|=21 tri_free=True greedyα=21
    walk 56/64 |S|=22 tri_free=True greedyα=25
    walk 57/64 |S|=22 tri_free=True greedyα=33
    walk 58/64 |S|=25 tri_free=True greedyα=22
    walk 59/64 |S|=22 tri_free=True greedyα=20
    walk 60/64 |S|=20 tri_free=True greedyα=20
    walk 61/64 |S|=20 tri_free=True greedyα=17
    walk 62/64 |S|=23 tri_free=True greedyα=23
    walk 63/64 |S|=19 tri_free=True greedyα=25
    walk 64/64 |S|=23 tri_free=True greedyα=32
      MIS |S|=20 greedyα=17 residual IS ≥ 19 (α(G)≥20) {'found': True, 'lower': 19, 'exact': True, 'nodes': 20, 'seconds': 0.00044732168316841125, 'timed_out': False, 'backend': 'c-decide'}
      MIS |S|=23 greedyα=18 residual IS ≥ 19 (α(G)≥20) {'found': True, 'lower': 19, 'exact': True, 'nodes': 50, 'seconds': 0.00028787925839424133, 'timed_out': False, 'backend': 'c-decide'}
      MIS |S|=22 greedyα=18 residual IS ≥ 19 (α(G)≥20) {'found': True, 'lower': 19, 'exact': True, 'nodes': 51, 'seconds': 0.0003396570682525635, 'timed_out': False, 'backend': 'c-decide'}
      MIS |S|=22 greedyα=18 residual IS ≥ 19 (α(G)≥20) {'found': True, 'lower': 19, 'exact': True, 'nodes': 47, 'seconds': 0.00036451593041419983, 'timed_out': False, 'backend': 'c-decide'}
      MIS |S|=21 greedyα=18 residual IS ≥ 19 (α(G)≥20) {'found': True, 'lower': 19, 'exact': True, 'nodes': 33, 'seconds': 0.0002933107316493988, 'timed_out': False, 'backend': 'c-decide'}
      MIS |S|=19 greedyα=18 residual IS ≥ 19 (α(G)≥20) {'found': True, 'lower': 19, 'exact': True, 'nodes': 30, 'seconds': 0.000299014151096344, 'timed_out': False, 'backend': 'c-decide'}
      MIS |S|=19 greedyα=18 residual IS ≥ 19 (α(G)≥20) {'found': True, 'lower': 19, 'exact': True, 'nodes': 47, 'seconds': 0.00031446292996406555, 'timed_out': False, 'backend': 'c-decide'}
      MIS |S|=23 greedyα=19 residual IS ≥ 19 (α(G)≥20) {'found': True, 'lower': 19, 'exact': True, 'nodes': 57, 'seconds': 0.00037241727113723755, 'timed_out': False, 'backend': 'c-decide'}
  [5c] p=211 e=5 D2∪D4 pool=42 t=20
    walk 1/64 |S|=25 tri_free=True greedyα=24
    walk 2/64 |S|=24 tri_free=True greedyα=20
    walk 3/64 |S|=24 tri_free=True greedyα=23
    walk 4/64 |S|=24 tri_free=True greedyα=18
    walk 5/64 |S|=25 tri_free=True greedyα=29
    walk 6/64 |S|=24 tri_free=True greedyα=35
    walk 7/64 |S|=24 tri_free=True greedyα=19
    walk 8/64 |S|=23 tri_free=True greedyα=18
    walk 9/64 |S|=26 tri_free=True greedyα=29
    walk 10/64 |S|=23 tri_free=True greedyα=19
    walk 11/64 |S|=21 tri_free=True greedyα=21
    walk 12/64 |S|=23 tri_free=True greedyα=22
    walk 13/64 |S|=24 tri_free=True greedyα=29
    walk 14/64 |S|=23 tri_free=True greedyα=21
    walk 15/64 |S|=24 tri_free=True greedyα=23
    walk 16/64 |S|=23 tri_free=True greedyα=17
    walk 17/64 |S|=24 tri_free=True greedyα=30
    walk 18/64 |S|=24 tri_free=True greedyα=18
    walk 19/64 |S|=25 tri_free=True greedyα=24
    walk 20/64 |S|=22 tri_free=True greedyα=17
    walk 21/64 |S|=25 tri_free=True greedyα=24
    walk 22/64 |S|=24 tri_free=True greedyα=27
    walk 23/64 |S|=24 tri_free=True greedyα=19
    walk 24/64 |S|=25 tri_free=True greedyα=23
    walk 25/64 |S|=22 tri_free=True greedyα=22
    walk 26/64 |S|=22 tri_free=True greedyα=19
    walk 27/64 |S|=23 tri_free=True greedyα=19
    walk 28/64 |S|=24 tri_free=True greedyα=22
    walk 29/64 |S|=25 tri_free=True greedyα=20
    walk 30/64 |S|=22 tri_free=True greedyα=21
    walk 31/64 |S|=23 tri_free=True greedyα=17
    walk 32/64 |S|=22 tri_free=True greedyα=18
    walk 33/64 |S|=22 tri_free=True greedyα=23
    walk 34/64 |S|=22 tri_free=True greedyα=31
    walk 35/64 |S|=22 tri_free=True greedyα=24
    walk 36/64 |S|=23 tri_free=True greedyα=27
    walk 37/64 |S|=23 tri_free=True greedyα=18
    walk 38/64 |S|=25 tri_free=True greedyα=20
    walk 39/64 |S|=25 tri_free=True greedyα=31
    walk 40/64 |S|=24 tri_free=True greedyα=18
    walk 41/64 |S|=23 tri_free=True greedyα=19
    walk 42/64 |S|=24 tri_free=True greedyα=24
    walk 43/64 |S|=24 tri_free=True greedyα=19
    walk 44/64 |S|=24 tri_free=True greedyα=24
    walk 45/64 |S|=21 tri_free=True greedyα=22
    walk 46/64 |S|=22 tri_free=True greedyα=21
    walk 47/64 |S|=24 tri_free=True greedyα=21
    walk 48/64 |S|=25 tri_free=True greedyα=31
    walk 49/64 |S|=25 tri_free=True greedyα=23
    walk 50/64 |S|=24 tri_free=True greedyα=20
    walk 51/64 |S|=22 tri_free=True greedyα=20
    walk 52/64 |S|=26 tri_free=True greedyα=28
    walk 53/64 |S|=23 tri_free=True greedyα=26
    walk 54/64 |S|=23 tri_free=True greedyα=18
    walk 55/64 |S|=24 tri_free=True greedyα=19
    walk 56/64 |S|=24 tri_free=True greedyα=21
    walk 57/64 |S|=21 tri_free=True greedyα=19
    walk 58/64 |S|=24 tri_free=True greedyα=31
    walk 59/64 |S|=24 tri_free=True greedyα=32
    walk 60/64 |S|=25 tri_free=True greedyα=23
    walk 61/64 |S|=23 tri_free=True greedyα=20
    walk 62/64 |S|=24 tri_free=True greedyα=23
    walk 63/64 |S|=24 tri_free=True greedyα=23
    walk 64/64 |S|=25 tri_free=True greedyα=24
      MIS |S|=23 greedyα=17 residual IS ≥ 19 (α(G)≥20) {'found': True, 'lower': 19, 'exact': True, 'nodes': 18, 'seconds': 0.00040827691555023193, 'timed_out': False, 'backend': 'c-decide'}
      MIS |S|=23 greedyα=17 residual IS ≥ 19 (α(G)≥20) {'found': True, 'lower': 19, 'exact': True, 'nodes': 35, 'seconds': 0.00028436630964279175, 'timed_out': False, 'backend': 'c-decide'}
      MIS |S|=22 greedyα=17 residual IS ≥ 19 (α(G)≥20) {'found': True, 'lower': 19, 'exact': True, 'nodes': 45, 'seconds': 0.00029907748103141785, 'timed_out': False, 'backend': 'c-decide'}
      MIS |S|=24 greedyα=18 residual IS ≥ 19 (α(G)≥20) {'found': True, 'lower': 19, 'exact': True, 'nodes': 53, 'seconds': 0.00033637508749961853, 'timed_out': False, 'backend': 'c-decide'}
      MIS |S|=24 greedyα=18 residual IS ≥ 19 (α(G)≥20) {'found': True, 'lower': 19, 'exact': True, 'nodes': 40, 'seconds': 0.0002785921096801758, 'timed_out': False, 'backend': 'c-decide'}
      MIS |S|=24 greedyα=18 residual IS ≥ 19 (α(G)≥20) {'found': True, 'lower': 19, 'exact': True, 'nodes': 38, 'seconds': 0.0002737380564212799, 'timed_out': False, 'backend': 'c-decide'}
      MIS |S|=23 greedyα=18 residual IS ≥ 19 (α(G)≥20) {'found': True, 'lower': 19, 'exact': True, 'nodes': 43, 'seconds': 0.00038457661867141724, 'timed_out': False, 'backend': 'c-decide'}
      MIS |S|=23 greedyα=18 residual IS ≥ 19 (α(G)≥20) {'found': True, 'lower': 19, 'exact': True, 'nodes': 58, 'seconds': 0.0002891644835472107, 'timed_out': False, 'backend': 'c-decide'}
  [5c] p=211 e=5 D3∪D4 pool=42 t=20
    walk 1/64 |S|=19 tri_free=True greedyα=25
    walk 2/64 |S|=20 tri_free=True greedyα=20
    walk 3/64 |S|=21 tri_free=True greedyα=21
    walk 4/64 |S|=23 tri_free=True greedyα=24
    walk 5/64 |S|=20 tri_free=True greedyα=20
    walk 6/64 |S|=21 tri_free=True greedyα=28
    walk 7/64 |S|=24 tri_free=True greedyα=21
    walk 8/64 |S|=20 tri_free=True greedyα=25
    walk 9/64 |S|=23 tri_free=True greedyα=28
    walk 10/64 |S|=22 tri_free=True greedyα=24
    walk 11/64 |S|=23 tri_free=True greedyα=24
    walk 12/64 |S|=21 tri_free=True greedyα=25
    walk 13/64 |S|=22 tri_free=True greedyα=19
    walk 14/64 |S|=23 tri_free=True greedyα=24
    walk 15/64 |S|=23 tri_free=True greedyα=21
    walk 16/64 |S|=20 tri_free=True greedyα=18
    walk 17/64 |S|=19 tri_free=True greedyα=18
    walk 18/64 |S|=22 tri_free=True greedyα=23
    walk 19/64 |S|=20 tri_free=True greedyα=32
    walk 20/64 |S|=22 tri_free=True greedyα=22
    walk 21/64 |S|=24 tri_free=True greedyα=27
    walk 22/64 |S|=22 tri_free=True greedyα=25
    walk 23/64 |S|=22 tri_free=True greedyα=27
    walk 24/64 |S|=22 tri_free=True greedyα=20
    walk 25/64 |S|=22 tri_free=True greedyα=22
    walk 26/64 |S|=22 tri_free=True greedyα=19
    walk 27/64 |S|=21 tri_free=True greedyα=21
    walk 28/64 |S|=21 tri_free=True greedyα=19
    walk 29/64 |S|=22 tri_free=True greedyα=17
    walk 30/64 |S|=21 tri_free=True greedyα=28
    walk 31/64 |S|=23 tri_free=True greedyα=29
    walk 32/64 |S|=21 tri_free=True greedyα=26
    walk 33/64 |S|=22 tri_free=True greedyα=23
    walk 34/64 |S|=22 tri_free=True greedyα=28
    walk 35/64 |S|=24 tri_free=True greedyα=34
    walk 36/64 |S|=21 tri_free=True greedyα=22
    walk 37/64 |S|=22 tri_free=True greedyα=23
    walk 38/64 |S|=19 tri_free=True greedyα=19
    walk 39/64 |S|=22 tri_free=True greedyα=26
    walk 40/64 |S|=24 tri_free=True greedyα=22
    walk 41/64 |S|=21 tri_free=True greedyα=35
    walk 42/64 |S|=22 tri_free=True greedyα=19
    walk 43/64 |S|=20 tri_free=True greedyα=21
    walk 44/64 |S|=25 tri_free=True greedyα=27
    walk 45/64 |S|=20 tri_free=True greedyα=21
    walk 46/64 |S|=21 tri_free=True greedyα=23
    walk 47/64 |S|=24 tri_free=True greedyα=39
    walk 48/64 |S|=22 tri_free=True greedyα=24
    walk 49/64 |S|=20 tri_free=True greedyα=26
    walk 50/64 |S|=21 tri_free=True greedyα=22
    walk 51/64 |S|=22 tri_free=True greedyα=27
    walk 52/64 |S|=21 tri_free=True greedyα=22
    walk 53/64 |S|=21 tri_free=True greedyα=20
    walk 54/64 |S|=24 tri_free=True greedyα=23
    walk 55/64 |S|=23 tri_free=True greedyα=29
    walk 56/64 |S|=21 tri_free=True greedyα=27
    walk 57/64 |S|=23 tri_free=True greedyα=23
    walk 58/64 |S|=22 tri_free=True greedyα=18
    walk 59/64 |S|=22 tri_free=True greedyα=29
    walk 60/64 |S|=24 tri_free=True greedyα=21
    walk 61/64 |S|=25 orbit-dup skip
    walk 62/64 |S|=21 tri_free=True greedyα=20
    walk 63/64 |S|=23 tri_free=True greedyα=35
    walk 64/64 |S|=19 tri_free=True greedyα=18
      MIS |S|=22 greedyα=17 residual IS ≥ 19 (α(G)≥20) {'found': True, 'lower': 19, 'exact': True, 'nodes': 18, 'seconds': 0.0004262067377567291, 'timed_out': False, 'backend': 'c-decide'}
      MIS |S|=22 greedyα=18 residual IS ≥ 19 (α(G)≥20) {'found': True, 'lower': 19, 'exact': True, 'nodes': 40, 'seconds': 0.00028960779309272766, 'timed_out': False, 'backend': 'c-decide'}
      MIS |S|=20 greedyα=18 residual IS ≥ 19 (α(G)≥20) {'found': True, 'lower': 19, 'exact': True, 'nodes': 52, 'seconds': 0.0003456808626651764, 'timed_out': False, 'backend': 'c-decide'}
      MIS |S|=19 greedyα=18 residual IS ≥ 19 (α(G)≥20) {'found': True, 'lower': 19, 'exact': True, 'nodes': 58, 'seconds': 0.000342298299074173, 'timed_out': False, 'backend': 'c-decide'}
      MIS |S|=19 greedyα=18 residual IS ≥ 19 (α(G)≥20) {'found': True, 'lower': 19, 'exact': True, 'nodes': 29, 'seconds': 0.0002917088568210602, 'timed_out': False, 'backend': 'c-decide'}
      MIS |S|=22 greedyα=19 residual IS ≥ 19 (α(G)≥20) {'found': True, 'lower': 19, 'exact': True, 'nodes': 30, 'seconds': 0.0002799518406391144, 'timed_out': False, 'backend': 'c-decide'}
      MIS |S|=22 greedyα=19 residual IS ≥ 19 (α(G)≥20) {'found': True, 'lower': 19, 'exact': True, 'nodes': 50, 'seconds': 0.0003373362123966217, 'timed_out': False, 'backend': 'c-decide'}
      MIS |S|=22 greedyα=19 residual IS ≥ 19 (α(G)≥20) {'found': True, 'lower': 19, 'exact': True, 'nodes': 63, 'seconds': 0.0003608427941799164, 'timed_out': False, 'backend': 'c-decide'}
  [5c] p=233 e=4 D0∪D1 pool=58 t=20
    walk 1/64 |S|=24 tri_free=True greedyα=24
    walk 2/64 |S|=24 tri_free=True greedyα=24
    walk 3/64 |S|=27 tri_free=True greedyα=27
    walk 4/64 |S|=23 tri_free=True greedyα=26
    walk 5/64 |S|=27 tri_free=True greedyα=23
    walk 6/64 |S|=26 tri_free=True greedyα=18
    walk 7/64 |S|=24 tri_free=True greedyα=31
    walk 8/64 |S|=25 tri_free=True greedyα=19
    walk 9/64 |S|=27 tri_free=True greedyα=24
    walk 10/64 |S|=29 tri_free=True greedyα=42
    walk 11/64 |S|=24 tri_free=True greedyα=17
    walk 12/64 |S|=25 tri_free=True greedyα=28
    walk 13/64 |S|=27 tri_free=True greedyα=30
    walk 14/64 |S|=28 tri_free=True greedyα=23
    walk 15/64 |S|=26 tri_free=True greedyα=19
    walk 16/64 |S|=27 tri_free=True greedyα=21
    walk 17/64 |S|=24 tri_free=True greedyα=22
    walk 18/64 |S|=23 tri_free=True greedyα=22
    walk 19/64 |S|=23 tri_free=True greedyα=21
    walk 20/64 |S|=23 tri_free=True greedyα=22
    walk 21/64 |S|=24 tri_free=True greedyα=23
    walk 22/64 |S|=26 tri_free=True greedyα=28
    walk 23/64 |S|=27 tri_free=True greedyα=22
    walk 24/64 |S|=28 tri_free=True greedyα=33
    walk 25/64 |S|=27 tri_free=True greedyα=33
    walk 26/64 |S|=24 tri_free=True greedyα=24
    walk 27/64 |S|=26 tri_free=True greedyα=19
    walk 28/64 |S|=27 tri_free=True greedyα=21
    walk 29/64 |S|=25 tri_free=True greedyα=20
    walk 30/64 |S|=26 tri_free=True greedyα=28
    walk 31/64 |S|=25 tri_free=True greedyα=22
    walk 32/64 |S|=27 tri_free=True greedyα=28
    walk 33/64 |S|=24 tri_free=True greedyα=16
    walk 34/64 |S|=27 tri_free=True greedyα=27
    walk 35/64 |S|=26 tri_free=True greedyα=24
    walk 36/64 |S|=29 tri_free=True greedyα=37
    walk 37/64 |S|=27 tri_free=True greedyα=34
    walk 38/64 |S|=24 tri_free=True greedyα=20
    walk 39/64 |S|=25 tri_free=True greedyα=26
    walk 40/64 |S|=29 tri_free=True greedyα=39
    walk 41/64 |S|=27 tri_free=True greedyα=25
    walk 42/64 |S|=27 tri_free=True greedyα=22
    walk 43/64 |S|=28 tri_free=True greedyα=26
    walk 44/64 |S|=25 tri_free=True greedyα=21
    walk 45/64 |S|=27 tri_free=True greedyα=20
    walk 46/64 |S|=28 tri_free=True greedyα=21
    walk 47/64 |S|=27 tri_free=True greedyα=18
    walk 48/64 |S|=25 tri_free=True greedyα=23
    walk 49/64 |S|=26 tri_free=True greedyα=16
    walk 50/64 |S|=29 tri_free=True greedyα=51
    walk 51/64 |S|=25 tri_free=True greedyα=19
    walk 52/64 |S|=30 tri_free=True greedyα=29
    walk 53/64 |S|=33 tri_free=True greedyα=50
    walk 54/64 |S|=25 tri_free=True greedyα=17
    walk 55/64 |S|=25 tri_free=True greedyα=28
    walk 56/64 |S|=24 tri_free=True greedyα=31
    walk 57/64 |S|=26 tri_free=True greedyα=26
    walk 58/64 |S|=24 tri_free=True greedyα=21
    walk 59/64 |S|=29 tri_free=True greedyα=21
    walk 60/64 |S|=27 tri_free=True greedyα=34
    walk 61/64 |S|=28 tri_free=True greedyα=23
    walk 62/64 |S|=28 tri_free=True greedyα=25
    walk 63/64 |S|=25 tri_free=True greedyα=19
    walk 64/64 |S|=25 tri_free=True greedyα=19
      MIS |S|=26 greedyα=16 residual IS ≥ 19 (α(G)≥20) {'found': True, 'lower': 19, 'exact': True, 'nodes': 18, 'seconds': 0.0004998892545700073, 'timed_out': False, 'backend': 'c-decide'}
      MIS |S|=24 greedyα=16 residual IS ≥ 19 (α(G)≥20) {'found': True, 'lower': 19, 'exact': True, 'nodes': 30, 'seconds': 0.00044376030564308167, 'timed_out': False, 'backend': 'c-decide'}
      MIS |S|=25 greedyα=17 residual IS ≥ 19 (α(G)≥20) {'found': True, 'lower': 19, 'exact': True, 'nodes': 44, 'seconds': 0.0004361085593700409, 'timed_out': False, 'backend': 'c-decide'}
      MIS |S|=24 greedyα=17 residual IS ≥ 19 (α(G)≥20) {'found': True, 'lower': 19, 'exact': True, 'nodes': 54, 'seconds': 0.00037290528416633606, 'timed_out': False, 'backend': 'c-decide'}
      MIS |S|=27 greedyα=18 residual IS ≥ 19 (α(G)≥20) {'found': True, 'lower': 19, 'exact': True, 'nodes': 46, 'seconds': 0.0003427043557167053, 'timed_out': False, 'backend': 'c-decide'}
      MIS |S|=26 greedyα=18 residual IS ≥ 19 (α(G)≥20) {'found': True, 'lower': 19, 'exact': True, 'nodes': 49, 'seconds': 0.0003039166331291199, 'timed_out': False, 'backend': 'c-decide'}
      MIS |S|=26 greedyα=19 residual IS ≥ 19 (α(G)≥20) {'found': True, 'lower': 19, 'exact': True, 'nodes': 62, 'seconds': 0.00038024038076400757, 'timed_out': False, 'backend': 'c-decide'}
      MIS |S|=26 greedyα=19 residual IS ≥ 19 (α(G)≥20) {'found': True, 'lower': 19, 'exact': True, 'nodes': 25, 'seconds': 0.0004046894609928131, 'timed_out': False, 'backend': 'c-decide'}
  [5c] p=233 e=4 D0∪D2 pool=58 t=20
    walk 1/64 |S|=27 tri_free=True greedyα=25
    walk 2/64 |S|=27 tri_free=True greedyα=23
    walk 3/64 |S|=27 tri_free=True greedyα=22
    walk 4/64 |S|=33 tri_free=True greedyα=45
    walk 5/64 |S|=25 tri_free=True greedyα=21
    walk 6/64 |S|=25 tri_free=True greedyα=23
    walk 7/64 |S|=27 tri_free=True greedyα=19
    walk 8/64 |S|=25 tri_free=True greedyα=19
    walk 9/64 |S|=27 tri_free=True greedyα=21
    walk 10/64 |S|=27 tri_free=True greedyα=20
    walk 11/64 |S|=25 tri_free=True greedyα=19
    walk 12/64 |S|=27 tri_free=True greedyα=27
    walk 13/64 |S|=27 tri_free=True greedyα=19
    walk 14/64 |S|=27 tri_free=True greedyα=18
    walk 15/64 |S|=26 tri_free=True greedyα=25
    walk 16/64 |S|=27 tri_free=True greedyα=26
    walk 17/64 |S|=31 tri_free=True greedyα=43
    walk 18/64 |S|=28 tri_free=True greedyα=41
    walk 19/64 |S|=26 tri_free=True greedyα=21
    walk 20/64 |S|=26 tri_free=True greedyα=19
    walk 21/64 |S|=25 tri_free=True greedyα=17
    walk 22/64 |S|=26 tri_free=True greedyα=22
    walk 23/64 |S|=25 tri_free=True greedyα=23
    walk 24/64 |S|=26 tri_free=True greedyα=27
    walk 25/64 |S|=25 tri_free=True greedyα=27
    walk 26/64 |S|=29 tri_free=True greedyα=27
    walk 27/64 |S|=25 tri_free=True greedyα=22
    walk 28/64 |S|=26 tri_free=True greedyα=24
    walk 29/64 |S|=30 tri_free=True greedyα=35
    walk 30/64 |S|=27 tri_free=True greedyα=23
    walk 31/64 |S|=26 tri_free=True greedyα=21
    walk 32/64 |S|=26 tri_free=True greedyα=26
    walk 33/64 |S|=24 tri_free=True greedyα=17
    walk 34/64 |S|=27 tri_free=True greedyα=24
    walk 35/64 |S|=28 tri_free=True greedyα=23
    walk 36/64 |S|=25 tri_free=True greedyα=21
    walk 37/64 |S|=26 tri_free=True greedyα=21
    walk 38/64 |S|=24 tri_free=True greedyα=24
    walk 39/64 |S|=27 tri_free=True greedyα=30
    walk 40/64 |S|=27 tri_free=True greedyα=26
    walk 41/64 |S|=26 tri_free=True greedyα=20
    walk 42/64 |S|=33 tri_free=True greedyα=47
    walk 43/64 |S|=26 tri_free=True greedyα=18
    walk 44/64 |S|=28 tri_free=True greedyα=22
    walk 45/64 |S|=25 tri_free=True greedyα=20
    walk 46/64 |S|=26 tri_free=True greedyα=24
    walk 47/64 |S|=28 tri_free=True greedyα=21
    walk 48/64 |S|=24 tri_free=True greedyα=22
    walk 49/64 |S|=33 tri_free=True greedyα=47
    walk 50/64 |S|=27 tri_free=True greedyα=20
    walk 51/64 |S|=25 tri_free=True greedyα=23
    walk 52/64 |S|=27 tri_free=True greedyα=24
    walk 53/64 |S|=28 tri_free=True greedyα=22
    walk 54/64 |S|=26 tri_free=True greedyα=20
    walk 55/64 |S|=27 tri_free=True greedyα=19
    walk 56/64 |S|=24 tri_free=True greedyα=23
    walk 57/64 |S|=24 tri_free=True greedyα=19
    walk 58/64 |S|=26 tri_free=True greedyα=26
    walk 59/64 |S|=25 tri_free=True greedyα=24
    walk 60/64 |S|=29 tri_free=True greedyα=34
    walk 61/64 |S|=25 tri_free=True greedyα=23
    walk 62/64 |S|=31 tri_free=True greedyα=34
    walk 63/64 |S|=28 tri_free=True greedyα=27
    walk 64/64 |S|=25 tri_free=True greedyα=25
      MIS |S|=25 greedyα=17 residual IS ≥ 19 (α(G)≥20) {'found': True, 'lower': 19, 'exact': True, 'nodes': 20, 'seconds': 0.0004744790494441986, 'timed_out': False, 'backend': 'c-decide'}
      MIS |S|=24 greedyα=17 residual IS ≥ 19 (α(G)≥20) {'found': True, 'lower': 19, 'exact': True, 'nodes': 35, 'seconds': 0.0004210174083709717, 'timed_out': False, 'backend': 'c-decide'}
      MIS |S|=27 greedyα=18 residual IS ≥ 19 (α(G)≥20) {'found': True, 'lower': 19, 'exact': True, 'nodes': 52, 'seconds': 0.00041878968477249146, 'timed_out': False, 'backend': 'c-decide'}
      MIS |S|=26 greedyα=18 residual IS ≥ 19 (α(G)≥20) {'found': True, 'lower': 19, 'exact': True, 'nodes': 52, 'seconds': 0.00033336132764816284, 'timed_out': False, 'backend': 'c-decide'}
      MIS |S|=27 greedyα=19 residual IS ≥ 19 (α(G)≥20) {'found': True, 'lower': 19, 'exact': True, 'nodes': 60, 'seconds': 0.00035696104168891907, 'timed_out': False, 'backend': 'c-decide'}
      MIS |S|=27 greedyα=19 residual IS ≥ 19 (α(G)≥20) {'found': True, 'lower': 19, 'exact': True, 'nodes': 53, 'seconds': 0.0003233291208744049, 'timed_out': False, 'backend': 'c-decide'}
      MIS |S|=27 greedyα=19 residual IS ≥ 19 (α(G)≥20) {'found': True, 'lower': 19, 'exact': True, 'nodes': 47, 'seconds': 0.0003966130316257477, 'timed_out': False, 'backend': 'c-decide'}
      MIS |S|=26 greedyα=19 residual IS ≥ 19 (α(G)≥20) {'found': True, 'lower': 19, 'exact': True, 'nodes': 55, 'seconds': 0.000578075647354126, 'timed_out': False, 'backend': 'c-decide'}
  [5c] p=233 e=4 D0∪D3 pool=58 t=20
    walk 1/64 |S|=26 tri_free=True greedyα=24
    walk 2/64 |S|=25 tri_free=True greedyα=27
    walk 3/64 |S|=27 tri_free=True greedyα=19
    walk 4/64 |S|=24 tri_free=True greedyα=21
    walk 5/64 |S|=25 tri_free=True greedyα=20
    walk 6/64 |S|=25 tri_free=True greedyα=20
    walk 7/64 |S|=25 tri_free=True greedyα=25
    walk 8/64 |S|=28 tri_free=True greedyα=34
    walk 9/64 |S|=27 tri_free=True greedyα=24
    walk 10/64 |S|=28 tri_free=True greedyα=28
    walk 11/64 |S|=27 tri_free=True greedyα=29
    walk 12/64 |S|=24 tri_free=True greedyα=21
    walk 13/64 |S|=29 tri_free=True greedyα=35
    walk 14/64 |S|=26 tri_free=True greedyα=21
    walk 15/64 |S|=27 tri_free=True greedyα=27
    walk 16/64 |S|=27 tri_free=True greedyα=24
    walk 17/64 |S|=30 tri_free=True greedyα=34
    walk 18/64 |S|=29 tri_free=True greedyα=35
    walk 19/64 |S|=28 tri_free=True greedyα=22
    walk 20/64 |S|=24 tri_free=True greedyα=17
    walk 21/64 |S|=25 tri_free=True greedyα=23
    walk 22/64 |S|=23 tri_free=True greedyα=23
    walk 23/64 |S|=24 tri_free=True greedyα=23
    walk 24/64 |S|=27 tri_free=True greedyα=27
    walk 25/64 |S|=24 tri_free=True greedyα=19
    walk 26/64 |S|=26 tri_free=True greedyα=23
    walk 27/64 |S|=28 tri_free=True greedyα=27
    walk 28/64 |S|=25 tri_free=True greedyα=20
    walk 29/64 |S|=29 tri_free=True greedyα=25
    walk 30/64 |S|=26 tri_free=True greedyα=27
    walk 31/64 |S|=27 tri_free=True greedyα=30
    walk 32/64 |S|=23 tri_free=True greedyα=21
    walk 33/64 |S|=25 tri_free=True greedyα=22
    walk 34/64 |S|=25 tri_free=True greedyα=32
    walk 35/64 |S|=26 tri_free=True greedyα=26
    walk 36/64 |S|=25 tri_free=True greedyα=23
    walk 37/64 |S|=30 tri_free=True greedyα=35
    walk 38/64 |S|=25 tri_free=True greedyα=30
    walk 39/64 |S|=30 tri_free=True greedyα=23
    walk 40/64 |S|=25 tri_free=True greedyα=29
    walk 41/64 |S|=26 tri_free=True greedyα=27
    walk 42/64 |S|=26 tri_free=True greedyα=20
    walk 43/64 |S|=26 tri_free=True greedyα=17
    walk 44/64 |S|=27 tri_free=True greedyα=28
    walk 45/64 |S|=28 tri_free=True greedyα=21
    walk 46/64 |S|=24 tri_free=True greedyα=28
    walk 47/64 |S|=25 tri_free=True greedyα=24
    walk 48/64 |S|=27 tri_free=True greedyα=27
    walk 49/64 |S|=26 tri_free=True greedyα=23
    walk 50/64 |S|=24 tri_free=True greedyα=19
    walk 51/64 |S|=25 tri_free=True greedyα=24
    walk 52/64 |S|=26 tri_free=True greedyα=21
    walk 53/64 |S|=24 tri_free=True greedyα=22
    walk 54/64 |S|=25 tri_free=True greedyα=18
    walk 55/64 |S|=26 tri_free=True greedyα=19
    walk 56/64 |S|=25 tri_free=True greedyα=27
    walk 57/64 |S|=26 tri_free=True greedyα=26
    walk 58/64 |S|=28 tri_free=True greedyα=37
    walk 59/64 |S|=23 tri_free=True greedyα=28
    walk 60/64 |S|=29 tri_free=True greedyα=35
    walk 61/64 |S|=26 tri_free=True greedyα=25
    walk 62/64 |S|=23 tri_free=True greedyα=19
    walk 63/64 |S|=31 tri_free=True greedyα=37
    walk 64/64 |S|=21 tri_free=True greedyα=22
      MIS |S|=26 greedyα=17 residual IS ≥ 19 (α(G)≥20) {'found': True, 'lower': 19, 'exact': True, 'nodes': 21, 'seconds': 0.00037096813321113586, 'timed_out': False, 'backend': 'c-decide'}
      MIS |S|=24 greedyα=17 residual IS ≥ 19 (α(G)≥20) {'found': True, 'lower': 19, 'exact': True, 'nodes': 46, 'seconds': 0.0003848634660243988, 'timed_out': False, 'backend': 'c-decide'}
      MIS |S|=25 greedyα=18 residual IS ≥ 19 (α(G)≥20) {'found': True, 'lower': 19, 'exact': True, 'nodes': 40, 'seconds': 0.0004511885344982147, 'timed_out': False, 'backend': 'c-decide'}
      MIS |S|=27 greedyα=19 residual IS ≥ 19 (α(G)≥20) {'found': True, 'lower': 19, 'exact': True, 'nodes': 25, 'seconds': 0.0004280395805835724, 'timed_out': False, 'backend': 'c-decide'}
      MIS |S|=26 greedyα=19 residual IS ≥ 19 (α(G)≥20) {'found': True, 'lower': 19, 'exact': True, 'nodes': 45, 'seconds': 0.0003628060221672058, 'timed_out': False, 'backend': 'c-decide'}
      MIS |S|=24 greedyα=19 residual IS ≥ 19 (α(G)≥20) {'found': True, 'lower': 19, 'exact': True, 'nodes': 28, 'seconds': 0.0003138333559036255, 'timed_out': False, 'backend': 'c-decide'}
      MIS |S|=24 greedyα=19 residual IS ≥ 19 (α(G)≥20) {'found': True, 'lower': 19, 'exact': True, 'nodes': 51, 'seconds': 0.00040568411350250244, 'timed_out': False, 'backend': 'c-decide'}
      MIS |S|=23 greedyα=19 residual IS ≥ 19 (α(G)≥20) {'found': True, 'lower': 19, 'exact': True, 'nodes': 35, 'seconds': 0.000500258058309555, 'timed_out': False, 'backend': 'c-decide'}
  [5c] p=233 e=4 D1∪D2 pool=58 t=20
    walk 1/64 |S|=28 tri_free=True greedyα=28
    walk 2/64 |S|=28 tri_free=True greedyα=39
    walk 3/64 |S|=23 tri_free=True greedyα=23
    walk 4/64 |S|=25 tri_free=True greedyα=23
    walk 5/64 |S|=27 tri_free=True greedyα=28
    walk 6/64 |S|=26 tri_free=True greedyα=27
    walk 7/64 |S|=26 tri_free=True greedyα=27
    walk 8/64 |S|=28 tri_free=True greedyα=22
    walk 9/64 |S|=26 tri_free=True greedyα=21
    walk 10/64 |S|=26 tri_free=True greedyα=24
    walk 11/64 |S|=25 tri_free=True greedyα=24
    walk 12/64 |S|=30 tri_free=True greedyα=21
    walk 13/64 |S|=27 tri_free=True greedyα=18
    walk 14/64 |S|=27 tri_free=True greedyα=18
    walk 15/64 |S|=25 tri_free=True greedyα=25
    walk 16/64 |S|=25 tri_free=True greedyα=25
    walk 17/64 |S|=26 tri_free=True greedyα=23
    walk 18/64 |S|=28 tri_free=True greedyα=28
    walk 19/64 |S|=27 tri_free=True greedyα=25
    walk 20/64 |S|=25 tri_free=True greedyα=22
    walk 21/64 |S|=25 tri_free=True greedyα=26
    walk 22/64 |S|=28 tri_free=True greedyα=25
    walk 23/64 |S|=23 tri_free=True greedyα=32
    walk 24/64 |S|=26 tri_free=True greedyα=19
    walk 25/64 |S|=25 tri_free=True greedyα=25
    walk 26/64 |S|=25 tri_free=True greedyα=23
    walk 27/64 |S|=26 tri_free=True greedyα=23
    walk 28/64 |S|=25 tri_free=True greedyα=22
    walk 29/64 |S|=23 tri_free=True greedyα=25
    walk 30/64 |S|=25 tri_free=True greedyα=22
    walk 31/64 |S|=29 tri_free=True greedyα=18
    walk 32/64 |S|=30 tri_free=True greedyα=33
    walk 33/64 |S|=27 tri_free=True greedyα=21
    walk 34/64 |S|=28 tri_free=True greedyα=31
    walk 35/64 |S|=26 tri_free=True greedyα=20
    walk 36/64 |S|=28 tri_free=True greedyα=29
    walk 37/64 |S|=28 tri_free=True greedyα=20
    walk 38/64 |S|=25 tri_free=True greedyα=19
    walk 39/64 |S|=24 tri_free=True greedyα=22
    walk 40/64 |S|=23 tri_free=True greedyα=18
    walk 41/64 |S|=29 tri_free=True greedyα=23
    walk 42/64 |S|=25 tri_free=True greedyα=19
    walk 43/64 |S|=27 tri_free=True greedyα=29
    walk 44/64 |S|=24 tri_free=True greedyα=22
    walk 45/64 |S|=25 tri_free=True greedyα=25
    walk 46/64 |S|=28 tri_free=True greedyα=41
    walk 47/64 |S|=28 tri_free=True greedyα=32
    walk 48/64 |S|=28 tri_free=True greedyα=33
    walk 49/64 |S|=27 tri_free=True greedyα=20
    walk 50/64 |S|=24 tri_free=True greedyα=23
    walk 51/64 |S|=29 tri_free=True greedyα=21
    walk 52/64 |S|=25 tri_free=True greedyα=19
    walk 53/64 |S|=24 tri_free=True greedyα=19
    walk 54/64 |S|=28 tri_free=True greedyα=31
    walk 55/64 |S|=27 tri_free=True greedyα=19
    walk 56/64 |S|=28 tri_free=True greedyα=23
    walk 57/64 |S|=25 tri_free=True greedyα=19
    walk 58/64 |S|=28 tri_free=True greedyα=25
    walk 59/64 |S|=25 tri_free=True greedyα=26
    walk 60/64 |S|=28 tri_free=True greedyα=31
    walk 61/64 |S|=25 tri_free=True greedyα=19
    walk 62/64 |S|=29 tri_free=True greedyα=37
    walk 63/64 |S|=25 tri_free=True greedyα=22
    walk 64/64 |S|=27 tri_free=True greedyα=23
      MIS |S|=29 greedyα=18 residual IS ≥ 19 (α(G)≥20) {'found': True, 'lower': 19, 'exact': True, 'nodes': 20, 'seconds': 0.00046985968947410583, 'timed_out': False, 'backend': 'c-decide'}
      MIS |S|=27 greedyα=18 residual IS ≥ 19 (α(G)≥20) {'found': True, 'lower': 19, 'exact': True, 'nodes': 39, 'seconds': 0.00036012008786201477, 'timed_out': False, 'backend': 'c-decide'}
      MIS |S|=27 greedyα=18 residual IS ≥ 19 (α(G)≥20) {'found': True, 'lower': 19, 'exact': True, 'nodes': 61, 'seconds': 0.0003924146294593811, 'timed_out': False, 'backend': 'c-decide'}
      MIS |S|=23 greedyα=18 residual IS ≥ 19 (α(G)≥20) {'found': True, 'lower': 19, 'exact': True, 'nodes': 54, 'seconds': 0.0003567226231098175, 'timed_out': False, 'backend': 'c-decide'}
      MIS |S|=27 greedyα=19 residual IS ≥ 19 (α(G)≥20) {'found': True, 'lower': 19, 'exact': True, 'nodes': 56, 'seconds': 0.0003789179027080536, 'timed_out': False, 'backend': 'c-decide'}
      MIS |S|=26 greedyα=19 residual IS ≥ 19 (α(G)≥20) {'found': True, 'lower': 19, 'exact': True, 'nodes': 53, 'seconds': 0.0003311745822429657, 'timed_out': False, 'backend': 'c-decide'}
      MIS |S|=25 greedyα=19 residual IS ≥ 19 (α(G)≥20) {'found': True, 'lower': 19, 'exact': True, 'nodes': 32, 'seconds': 0.00041538476943969727, 'timed_out': False, 'backend': 'c-decide'}
      MIS |S|=25 greedyα=19 residual IS ≥ 19 (α(G)≥20) {'found': True, 'lower': 19, 'exact': True, 'nodes': 24, 'seconds': 0.0004024803638458252, 'timed_out': False, 'backend': 'c-decide'}
  [5c] p=233 e=4 D1∪D3 pool=58 t=20
    walk 1/64 |S|=25 tri_free=True greedyα=20
    walk 2/64 |S|=32 tri_free=True greedyα=39
    walk 3/64 |S|=30 tri_free=True greedyα=39
    walk 4/64 |S|=28 tri_free=True greedyα=27
    walk 5/64 |S|=25 tri_free=True greedyα=23
    walk 6/64 |S|=27 tri_free=True greedyα=19
    walk 7/64 |S|=27 tri_free=True greedyα=22
    walk 8/64 |S|=26 tri_free=True greedyα=21
    walk 9/64 |S|=24 tri_free=True greedyα=25
    walk 10/64 |S|=25 tri_free=True greedyα=24
    walk 11/64 |S|=28 tri_free=True greedyα=20
    walk 12/64 |S|=30 tri_free=True greedyα=34
    walk 13/64 |S|=26 tri_free=True greedyα=21
    walk 14/64 |S|=25 tri_free=True greedyα=22
    walk 15/64 |S|=27 tri_free=True greedyα=20
    walk 16/64 |S|=27 tri_free=True greedyα=26
    walk 17/64 |S|=26 tri_free=True greedyα=35
    walk 18/64 |S|=30 tri_free=True greedyα=39
    walk 19/64 |S|=28 tri_free=True greedyα=22
    walk 20/64 |S|=27 tri_free=True greedyα=35
    walk 21/64 |S|=27 tri_free=True greedyα=22
    walk 22/64 |S|=28 tri_free=True greedyα=21
    walk 23/64 |S|=27 tri_free=True greedyα=23
    walk 24/64 |S|=26 tri_free=True greedyα=24
    walk 25/64 |S|=27 tri_free=True greedyα=22
    walk 26/64 |S|=27 tri_free=True greedyα=23
    walk 27/64 |S|=24 tri_free=True greedyα=26
    walk 28/64 |S|=26 tri_free=True greedyα=24
    walk 29/64 |S|=27 tri_free=True greedyα=19
    walk 30/64 |S|=27 tri_free=True greedyα=33
    walk 31/64 |S|=25 tri_free=True greedyα=18
    walk 32/64 |S|=27 tri_free=True greedyα=20
    walk 33/64 |S|=26 tri_free=True greedyα=24
    walk 34/64 |S|=26 tri_free=True greedyα=33
    walk 35/64 |S|=24 tri_free=True greedyα=18
    walk 36/64 |S|=25 tri_free=True greedyα=22
    walk 37/64 |S|=28 tri_free=True greedyα=19
    walk 38/64 |S|=30 tri_free=True greedyα=39
    walk 39/64 |S|=26 tri_free=True greedyα=22
    walk 40/64 |S|=28 tri_free=True greedyα=35
    walk 41/64 |S|=28 tri_free=True greedyα=24
    walk 42/64 |S|=27 tri_free=True greedyα=27
    walk 43/64 |S|=26 tri_free=True greedyα=17
    walk 44/64 |S|=29 tri_free=True greedyα=23
    walk 45/64 |S|=27 tri_free=True greedyα=27
    walk 46/64 |S|=27 tri_free=True greedyα=25
    walk 47/64 |S|=27 tri_free=True greedyα=30
    walk 48/64 |S|=25 tri_free=True greedyα=23
    walk 49/64 |S|=27 tri_free=True greedyα=20
    walk 50/64 |S|=27 tri_free=True greedyα=21
    walk 51/64 |S|=27 tri_free=True greedyα=23
    walk 52/64 |S|=31 tri_free=True greedyα=39
    walk 53/64 |S|=29 tri_free=True greedyα=19
    walk 54/64 |S|=27 tri_free=True greedyα=26
    walk 55/64 |S|=27 tri_free=True greedyα=29
    walk 56/64 |S|=31 tri_free=True greedyα=39
    walk 57/64 |S|=27 tri_free=True greedyα=22
    walk 58/64 |S|=28 tri_free=True greedyα=24
    walk 59/64 |S|=25 tri_free=True greedyα=22
    walk 60/64 |S|=26 tri_free=True greedyα=20
    walk 61/64 |S|=28 tri_free=True greedyα=23
    walk 62/64 |S|=26 tri_free=True greedyα=23
    walk 63/64 |S|=24 tri_free=True greedyα=20
    walk 64/64 |S|=26 tri_free=True greedyα=19
      MIS |S|=26 greedyα=17 residual IS ≥ 19 (α(G)≥20) {'found': True, 'lower': 19, 'exact': True, 'nodes': 23, 'seconds': 0.000437125563621521, 'timed_out': False, 'backend': 'c-decide'}
      MIS |S|=25 greedyα=18 residual IS ≥ 19 (α(G)≥20) {'found': True, 'lower': 19, 'exact': True, 'nodes': 42, 'seconds': 0.00045087188482284546, 'timed_out': False, 'backend': 'c-decide'}
      MIS |S|=24 greedyα=18 residual IS ≥ 19 (α(G)≥20) {'found': True, 'lower': 19, 'exact': True, 'nodes': 43, 'seconds': 0.00040300190448760986, 'timed_out': False, 'backend': 'c-decide'}
      MIS |S|=29 greedyα=19 residual IS ≥ 19 (α(G)≥20) {'found': True, 'lower': 19, 'exact': True, 'nodes': 50, 'seconds': 0.00033675506711006165, 'timed_out': False, 'backend': 'c-decide'}
      MIS |S|=28 greedyα=19 residual IS ≥ 19 (α(G)≥20) {'found': True, 'lower': 19, 'exact': True, 'nodes': 46, 'seconds': 0.0004175230860710144, 'timed_out': False, 'backend': 'c-decide'}
      MIS |S|=27 greedyα=19 residual IS ≥ 19 (α(G)≥20) {'found': True, 'lower': 19, 'exact': True, 'nodes': 47, 'seconds': 0.0003246776759624481, 'timed_out': False, 'backend': 'c-decide'}
      MIS |S|=27 greedyα=19 residual IS ≥ 19 (α(G)≥20) {'found': True, 'lower': 19, 'exact': True, 'nodes': 39, 'seconds': 0.0004093945026397705, 'timed_out': False, 'backend': 'c-decide'}
      MIS |S|=26 greedyα=19 residual IS ≥ 19 (α(G)≥20) {'found': True, 'lower': 19, 'exact': True, 'nodes': 30, 'seconds': 0.00040550902485847473, 'timed_out': False, 'backend': 'c-decide'}
  [5c] p=233 e=4 D2∪D3 pool=58 t=20
    walk 1/64 |S|=26 tri_free=True greedyα=22
    walk 2/64 |S|=23 tri_free=True greedyα=19
    walk 3/64 |S|=27 tri_free=True greedyα=22
    walk 4/64 |S|=27 tri_free=True greedyα=30
    walk 5/64 |S|=24 tri_free=True greedyα=17
    walk 6/64 |S|=25 tri_free=True greedyα=20
    walk 7/64 |S|=27 tri_free=True greedyα=35
    walk 8/64 |S|=25 tri_free=True greedyα=27
    walk 9/64 |S|=26 tri_free=True greedyα=21
    walk 10/64 |S|=26 tri_free=True greedyα=23
    walk 11/64 |S|=26 tri_free=True greedyα=19
    walk 12/64 |S|=24 tri_free=True greedyα=23
    walk 13/64 |S|=24 tri_free=True greedyα=20
    walk 14/64 |S|=27 tri_free=True greedyα=16
    walk 15/64 |S|=29 tri_free=True greedyα=34
    walk 16/64 |S|=25 tri_free=True greedyα=20
    walk 17/64 |S|=25 tri_free=True greedyα=19
    walk 18/64 |S|=25 tri_free=True greedyα=28
    walk 19/64 |S|=27 tri_free=True greedyα=29
    walk 20/64 |S|=27 tri_free=True greedyα=26
    walk 21/64 |S|=27 tri_free=True greedyα=18
    walk 22/64 |S|=25 tri_free=True greedyα=19
    walk 23/64 |S|=27 tri_free=True greedyα=25
    walk 24/64 |S|=28 tri_free=True greedyα=31
    walk 25/64 |S|=33 tri_free=True greedyα=50
    walk 26/64 |S|=27 tri_free=True greedyα=21
    walk 27/64 |S|=28 tri_free=True greedyα=23
    walk 28/64 |S|=25 tri_free=True greedyα=20
    walk 29/64 |S|=27 tri_free=True greedyα=24
    walk 30/64 |S|=27 tri_free=True greedyα=26
    walk 31/64 |S|=24 tri_free=True greedyα=21
    walk 32/64 |S|=27 tri_free=True greedyα=27
    walk 33/64 |S|=25 tri_free=True greedyα=24
    walk 34/64 |S|=28 tri_free=True greedyα=28
    walk 35/64 |S|=26 tri_free=True greedyα=22
    walk 36/64 |S|=26 tri_free=True greedyα=32
    walk 37/64 |S|=25 tri_free=True greedyα=26
    walk 38/64 |S|=27 tri_free=True greedyα=21
    walk 39/64 |S|=28 tri_free=True greedyα=24
    walk 40/64 |S|=26 tri_free=True greedyα=25
    walk 41/64 |S|=25 tri_free=True greedyα=26
    walk 42/64 |S|=28 tri_free=True greedyα=27
    walk 43/64 |S|=27 tri_free=True greedyα=21
    walk 44/64 |S|=28 tri_free=True greedyα=22
    walk 45/64 |S|=25 tri_free=True greedyα=21
    walk 46/64 |S|=28 tri_free=True greedyα=28
    walk 47/64 |S|=27 tri_free=True greedyα=19
    walk 48/64 |S|=26 tri_free=True greedyα=22
    walk 49/64 |S|=26 tri_free=True greedyα=29
    walk 50/64 |S|=26 tri_free=True greedyα=23
    walk 51/64 |S|=25 tri_free=True greedyα=29
    walk 52/64 |S|=25 tri_free=True greedyα=24
    walk 53/64 |S|=28 tri_free=True greedyα=24
    walk 54/64 |S|=29 tri_free=True greedyα=24
    walk 55/64 |S|=26 tri_free=True greedyα=25
    walk 56/64 |S|=26 tri_free=True greedyα=19
    walk 57/64 |S|=26 tri_free=True greedyα=23
    walk 58/64 |S|=27 tri_free=True greedyα=29
    walk 59/64 |S|=25 tri_free=True greedyα=19
    walk 60/64 |S|=27 tri_free=True greedyα=41
    walk 61/64 |S|=26 tri_free=True greedyα=22
    walk 62/64 |S|=25 tri_free=True greedyα=18
    walk 63/64 |S|=25 tri_free=True greedyα=29
    walk 64/64 |S|=28 tri_free=True greedyα=35
      MIS |S|=27 greedyα=16 residual IS ≥ 19 (α(G)≥20) {'found': True, 'lower': 19, 'exact': True, 'nodes': 18, 'seconds': 0.0004206821322441101, 'timed_out': False, 'backend': 'c-decide'}
      MIS |S|=24 greedyα=17 residual IS ≥ 19 (α(G)≥20) {'found': True, 'lower': 19, 'exact': True, 'nodes': 43, 'seconds': 0.00046899914741516113, 'timed_out': False, 'backend': 'c-decide'}
      MIS |S|=27 greedyα=18 residual IS ≥ 19 (α(G)≥20) {'found': True, 'lower': 19, 'exact': True, 'nodes': 31, 'seconds': 0.0003576986491680145, 'timed_out': False, 'backend': 'c-decide'}
      MIS |S|=25 greedyα=18 residual IS ≥ 19 (α(G)≥20) {'found': True, 'lower': 19, 'exact': True, 'nodes': 34, 'seconds': 0.0003430508077144623, 'timed_out': False, 'backend': 'c-decide'}
      MIS |S|=27 greedyα=19 residual IS ≥ 19 (α(G)≥20) {'found': True, 'lower': 19, 'exact': True, 'nodes': 48, 'seconds': 0.0003332309424877167, 'timed_out': False, 'backend': 'c-decide'}
      MIS |S|=26 greedyα=19 residual IS ≥ 19 (α(G)≥20) {'found': True, 'lower': 19, 'exact': True, 'nodes': 57, 'seconds': 0.0003687627613544464, 'timed_out': False, 'backend': 'c-decide'}
      MIS |S|=26 greedyα=19 residual IS ≥ 19 (α(G)≥20) {'found': True, 'lower': 19, 'exact': True, 'nodes': 44, 'seconds': 0.000357113778591156, 'timed_out': False, 'backend': 'c-decide'}
      MIS |S|=25 greedyα=19 residual IS ≥ 19 (α(G)≥20) {'found': True, 'lower': 19, 'exact': True, 'nodes': 30, 'seconds': 0.00042134150862693787, 'timed_out': False, 'backend': 'c-decide'}
  [5c] p=241 e=4 D0∪D1 pool=60 t=20
    walk 1/64 |S|=23 tri_free=True greedyα=25
    walk 2/64 |S|=26 tri_free=True greedyα=39
    walk 3/64 |S|=26 tri_free=True greedyα=26
    walk 4/64 |S|=26 tri_free=True greedyα=26
    walk 5/64 |S|=25 tri_free=True greedyα=20
    walk 6/64 |S|=25 tri_free=True greedyα=24
    walk 7/64 |S|=25 tri_free=True greedyα=30
    walk 8/64 |S|=27 tri_free=True greedyα=31
    walk 9/64 |S|=28 tri_free=True greedyα=26
    walk 10/64 |S|=28 tri_free=True greedyα=29
    walk 11/64 |S|=24 tri_free=True greedyα=22
    walk 12/64 |S|=26 tri_free=True greedyα=25
    walk 13/64 |S|=25 tri_free=True greedyα=25
    walk 14/64 |S|=25 tri_free=True greedyα=31
    walk 15/64 |S|=27 tri_free=True greedyα=26
    walk 16/64 |S|=30 tri_free=True greedyα=29
    walk 17/64 |S|=25 tri_free=True greedyα=22
    walk 18/64 |S|=25 tri_free=True greedyα=27
    walk 19/64 |S|=27 tri_free=True greedyα=32
    walk 20/64 |S|=25 tri_free=True greedyα=22
    walk 21/64 |S|=27 tri_free=True greedyα=19
    walk 22/64 |S|=27 tri_free=True greedyα=22
    walk 23/64 |S|=28 tri_free=True greedyα=22
    walk 24/64 |S|=23 tri_free=True greedyα=24
    walk 25/64 |S|=24 tri_free=True greedyα=32
    walk 26/64 |S|=25 tri_free=True greedyα=25
    walk 27/64 |S|=25 tri_free=True greedyα=26
    walk 28/64 |S|=26 tri_free=True greedyα=22
    walk 29/64 |S|=26 tri_free=True greedyα=30
    walk 30/64 |S|=27 tri_free=True greedyα=36
    walk 31/64 |S|=27 tri_free=True greedyα=40
    walk 32/64 |S|=25 tri_free=True greedyα=18
    walk 33/64 |S|=27 tri_free=True greedyα=28
    walk 34/64 |S|=26 tri_free=True greedyα=21
    walk 35/64 |S|=25 tri_free=True greedyα=36
    walk 36/64 |S|=28 tri_free=True greedyα=25
    walk 37/64 |S|=24 tri_free=True greedyα=24
    walk 38/64 |S|=25 tri_free=True greedyα=23
    walk 39/64 |S|=27 tri_free=True greedyα=27
    walk 40/64 |S|=25 tri_free=True greedyα=22
    walk 41/64 |S|=26 tri_free=True greedyα=22
    walk 42/64 |S|=24 tri_free=True greedyα=23
    walk 43/64 |S|=25 tri_free=True greedyα=18
    walk 44/64 |S|=27 tri_free=True greedyα=33
    walk 45/64 |S|=26 tri_free=True greedyα=18
    walk 46/64 |S|=26 tri_free=True greedyα=24
    walk 47/64 |S|=26 tri_free=True greedyα=31
    walk 48/64 |S|=25 tri_free=True greedyα=25
    walk 49/64 |S|=26 tri_free=True greedyα=30
    walk 50/64 |S|=23 tri_free=True greedyα=25
    walk 51/64 |S|=25 tri_free=True greedyα=24
    walk 52/64 |S|=29 tri_free=True greedyα=28
    walk 53/64 |S|=24 tri_free=True greedyα=24
    walk 54/64 |S|=28 tri_free=True greedyα=35
    walk 55/64 |S|=26 tri_free=True greedyα=25
    walk 56/64 |S|=29 tri_free=True greedyα=27
    walk 57/64 |S|=26 tri_free=True greedyα=33
    walk 58/64 |S|=27 tri_free=True greedyα=21
    walk 59/64 |S|=29 tri_free=True greedyα=28
    walk 60/64 |S|=25 tri_free=True greedyα=23
    walk 61/64 |S|=26 tri_free=True greedyα=24
    walk 62/64 |S|=26 tri_free=True greedyα=18
    walk 63/64 |S|=26 tri_free=True greedyα=26
    walk 64/64 |S|=30 tri_free=True greedyα=26
      MIS |S|=26 greedyα=18 residual IS ≥ 19 (α(G)≥20) {'found': True, 'lower': 19, 'exact': True, 'nodes': 18, 'seconds': 0.0005149319767951965, 'timed_out': False, 'backend': 'c-decide'}
      MIS |S|=26 greedyα=18 residual IS ≥ 19 (α(G)≥20) {'found': True, 'lower': 19, 'exact': True, 'nodes': 29, 'seconds': 0.00042311474680900574, 'timed_out': False, 'backend': 'c-decide'}
      MIS |S|=25 greedyα=18 residual IS ≥ 19 (α(G)≥20) {'found': True, 'lower': 19, 'exact': True, 'nodes': 25, 'seconds': 0.002382218837738037, 'timed_out': False, 'backend': 'c-decide'}
      MIS |S|=25 greedyα=18 residual IS ≥ 19 (α(G)≥20) {'found': True, 'lower': 19, 'exact': True, 'nodes': 30, 'seconds': 0.00039421021938323975, 'timed_out': False, 'backend': 'c-decide'}
      MIS |S|=27 greedyα=19 residual IS ≥ 19 (α(G)≥20) {'found': True, 'lower': 19, 'exact': True, 'nodes': 52, 'seconds': 0.0003820881247520447, 'timed_out': False, 'backend': 'c-decide'}
  [5c] p=241 e=4 D0∪D2 pool=60 t=20
    walk 1/64 |S|=25 tri_free=True greedyα=33
    walk 2/64 |S|=24 tri_free=True greedyα=19
    walk 3/64 |S|=25 tri_free=True greedyα=22
    walk 4/64 |S|=26 tri_free=True greedyα=25
    walk 5/64 |S|=29 tri_free=True greedyα=35
    walk 6/64 |S|=25 tri_free=True greedyα=21
    walk 7/64 |S|=27 tri_free=True greedyα=21
    walk 8/64 |S|=27 tri_free=True greedyα=27
    walk 9/64 |S|=24 tri_free=True greedyα=23
    walk 10/64 |S|=24 tri_free=True greedyα=20
    walk 11/64 |S|=26 tri_free=True greedyα=24
    walk 12/64 |S|=27 tri_free=True greedyα=27
    walk 13/64 |S|=25 tri_free=True greedyα=17
    walk 14/64 |S|=27 tri_free=True greedyα=27
    walk 15/64 |S|=28 tri_free=True greedyα=19
    walk 16/64 |S|=23 tri_free=True greedyα=25
    walk 17/64 |S|=28 tri_free=True greedyα=25
    walk 18/64 |S|=26 tri_free=True greedyα=21
    walk 19/64 |S|=29 tri_free=True greedyα=30
    walk 20/64 |S|=25 tri_free=True greedyα=27
    walk 21/64 |S|=27 tri_free=True greedyα=19
    walk 22/64 |S|=24 tri_free=True greedyα=22
    walk 23/64 |S|=24 tri_free=True greedyα=33
    walk 24/64 |S|=28 tri_free=True greedyα=37
    walk 25/64 |S|=23 tri_free=True greedyα=26
    walk 26/64 |S|=24 tri_free=True greedyα=39
    walk 27/64 |S|=24 tri_free=True greedyα=19
    walk 28/64 |S|=24 tri_free=True greedyα=29
    walk 29/64 |S|=22 tri_free=True greedyα=25
    walk 30/64 |S|=28 tri_free=True greedyα=35
    walk 31/64 |S|=26 tri_free=True greedyα=35
    walk 32/64 |S|=29 tri_free=True greedyα=42
    walk 33/64 |S|=27 tri_free=True greedyα=20
    walk 34/64 |S|=26 tri_free=True greedyα=25
    walk 35/64 |S|=26 tri_free=True greedyα=22
    walk 36/64 |S|=26 tri_free=True greedyα=19
    walk 37/64 |S|=26 tri_free=True greedyα=20
    walk 38/64 |S|=26 tri_free=True greedyα=19
    walk 39/64 |S|=24 tri_free=True greedyα=22
    walk 40/64 |S|=29 tri_free=True greedyα=25
    walk 41/64 |S|=25 tri_free=True greedyα=21
    walk 42/64 |S|=29 tri_free=True greedyα=28
    walk 43/64 |S|=27 tri_free=True greedyα=19
    walk 44/64 |S|=28 tri_free=True greedyα=21
    walk 45/64 |S|=27 tri_free=True greedyα=25
    walk 46/64 |S|=25 tri_free=True greedyα=23
    walk 47/64 |S|=24 tri_free=True greedyα=21
    walk 48/64 |S|=26 tri_free=True greedyα=19
    walk 49/64 |S|=25 tri_free=True greedyα=18
    walk 50/64 |S|=26 tri_free=True greedyα=20
    walk 51/64 |S|=26 tri_free=True greedyα=27
    walk 52/64 |S|=26 tri_free=True greedyα=26
    walk 53/64 |S|=27 tri_free=True greedyα=28
    walk 54/64 |S|=25 tri_free=True greedyα=18
    walk 55/64 |S|=26 tri_free=True greedyα=23
    walk 56/64 |S|=26 tri_free=True greedyα=29
    walk 57/64 |S|=27 tri_free=True greedyα=23
    walk 58/64 |S|=26 tri_free=True greedyα=23
    walk 59/64 |S|=26 tri_free=True greedyα=25
    walk 60/64 |S|=26 tri_free=True greedyα=26
    walk 61/64 |S|=26 tri_free=True greedyα=19
    walk 62/64 |S|=26 tri_free=True greedyα=24
    walk 63/64 |S|=27 tri_free=True greedyα=27
    walk 64/64 |S|=26 tri_free=True greedyα=27
      MIS |S|=25 greedyα=17 residual IS ≥ 19 (α(G)≥20) {'found': True, 'lower': 19, 'exact': True, 'nodes': 18, 'seconds': 0.0004484318196773529, 'timed_out': False, 'backend': 'c-decide'}
      MIS |S|=25 greedyα=18 residual IS ≥ 19 (α(G)≥20) {'found': True, 'lower': 19, 'exact': True, 'nodes': 54, 'seconds': 0.00048400089144706726, 'timed_out': False, 'backend': 'c-decide'}
      MIS |S|=25 greedyα=18 residual IS ≥ 19 (α(G)≥20) {'found': True, 'lower': 19, 'exact': True, 'nodes': 26, 'seconds': 0.00040179118514060974, 'timed_out': False, 'backend': 'c-decide'}
      MIS |S|=28 greedyα=19 residual IS ≥ 19 (α(G)≥20) {'found': True, 'lower': 19, 'exact': True, 'nodes': 51, 'seconds': 0.0003829561173915863, 'timed_out': False, 'backend': 'c-decide'}
      MIS |S|=27 greedyα=19 residual IS ≥ 19 (α(G)≥20) {'found': True, 'lower': 19, 'exact': True, 'nodes': 26, 'seconds': 0.0003314018249511719, 'timed_out': False, 'backend': 'c-decide'}
      MIS |S|=27 greedyα=19 residual IS ≥ 19 (α(G)≥20) {'found': True, 'lower': 19, 'exact': True, 'nodes': 47, 'seconds': 0.00044417381286621094, 'timed_out': False, 'backend': 'c-decide'}
      MIS |S|=26 greedyα=19 residual IS ≥ 19 (α(G)≥20) {'found': True, 'lower': 19, 'exact': True, 'nodes': 27, 'seconds': 0.0004699975252151489, 'timed_out': False, 'backend': 'c-decide'}
      MIS |S|=26 greedyα=19 residual IS ≥ 19 (α(G)≥20) {'found': True, 'lower': 19, 'exact': True, 'nodes': 22, 'seconds': 0.00041409581899642944, 'timed_out': False, 'backend': 'c-decide'}
  [5c] p=241 e=4 D0∪D3 pool=60 t=20
    walk 1/64 |S|=27 tri_free=True greedyα=23
    walk 2/64 |S|=25 tri_free=True greedyα=25
    walk 3/64 |S|=28 tri_free=True greedyα=27
    walk 4/64 |S|=28 tri_free=True greedyα=26
    walk 5/64 |S|=26 tri_free=True greedyα=24
    walk 6/64 |S|=25 tri_free=True greedyα=23
    walk 7/64 |S|=23 tri_free=True greedyα=26
    walk 8/64 |S|=27 tri_free=True greedyα=27
    walk 9/64 |S|=26 tri_free=True greedyα=23
    walk 10/64 |S|=27 tri_free=True greedyα=24
    walk 11/64 |S|=26 tri_free=True greedyα=27
    walk 12/64 |S|=24 tri_free=True greedyα=27
    walk 13/64 |S|=26 tri_free=True greedyα=23
    walk 14/64 |S|=26 tri_free=True greedyα=27
    walk 15/64 |S|=25 tri_free=True greedyα=24
    walk 16/64 |S|=27 tri_free=True greedyα=29
    walk 17/64 |S|=27 tri_free=True greedyα=24
    walk 18/64 |S|=29 tri_free=True greedyα=35
    walk 19/64 |S|=27 tri_free=True greedyα=24
    walk 20/64 |S|=25 tri_free=True greedyα=28
    walk 21/64 |S|=24 tri_free=True greedyα=20
    walk 22/64 |S|=25 tri_free=True greedyα=24
    walk 23/64 |S|=35 tri_free=True greedyα=58
    walk 24/64 |S|=25 tri_free=True greedyα=25
    walk 25/64 |S|=25 tri_free=True greedyα=27
    walk 26/64 |S|=25 tri_free=True greedyα=23
    walk 27/64 |S|=27 tri_free=True greedyα=20
    walk 28/64 |S|=26 tri_free=True greedyα=22
    walk 29/64 |S|=26 tri_free=True greedyα=22
    walk 30/64 |S|=25 tri_free=True greedyα=20
    walk 31/64 |S|=27 tri_free=True greedyα=21
    walk 32/64 |S|=25 tri_free=True greedyα=23
    walk 33/64 |S|=24 tri_free=True greedyα=24
    walk 34/64 |S|=26 tri_free=True greedyα=29
    walk 35/64 |S|=27 tri_free=True greedyα=27
    walk 36/64 |S|=25 tri_free=True greedyα=26
    walk 37/64 |S|=26 tri_free=True greedyα=26
    walk 38/64 |S|=26 tri_free=True greedyα=26
    walk 39/64 |S|=27 tri_free=True greedyα=27
    walk 40/64 |S|=22 tri_free=True greedyα=26
    walk 41/64 |S|=29 tri_free=True greedyα=33
    walk 42/64 |S|=29 tri_free=True greedyα=36
    walk 43/64 |S|=29 tri_free=True greedyα=27
    walk 44/64 |S|=26 tri_free=True greedyα=24
    walk 45/64 |S|=23 tri_free=True greedyα=22
    walk 46/64 |S|=23 tri_free=True greedyα=22
    walk 47/64 |S|=27 tri_free=True greedyα=22
    walk 48/64 |S|=24 tri_free=True greedyα=22
    walk 49/64 |S|=26 tri_free=True greedyα=21
    walk 50/64 |S|=24 tri_free=True greedyα=20
    walk 51/64 |S|=26 tri_free=True greedyα=25
    walk 52/64 |S|=26 tri_free=True greedyα=25
    walk 53/64 |S|=25 tri_free=True greedyα=26
    walk 54/64 |S|=25 tri_free=True greedyα=22
    walk 55/64 |S|=31 tri_free=True greedyα=40
    walk 56/64 |S|=29 tri_free=True greedyα=25
    walk 57/64 |S|=25 tri_free=True greedyα=25
    walk 58/64 |S|=26 tri_free=True greedyα=27
    walk 59/64 |S|=28 tri_free=True greedyα=24
    walk 60/64 |S|=26 tri_free=True greedyα=22
    walk 61/64 |S|=27 tri_free=True greedyα=30
    walk 62/64 |S|=26 tri_free=True greedyα=26
    walk 63/64 |S|=27 tri_free=True greedyα=25
    walk 64/64 |S|=26 tri_free=True greedyα=24
  [5c] p=241 e=4 D1∪D2 pool=60 t=20
    walk 1/64 |S|=25 tri_free=True greedyα=23
    walk 2/64 |S|=26 tri_free=True greedyα=26
    walk 3/64 |S|=25 tri_free=True greedyα=26
    walk 4/64 |S|=25 tri_free=True greedyα=29
    walk 5/64 |S|=27 tri_free=True greedyα=22
    walk 6/64 |S|=25 tri_free=True greedyα=28
    walk 7/64 |S|=23 tri_free=True greedyα=24
    walk 8/64 |S|=29 tri_free=True greedyα=31
    walk 9/64 |S|=23 tri_free=True greedyα=25
    walk 10/64 |S|=25 tri_free=True greedyα=21
    walk 11/64 |S|=29 tri_free=True greedyα=39
    walk 12/64 |S|=26 tri_free=True greedyα=23
    walk 13/64 |S|=28 tri_free=True greedyα=24
    walk 14/64 |S|=27 tri_free=True greedyα=27
    walk 15/64 |S|=25 tri_free=True greedyα=25
    walk 16/64 |S|=25 tri_free=True greedyα=25
    walk 17/64 |S|=26 tri_free=True greedyα=26
    walk 18/64 |S|=28 tri_free=True greedyα=20
    walk 19/64 |S|=27 tri_free=True greedyα=23
    walk 20/64 |S|=26 tri_free=True greedyα=21
    walk 21/64 |S|=26 tri_free=True greedyα=26
    walk 22/64 |S|=28 tri_free=True greedyα=23
    walk 23/64 |S|=24 tri_free=True greedyα=26
    walk 24/64 |S|=26 tri_free=True greedyα=29
    walk 25/64 |S|=27 tri_free=True greedyα=24
    walk 26/64 |S|=26 tri_free=True greedyα=25
    walk 27/64 |S|=25 tri_free=True greedyα=32
    walk 28/64 |S|=31 tri_free=True greedyα=40
    walk 29/64 |S|=28 tri_free=True greedyα=27
    walk 30/64 |S|=26 tri_free=True greedyα=23
    walk 31/64 |S|=27 tri_free=True greedyα=21
    walk 32/64 |S|=25 tri_free=True greedyα=22
    walk 33/64 |S|=26 tri_free=True greedyα=21
    walk 34/64 |S|=27 tri_free=True greedyα=29
    walk 35/64 |S|=25 tri_free=True greedyα=26
    walk 36/64 |S|=25 tri_free=True greedyα=21
    walk 37/64 |S|=27 tri_free=True greedyα=26
    walk 38/64 |S|=24 tri_free=True greedyα=20
    walk 39/64 |S|=25 tri_free=True greedyα=36
    walk 40/64 |S|=23 tri_free=True greedyα=22
    walk 41/64 |S|=25 tri_free=True greedyα=25
    walk 42/64 |S|=29 tri_free=True greedyα=30
    walk 43/64 |S|=25 tri_free=True greedyα=23
    walk 44/64 |S|=26 tri_free=True greedyα=25
    walk 45/64 |S|=27 tri_free=True greedyα=31
    walk 46/64 |S|=25 tri_free=True greedyα=20
    walk 47/64 |S|=24 tri_free=True greedyα=25
    walk 48/64 |S|=26 tri_free=True greedyα=25
    walk 49/64 |S|=35 tri_free=True greedyα=51
    walk 50/64 |S|=23 tri_free=True greedyα=22
    walk 51/64 |S|=25 tri_free=True greedyα=19
    walk 52/64 |S|=26 tri_free=True greedyα=26
    walk 53/64 |S|=28 tri_free=True greedyα=27
    walk 54/64 |S|=26 tri_free=True greedyα=23
    walk 55/64 |S|=21 tri_free=True greedyα=32
    walk 56/64 |S|=27 tri_free=True greedyα=28
    walk 57/64 |S|=30 tri_free=True greedyα=41
    walk 58/64 |S|=26 tri_free=True greedyα=23
    walk 59/64 |S|=24 tri_free=True greedyα=23
    walk 60/64 |S|=25 tri_free=True greedyα=25
    walk 61/64 |S|=35 tri_free=True greedyα=54
    walk 62/64 |S|=27 tri_free=True greedyα=28
    walk 63/64 |S|=25 tri_free=True greedyα=19
    walk 64/64 |S|=23 tri_free=True greedyα=25
      MIS |S|=25 greedyα=19 residual IS ≥ 19 (α(G)≥20) {'found': True, 'lower': 19, 'exact': True, 'nodes': 23, 'seconds': 0.0007029399275779724, 'timed_out': False, 'backend': 'c-decide'}
      MIS |S|=25 greedyα=19 residual IS ≥ 19 (α(G)≥20) {'found': True, 'lower': 19, 'exact': True, 'nodes': 22, 'seconds': 0.0005028657615184784, 'timed_out': False, 'backend': 'c-decide'}
  [5c] p=241 e=4 D1∪D3 pool=60 t=20
    walk 1/64 |S|=26 tri_free=True greedyα=21
    walk 2/64 |S|=28 tri_free=True greedyα=23
    walk 3/64 |S|=25 tri_free=True greedyα=26
    walk 4/64 |S|=25 tri_free=True greedyα=23
    walk 5/64 |S|=32 tri_free=True greedyα=47
    walk 6/64 |S|=27 tri_free=True greedyα=18
    walk 7/64 |S|=26 tri_free=True greedyα=22
    walk 8/64 |S|=26 tri_free=True greedyα=23
    walk 9/64 |S|=27 tri_free=True greedyα=30
    walk 10/64 |S|=26 tri_free=True greedyα=36
    walk 11/64 |S|=24 tri_free=True greedyα=23
    walk 12/64 |S|=25 tri_free=True greedyα=22
    walk 13/64 |S|=27 tri_free=True greedyα=24
    walk 14/64 |S|=25 tri_free=True greedyα=21
    walk 15/64 |S|=25 tri_free=True greedyα=24
    walk 16/64 |S|=24 tri_free=True greedyα=21
    walk 17/64 |S|=26 tri_free=True greedyα=20
    walk 18/64 |S|=27 tri_free=True greedyα=23
    walk 19/64 |S|=24 tri_free=True greedyα=19
    walk 20/64 |S|=27 tri_free=True greedyα=20
    walk 21/64 |S|=25 tri_free=True greedyα=21
    walk 22/64 |S|=27 tri_free=True greedyα=22
    walk 23/64 |S|=24 tri_free=True greedyα=25
    walk 24/64 |S|=24 tri_free=True greedyα=21
    walk 25/64 |S|=26 tri_free=True greedyα=27
    walk 26/64 |S|=33 tri_free=True greedyα=51
    walk 27/64 |S|=25 tri_free=True greedyα=30
    walk 28/64 |S|=26 tri_free=True greedyα=22
    walk 29/64 |S|=26 tri_free=True greedyα=22
    walk 30/64 |S|=24 tri_free=True greedyα=27
    walk 31/64 |S|=27 tri_free=True greedyα=32
    walk 32/64 |S|=28 tri_free=True greedyα=30
    walk 33/64 |S|=25 tri_free=True greedyα=18
    walk 34/64 |S|=26 tri_free=True greedyα=24
    walk 35/64 |S|=26 tri_free=True greedyα=26
    walk 36/64 |S|=26 tri_free=True greedyα=23
    walk 37/64 |S|=28 tri_free=True greedyα=26
    walk 38/64 |S|=25 tri_free=True greedyα=21
    walk 39/64 |S|=27 tri_free=True greedyα=22
    walk 40/64 |S|=25 tri_free=True greedyα=28
    walk 41/64 |S|=27 tri_free=True greedyα=19
    walk 42/64 |S|=23 tri_free=True greedyα=25
    walk 43/64 |S|=26 tri_free=True greedyα=28
    walk 44/64 |S|=29 tri_free=True greedyα=19
    walk 45/64 |S|=25 tri_free=True greedyα=23
    walk 46/64 |S|=26 tri_free=True greedyα=27
    walk 47/64 |S|=25 tri_free=True greedyα=18
    walk 48/64 |S|=26 tri_free=True greedyα=29
    walk 49/64 |S|=25 tri_free=True greedyα=18
    walk 50/64 |S|=28 tri_free=True greedyα=23
    walk 51/64 |S|=26 tri_free=True greedyα=23
    walk 52/64 |S|=27 tri_free=True greedyα=26
    walk 53/64 |S|=23 tri_free=True greedyα=18
    walk 54/64 |S|=25 tri_free=True greedyα=24
    walk 55/64 |S|=27 tri_free=True greedyα=32
    walk 56/64 |S|=25 tri_free=True greedyα=32
    walk 57/64 |S|=27 tri_free=True greedyα=41
    walk 58/64 |S|=28 tri_free=True greedyα=27
    walk 59/64 |S|=26 tri_free=True greedyα=19
    walk 60/64 |S|=28 tri_free=True greedyα=21
    walk 61/64 |S|=24 tri_free=True greedyα=21
    walk 62/64 |S|=26 tri_free=True greedyα=23
    walk 63/64 |S|=24 tri_free=True greedyα=24
    walk 64/64 |S|=24 tri_free=True greedyα=22
      MIS |S|=27 greedyα=18 residual IS ≥ 19 (α(G)≥20) {'found': True, 'lower': 19, 'exact': True, 'nodes': 25, 'seconds': 0.00043963268399238586, 'timed_out': False, 'backend': 'c-decide'}
      MIS |S|=25 greedyα=18 residual IS ≥ 19 (α(G)≥20) {'found': True, 'lower': 19, 'exact': True, 'nodes': 48, 'seconds': 0.00037352368235588074, 'timed_out': False, 'backend': 'c-decide'}
      MIS |S|=25 greedyα=18 residual IS ≥ 19 (α(G)≥20) {'found': True, 'lower': 19, 'exact': True, 'nodes': 29, 'seconds': 0.0003329552710056305, 'timed_out': False, 'backend': 'c-decide'}
      MIS |S|=25 greedyα=18 residual IS ≥ 19 (α(G)≥20) {'found': True, 'lower': 19, 'exact': True, 'nodes': 51, 'seconds': 0.000362154096364975, 'timed_out': False, 'backend': 'c-decide'}
      MIS |S|=23 greedyα=18 residual IS ≥ 19 (α(G)≥20) {'found': True, 'lower': 19, 'exact': True, 'nodes': 51, 'seconds': 0.0004629455506801605, 'timed_out': False, 'backend': 'c-decide'}
      MIS |S|=29 greedyα=19 residual IS ≥ 19 (α(G)≥20) {'found': True, 'lower': 19, 'exact': True, 'nodes': 26, 'seconds': 0.00039748474955558777, 'timed_out': False, 'backend': 'c-decide'}
      MIS |S|=27 greedyα=19 residual IS ≥ 19 (α(G)≥20) {'found': True, 'lower': 19, 'exact': True, 'nodes': 34, 'seconds': 0.005630265921354294, 'timed_out': False, 'backend': 'c-decide'}
      MIS |S|=26 greedyα=19 residual IS ≥ 19 (α(G)≥20) {'found': True, 'lower': 19, 'exact': True, 'nodes': 34, 'seconds': 0.0004562586545944214, 'timed_out': False, 'backend': 'c-decide'}
  [5c] p=241 e=4 D2∪D3 pool=60 t=20
    walk 1/64 |S|=27 tri_free=True greedyα=28
    walk 2/64 |S|=25 tri_free=True greedyα=20
    walk 3/64 |S|=28 tri_free=True greedyα=27
    walk 4/64 |S|=27 tri_free=True greedyα=34
    walk 5/64 |S|=27 tri_free=True greedyα=23
    walk 6/64 |S|=24 tri_free=True greedyα=19
    walk 7/64 |S|=25 tri_free=True greedyα=18
    walk 8/64 |S|=24 tri_free=True greedyα=25
    walk 9/64 |S|=26 tri_free=True greedyα=21
    walk 10/64 |S|=27 tri_free=True greedyα=30
    walk 11/64 |S|=25 tri_free=True greedyα=27
    walk 12/64 |S|=25 tri_free=True greedyα=25
    walk 13/64 |S|=24 tri_free=True greedyα=24
    walk 14/64 |S|=25 tri_free=True greedyα=30
    walk 15/64 |S|=27 tri_free=True greedyα=33
    walk 16/64 |S|=26 tri_free=True greedyα=20
    walk 17/64 |S|=29 tri_free=True greedyα=44
    walk 18/64 |S|=24 tri_free=True greedyα=19
    walk 19/64 |S|=28 tri_free=True greedyα=26
    walk 20/64 |S|=26 tri_free=True greedyα=24
    walk 21/64 |S|=27 tri_free=True greedyα=20
    walk 22/64 |S|=28 tri_free=True greedyα=20
    walk 23/64 |S|=26 tri_free=True greedyα=23
    walk 24/64 |S|=24 tri_free=True greedyα=23
    walk 25/64 |S|=25 tri_free=True greedyα=18
    walk 26/64 |S|=25 tri_free=True greedyα=37
    walk 27/64 |S|=27 tri_free=True greedyα=26
    walk 28/64 |S|=25 tri_free=True greedyα=22
    walk 29/64 |S|=26 tri_free=True greedyα=22
    walk 30/64 |S|=30 tri_free=True greedyα=36
    walk 31/64 |S|=25 tri_free=True greedyα=22
    walk 32/64 |S|=28 tri_free=True greedyα=21
    walk 33/64 |S|=28 tri_free=True greedyα=26
    walk 34/64 |S|=27 tri_free=True greedyα=27
    walk 35/64 |S|=23 tri_free=True greedyα=18
    walk 36/64 |S|=26 tri_free=True greedyα=25
    walk 37/64 |S|=27 tri_free=True greedyα=21
    walk 38/64 |S|=25 tri_free=True greedyα=24
    walk 39/64 |S|=32 tri_free=True greedyα=39
    walk 40/64 |S|=26 tri_free=True greedyα=23
    walk 41/64 |S|=25 tri_free=True greedyα=23
    walk 42/64 |S|=25 tri_free=True greedyα=19
    walk 43/64 |S|=31 tri_free=True greedyα=40
    walk 44/64 |S|=26 tri_free=True greedyα=27
    walk 45/64 |S|=23 tri_free=True greedyα=23
    walk 46/64 |S|=30 tri_free=True greedyα=32
    walk 47/64 |S|=31 tri_free=True greedyα=40
    walk 48/64 |S|=27 tri_free=True greedyα=23
    walk 49/64 |S|=28 tri_free=True greedyα=27
    walk 50/64 |S|=24 tri_free=True greedyα=21
    walk 51/64 |S|=27 tri_free=True greedyα=22
    walk 52/64 |S|=28 tri_free=True greedyα=27
    walk 53/64 |S|=24 tri_free=True greedyα=25
    walk 54/64 |S|=26 tri_free=True greedyα=27
    walk 55/64 |S|=25 tri_free=True greedyα=25
    walk 56/64 |S|=27 tri_free=True greedyα=23
    walk 57/64 |S|=26 tri_free=True greedyα=25
    walk 58/64 |S|=27 tri_free=True greedyα=29
    walk 59/64 |S|=27 tri_free=True greedyα=28
    walk 60/64 |S|=25 tri_free=True greedyα=21
    walk 61/64 |S|=27 tri_free=True greedyα=26
    walk 62/64 |S|=25 tri_free=True greedyα=29
    walk 63/64 |S|=24 tri_free=True greedyα=29
    walk 64/64 |S|=25 tri_free=True greedyα=23
      MIS |S|=25 greedyα=18 residual IS ≥ 19 (α(G)≥20) {'found': True, 'lower': 19, 'exact': True, 'nodes': 18, 'seconds': 0.0004777088761329651, 'timed_out': False, 'backend': 'c-decide'}
      MIS |S|=25 greedyα=18 residual IS ≥ 19 (α(G)≥20) {'found': True, 'lower': 19, 'exact': True, 'nodes': 24, 'seconds': 0.0004299655556678772, 'timed_out': False, 'backend': 'c-decide'}
      MIS |S|=23 greedyα=18 residual IS ≥ 19 (α(G)≥20) {'found': True, 'lower': 19, 'exact': True, 'nodes': 35, 'seconds': 0.00041523948311805725, 'timed_out': False, 'backend': 'c-decide'}
      MIS |S|=25 greedyα=19 residual IS ≥ 19 (α(G)≥20) {'found': True, 'lower': 19, 'exact': True, 'nodes': 51, 'seconds': 0.00039419159293174744, 'timed_out': False, 'backend': 'c-decide'}
      MIS |S|=24 greedyα=19 residual IS ≥ 19 (α(G)≥20) {'found': True, 'lower': 19, 'exact': True, 'nodes': 46, 'seconds': 0.000437762588262558, 'timed_out': False, 'backend': 'c-decide'}
      MIS |S|=24 greedyα=19 residual IS ≥ 19 (α(G)≥20) {'found': True, 'lower': 19, 'exact': True, 'nodes': 29, 'seconds': 0.0003296956419944763, 'timed_out': False, 'backend': 'c-decide'}
  [5c] p=241 e=5 D0∪D1 pool=48 t=20
    walk 1/64 |S|=26 tri_free=True greedyα=19
    walk 2/64 |S|=27 tri_free=True greedyα=19
    walk 3/64 |S|=28 tri_free=True greedyα=19
    walk 4/64 |S|=27 tri_free=True greedyα=27
    walk 5/64 |S|=27 tri_free=True greedyα=19
    walk 6/64 |S|=29 tri_free=True greedyα=25
    walk 7/64 |S|=29 tri_free=True greedyα=27
    walk 8/64 |S|=28 tri_free=True greedyα=25
    walk 9/64 |S|=25 tri_free=True greedyα=27
    walk 10/64 |S|=28 tri_free=True greedyα=21
    walk 11/64 |S|=29 tri_free=True greedyα=37
    walk 12/64 |S|=29 tri_free=True greedyα=25
    walk 13/64 |S|=25 tri_free=True greedyα=18
    walk 14/64 |S|=26 tri_free=True greedyα=17
    walk 15/64 |S|=27 tri_free=True greedyα=18
    walk 16/64 |S|=27 tri_free=True greedyα=38
    walk 17/64 |S|=26 tri_free=True greedyα=19
    walk 18/64 |S|=30 tri_free=True greedyα=35
    walk 19/64 |S|=27 tri_free=True greedyα=20
    walk 20/64 |S|=32 tri_free=True greedyα=27
    walk 21/64 |S|=25 tri_free=True greedyα=21
    walk 22/64 |S|=25 tri_free=True greedyα=19
    walk 23/64 |S|=26 tri_free=True greedyα=25
    walk 24/64 |S|=25 tri_free=True greedyα=25
    walk 25/64 |S|=25 tri_free=True greedyα=25
    walk 26/64 |S|=27 tri_free=True greedyα=26
    walk 27/64 |S|=28 tri_free=True greedyα=27
    walk 28/64 |S|=28 tri_free=True greedyα=24
    walk 29/64 |S|=27 tri_free=True greedyα=24
    walk 30/64 |S|=26 tri_free=True greedyα=21
    walk 31/64 |S|=26 tri_free=True greedyα=18
    walk 32/64 |S|=28 tri_free=True greedyα=29
    walk 33/64 |S|=30 tri_free=True greedyα=29
    walk 34/64 |S|=28 tri_free=True greedyα=25
    walk 35/64 |S|=28 tri_free=True greedyα=22
    walk 36/64 |S|=29 tri_free=True greedyα=35
    walk 37/64 |S|=27 tri_free=True greedyα=31
    walk 38/64 |S|=26 tri_free=True greedyα=18
    walk 39/64 |S|=30 tri_free=True greedyα=28
    walk 40/64 |S|=31 tri_free=True greedyα=33
    walk 41/64 |S|=30 tri_free=True greedyα=35
    walk 42/64 |S|=28 tri_free=True greedyα=23
    walk 43/64 |S|=28 tri_free=True greedyα=28
    walk 44/64 |S|=28 tri_free=True greedyα=33
    walk 45/64 |S|=27 tri_free=True greedyα=19
    walk 46/64 |S|=28 tri_free=True greedyα=19
    walk 47/64 |S|=28 tri_free=True greedyα=21
    walk 48/64 |S|=28 tri_free=True greedyα=21
    walk 49/64 |S|=26 tri_free=True greedyα=19
    walk 50/64 |S|=27 tri_free=True greedyα=25
    walk 51/64 |S|=28 tri_free=True greedyα=21
    walk 52/64 |S|=28 tri_free=True greedyα=19
    walk 53/64 |S|=27 tri_free=True greedyα=20
    walk 54/64 |S|=28 tri_free=True greedyα=19
    walk 55/64 |S|=28 tri_free=True greedyα=29
    walk 56/64 |S|=26 tri_free=True greedyα=17
    walk 57/64 |S|=28 tri_free=True greedyα=19
    walk 58/64 |S|=29 tri_free=True greedyα=26
    walk 59/64 |S|=26 tri_free=True greedyα=22
    walk 60/64 |S|=27 tri_free=True greedyα=21
    walk 61/64 |S|=27 tri_free=True greedyα=26
    walk 62/64 |S|=26 tri_free=True greedyα=19
    walk 63/64 |S|=28 tri_free=True greedyα=24
    walk 64/64 |S|=26 tri_free=True greedyα=21
      MIS |S|=26 greedyα=17 residual IS ≥ 19 (α(G)≥20) {'found': True, 'lower': 19, 'exact': True, 'nodes': 21, 'seconds': 0.0004843100905418396, 'timed_out': False, 'backend': 'c-decide'}
      MIS |S|=26 greedyα=17 residual IS ≥ 19 (α(G)≥20) {'found': True, 'lower': 19, 'exact': True, 'nodes': 21, 'seconds': 0.0004396475851535797, 'timed_out': False, 'backend': 'c-decide'}
      MIS |S|=27 greedyα=18 residual IS ≥ 19 (α(G)≥20) {'found': True, 'lower': 19, 'exact': True, 'nodes': 45, 'seconds': 0.0003843829035758972, 'timed_out': False, 'backend': 'c-decide'}
      MIS |S|=26 greedyα=18 residual IS ≥ 19 (α(G)≥20) {'found': True, 'lower': 19, 'exact': True, 'nodes': 48, 'seconds': 0.0003455840051174164, 'timed_out': False, 'backend': 'c-decide'}
      MIS |S|=26 greedyα=18 residual IS ≥ 19 (α(G)≥20) {'found': True, 'lower': 19, 'exact': True, 'nodes': 30, 'seconds': 0.00033407658338546753, 'timed_out': False, 'backend': 'c-decide'}
      MIS |S|=25 greedyα=18 residual IS ≥ 19 (α(G)≥20) {'found': True, 'lower': 19, 'exact': True, 'nodes': 52, 'seconds': 0.00043803825974464417, 'timed_out': False, 'backend': 'c-decide'}
      MIS |S|=28 greedyα=19 residual IS ≥ 19 (α(G)≥20) {'found': True, 'lower': 19, 'exact': True, 'nodes': 21, 'seconds': 0.0004354827105998993, 'timed_out': False, 'backend': 'c-decide'}
      MIS |S|=28 greedyα=19 residual IS ≥ 19 (α(G)≥20) {'found': True, 'lower': 19, 'exact': True, 'nodes': 23, 'seconds': 0.0004300028085708618, 'timed_out': False, 'backend': 'c-decide'}
  [5c] p=241 e=5 D0∪D2 pool=48 t=20
    walk 1/64 |S|=24 tri_free=True greedyα=19
    walk 2/64 |S|=23 tri_free=True greedyα=27
    walk 3/64 |S|=22 tri_free=True greedyα=25
    walk 4/64 |S|=24 tri_free=True greedyα=21
    walk 5/64 |S|=23 tri_free=True greedyα=29
    walk 6/64 |S|=23 tri_free=True greedyα=23
    walk 7/64 |S|=22 tri_free=True greedyα=26
    walk 8/64 |S|=26 tri_free=True greedyα=31
    walk 9/64 |S|=23 tri_free=True greedyα=28
    walk 10/64 |S|=26 tri_free=True greedyα=40
    walk 11/64 |S|=23 tri_free=True greedyα=24
    walk 12/64 |S|=23 tri_free=True greedyα=19
    walk 13/64 |S|=23 tri_free=True greedyα=20
    walk 14/64 |S|=23 tri_free=True greedyα=22
    walk 15/64 |S|=23 tri_free=True greedyα=19
    walk 16/64 |S|=25 tri_free=True greedyα=32
    walk 17/64 |S|=24 tri_free=True greedyα=29
    walk 18/64 |S|=21 tri_free=True greedyα=25
    walk 19/64 |S|=23 tri_free=True greedyα=22
    walk 20/64 |S|=24 tri_free=True greedyα=23
    walk 21/64 |S|=23 tri_free=True greedyα=20
    walk 22/64 |S|=21 tri_free=True greedyα=29
    walk 23/64 |S|=23 tri_free=True greedyα=22
    walk 24/64 |S|=23 tri_free=True greedyα=24
    walk 25/64 |S|=24 tri_free=True greedyα=22
    walk 26/64 |S|=22 tri_free=True greedyα=21
    walk 27/64 |S|=24 tri_free=True greedyα=29
    walk 28/64 |S|=24 tri_free=True greedyα=31
    walk 29/64 |S|=25 tri_free=True greedyα=30
    walk 30/64 |S|=23 tri_free=True greedyα=23
    walk 31/64 |S|=23 tri_free=True greedyα=21
    walk 32/64 |S|=23 tri_free=True greedyα=19
    walk 33/64 |S|=24 tri_free=True greedyα=28
    walk 34/64 |S|=22 tri_free=True greedyα=22
    walk 35/64 |S|=22 tri_free=True greedyα=19
    walk 36/64 |S|=25 tri_free=True greedyα=32
    walk 37/64 |S|=24 tri_free=True greedyα=22
    walk 38/64 |S|=22 tri_free=True greedyα=24
    walk 39/64 |S|=21 tri_free=True greedyα=25
    walk 40/64 |S|=23 tri_free=True greedyα=23
    walk 41/64 |S|=23 tri_free=True greedyα=25
    walk 42/64 |S|=22 tri_free=True greedyα=20
    walk 43/64 |S|=23 tri_free=True greedyα=26
    walk 44/64 |S|=25 tri_free=True greedyα=29
    walk 45/64 |S|=25 tri_free=True greedyα=34
    walk 46/64 |S|=23 tri_free=True greedyα=23
    walk 47/64 |S|=26 tri_free=True greedyα=24
    walk 48/64 |S|=25 tri_free=True greedyα=19
    walk 49/64 |S|=24 tri_free=True greedyα=19
    walk 50/64 |S|=23 tri_free=True greedyα=24
    walk 51/64 |S|=25 tri_free=True greedyα=25
    walk 52/64 |S|=24 tri_free=True greedyα=21
    walk 53/64 |S|=25 tri_free=True greedyα=31
    walk 54/64 |S|=26 tri_free=True greedyα=33
    walk 55/64 |S|=23 tri_free=True greedyα=23
    walk 56/64 |S|=24 tri_free=True greedyα=24
    walk 57/64 |S|=23 tri_free=True greedyα=21
    walk 58/64 |S|=23 tri_free=True greedyα=23
    walk 59/64 |S|=24 tri_free=True greedyα=21
    walk 60/64 |S|=25 tri_free=True greedyα=18
    walk 61/64 |S|=22 tri_free=True greedyα=21
    walk 62/64 |S|=24 tri_free=True greedyα=26
    walk 63/64 |S|=22 tri_free=True greedyα=24
    walk 64/64 |S|=22 tri_free=True greedyα=22
      MIS |S|=25 greedyα=18 residual IS ≥ 19 (α(G)≥20) {'found': True, 'lower': 19, 'exact': True, 'nodes': 25, 'seconds': 0.0004789009690284729, 'timed_out': False, 'backend': 'c-decide'}
      MIS |S|=25 greedyα=19 residual IS ≥ 19 (α(G)≥20) {'found': True, 'lower': 19, 'exact': True, 'nodes': 46, 'seconds': 0.00045096129179000854, 'timed_out': False, 'backend': 'c-decide'}
      MIS |S|=24 greedyα=19 residual IS ≥ 19 (α(G)≥20) {'found': True, 'lower': 19, 'exact': True, 'nodes': 56, 'seconds': 0.0004199594259262085, 'timed_out': False, 'backend': 'c-decide'}
      MIS |S|=24 greedyα=19 residual IS ≥ 19 (α(G)≥20) {'found': True, 'lower': 19, 'exact': True, 'nodes': 32, 'seconds': 0.0004175901412963867, 'timed_out': False, 'backend': 'c-decide'}
      MIS |S|=23 greedyα=19 residual IS ≥ 19 (α(G)≥20) {'found': True, 'lower': 19, 'exact': True, 'nodes': 26, 'seconds': 0.0003343150019645691, 'timed_out': False, 'backend': 'c-decide'}
      MIS |S|=23 greedyα=19 residual IS ≥ 19 (α(G)≥20) {'found': True, 'lower': 19, 'exact': True, 'nodes': 60, 'seconds': 0.0003850869834423065, 'timed_out': False, 'backend': 'c-decide'}
      MIS |S|=23 greedyα=19 residual IS ≥ 19 (α(G)≥20) {'found': True, 'lower': 19, 'exact': True, 'nodes': 42, 'seconds': 0.0004404895007610321, 'timed_out': False, 'backend': 'c-decide'}
      MIS |S|=22 greedyα=19 residual IS ≥ 19 (α(G)≥20) {'found': True, 'lower': 19, 'exact': True, 'nodes': 28, 'seconds': 0.0004978105425834656, 'timed_out': False, 'backend': 'c-decide'}
  [5c] p=241 e=5 D0∪D3 pool=48 t=20
    walk 1/64 |S|=26 tri_free=True greedyα=22
    walk 2/64 |S|=26 tri_free=True greedyα=19
    walk 3/64 |S|=22 tri_free=True greedyα=20
    walk 4/64 |S|=22 tri_free=True greedyα=21
    walk 5/64 |S|=24 tri_free=True greedyα=24
    walk 6/64 |S|=25 tri_free=True greedyα=33
    walk 7/64 |S|=25 tri_free=True greedyα=20
    walk 8/64 |S|=22 tri_free=True greedyα=22
    walk 9/64 |S|=22 tri_free=True greedyα=18
    walk 10/64 |S|=23 tri_free=True greedyα=23
    walk 11/64 |S|=23 tri_free=True greedyα=27
    walk 12/64 |S|=22 tri_free=True greedyα=26
    walk 13/64 |S|=25 tri_free=True greedyα=25
    walk 14/64 |S|=24 tri_free=True greedyα=23
    walk 15/64 |S|=23 tri_free=True greedyα=23
    walk 16/64 |S|=23 tri_free=True greedyα=22
    walk 17/64 |S|=23 tri_free=True greedyα=20
    walk 18/64 |S|=25 tri_free=True greedyα=32
    walk 19/64 |S|=25 tri_free=True greedyα=31
    walk 20/64 |S|=22 tri_free=True greedyα=22
    walk 21/64 |S|=24 tri_free=True greedyα=28
    walk 22/64 |S|=23 tri_free=True greedyα=23
    walk 23/64 |S|=23 tri_free=True greedyα=21
    walk 24/64 |S|=25 tri_free=True greedyα=29
    walk 25/64 |S|=23 tri_free=True greedyα=29
    walk 26/64 |S|=24 tri_free=True greedyα=20
    walk 27/64 |S|=22 tri_free=True greedyα=31
    walk 28/64 |S|=23 tri_free=True greedyα=21
    walk 29/64 |S|=23 tri_free=True greedyα=23
    walk 30/64 |S|=23 tri_free=True greedyα=23
    walk 31/64 |S|=25 tri_free=True greedyα=26
    walk 32/64 |S|=23 tri_free=True greedyα=27
    walk 33/64 |S|=22 tri_free=True greedyα=19
    walk 34/64 |S|=21 tri_free=True greedyα=26
    walk 35/64 |S|=24 tri_free=True greedyα=28
    walk 36/64 |S|=24 tri_free=True greedyα=24
    walk 37/64 |S|=24 tri_free=True greedyα=40
    walk 38/64 |S|=25 tri_free=True greedyα=27
    walk 39/64 |S|=23 tri_free=True greedyα=25
    walk 40/64 |S|=24 tri_free=True greedyα=21
    walk 41/64 |S|=24 tri_free=True greedyα=22
    walk 42/64 |S|=25 tri_free=True greedyα=31
    walk 43/64 |S|=26 tri_free=True greedyα=23
    walk 44/64 |S|=24 tri_free=True greedyα=19
    walk 45/64 |S|=26 tri_free=True greedyα=27
    walk 46/64 |S|=21 tri_free=True greedyα=21
    walk 47/64 |S|=22 tri_free=True greedyα=25
    walk 48/64 |S|=23 tri_free=True greedyα=24
    walk 49/64 |S|=22 tri_free=True greedyα=29
    walk 50/64 |S|=25 tri_free=True greedyα=29
    walk 51/64 |S|=25 tri_free=True greedyα=35
    walk 52/64 |S|=24 tri_free=True greedyα=24
    walk 53/64 |S|=24 tri_free=True greedyα=19
    walk 54/64 |S|=24 tri_free=True greedyα=19
    walk 55/64 |S|=22 tri_free=True greedyα=30
    walk 56/64 |S|=25 tri_free=True greedyα=22
    walk 57/64 |S|=20 tri_free=True greedyα=25
    walk 58/64 |S|=24 tri_free=True greedyα=24
    walk 59/64 |S|=23 tri_free=True greedyα=21
    walk 60/64 |S|=23 tri_free=True greedyα=21
    walk 61/64 |S|=23 tri_free=True greedyα=23
    walk 62/64 |S|=24 tri_free=True greedyα=25
    walk 63/64 |S|=23 tri_free=True greedyα=25
    walk 64/64 |S|=22 tri_free=True greedyα=26
      MIS |S|=22 greedyα=18 residual IS ≥ 19 (α(G)≥20) {'found': True, 'lower': 19, 'exact': True, 'nodes': 25, 'seconds': 0.00045815855264663696, 'timed_out': False, 'backend': 'c-decide'}
      MIS |S|=26 greedyα=19 residual IS ≥ 19 (α(G)≥20) {'found': True, 'lower': 19, 'exact': True, 'nodes': 20, 'seconds': 0.00041218847036361694, 'timed_out': False, 'backend': 'c-decide'}
      MIS |S|=24 greedyα=19 residual IS ≥ 19 (α(G)≥20) {'found': True, 'lower': 19, 'exact': True, 'nodes': 49, 'seconds': 0.00039444491267204285, 'timed_out': False, 'backend': 'c-decide'}
      MIS |S|=24 greedyα=19 residual IS ≥ 19 (α(G)≥20) {'found': True, 'lower': 19, 'exact': True, 'nodes': 48, 'seconds': 0.00038801878690719604, 'timed_out': False, 'backend': 'c-decide'}
      MIS |S|=24 greedyα=19 residual IS ≥ 19 (α(G)≥20) {'found': True, 'lower': 19, 'exact': True, 'nodes': 27, 'seconds': 0.00039404258131980896, 'timed_out': False, 'backend': 'c-decide'}
      MIS |S|=22 greedyα=19 residual IS ≥ 19 (α(G)≥20) {'found': True, 'lower': 19, 'exact': True, 'nodes': 54, 'seconds': 0.00037951022386550903, 'timed_out': False, 'backend': 'c-decide'}
  [5c] p=241 e=5 D0∪D4 pool=48 t=20
    walk 1/64 |S|=27 tri_free=True greedyα=21
    walk 2/64 |S|=30 tri_free=True greedyα=35
    walk 3/64 |S|=25 tri_free=True greedyα=22
    walk 4/64 |S|=29 tri_free=True greedyα=35
    walk 5/64 |S|=27 tri_free=True greedyα=17
    walk 6/64 |S|=27 tri_free=True greedyα=23
    walk 7/64 |S|=25 tri_free=True greedyα=17
    walk 8/64 |S|=30 tri_free=True greedyα=27
    walk 9/64 |S|=26 tri_free=True greedyα=17
    walk 10/64 |S|=29 tri_free=True greedyα=24
    walk 11/64 |S|=32 tri_free=True greedyα=35
    walk 12/64 |S|=28 tri_free=True greedyα=25
    walk 13/64 |S|=27 tri_free=True greedyα=20
    walk 14/64 |S|=26 tri_free=True greedyα=36
    walk 15/64 |S|=28 tri_free=True greedyα=19
    walk 16/64 |S|=27 tri_free=True greedyα=31
    walk 17/64 |S|=27 tri_free=True greedyα=34
    walk 18/64 |S|=29 tri_free=True greedyα=29
    walk 19/64 |S|=29 tri_free=True greedyα=36
    walk 20/64 |S|=27 tri_free=True greedyα=22
    walk 21/64 |S|=28 tri_free=True greedyα=25
    walk 22/64 |S|=27 tri_free=True greedyα=23
    walk 23/64 |S|=28 tri_free=True greedyα=19
    walk 24/64 |S|=28 tri_free=True greedyα=23
    walk 25/64 |S|=31 tri_free=True greedyα=28
    walk 26/64 |S|=26 tri_free=True greedyα=23
    walk 27/64 |S|=30 tri_free=True greedyα=29
    walk 28/64 |S|=29 tri_free=True greedyα=23
    walk 29/64 |S|=30 tri_free=True greedyα=36
    walk 30/64 |S|=26 tri_free=True greedyα=24
    walk 31/64 |S|=28 tri_free=True greedyα=34
    walk 32/64 |S|=27 tri_free=True greedyα=25
    walk 33/64 |S|=28 tri_free=True greedyα=23
    walk 34/64 |S|=29 tri_free=True greedyα=32
    walk 35/64 |S|=28 tri_free=True greedyα=18
    walk 36/64 |S|=28 tri_free=True greedyα=24
    walk 37/64 |S|=29 tri_free=True greedyα=42
    walk 38/64 |S|=26 tri_free=True greedyα=24
    walk 39/64 |S|=26 tri_free=True greedyα=19
    walk 40/64 |S|=30 tri_free=True greedyα=35
    walk 41/64 |S|=26 tri_free=True greedyα=24
    walk 42/64 |S|=28 tri_free=True greedyα=17
    walk 43/64 |S|=30 tri_free=True greedyα=29
    walk 44/64 |S|=26 tri_free=True greedyα=22
    walk 45/64 |S|=27 tri_free=True greedyα=29
    walk 46/64 |S|=28 tri_free=True greedyα=25
    walk 47/64 |S|=30 tri_free=True greedyα=39
    walk 48/64 |S|=30 tri_free=True greedyα=31
    walk 49/64 |S|=29 tri_free=True greedyα=25
    walk 50/64 |S|=27 tri_free=True greedyα=16
    walk 51/64 |S|=25 tri_free=True greedyα=23
    walk 52/64 |S|=23 tri_free=True greedyα=17
    walk 53/64 |S|=28 tri_free=True greedyα=20
    walk 54/64 |S|=28 tri_free=True greedyα=25
    walk 55/64 |S|=29 tri_free=True greedyα=30
    walk 56/64 |S|=28 tri_free=True greedyα=19
    walk 57/64 |S|=28 tri_free=True greedyα=24
    walk 58/64 |S|=25 tri_free=True greedyα=24
    walk 59/64 |S|=27 tri_free=True greedyα=18
    walk 60/64 |S|=27 tri_free=True greedyα=24
    walk 61/64 |S|=29 tri_free=True greedyα=30
    walk 62/64 |S|=30 tri_free=True greedyα=24
    walk 63/64 |S|=29 tri_free=True greedyα=24
    walk 64/64 |S|=31 tri_free=True greedyα=32
      MIS |S|=27 greedyα=16 residual IS ≥ 19 (α(G)≥20) {'found': True, 'lower': 19, 'exact': True, 'nodes': 18, 'seconds': 0.0004557184875011444, 'timed_out': False, 'backend': 'c-decide'}
      MIS |S|=28 greedyα=17 residual IS ≥ 19 (α(G)≥20) {'found': True, 'lower': 19, 'exact': True, 'nodes': 23, 'seconds': 0.0004013553261756897, 'timed_out': False, 'backend': 'c-decide'}
      MIS |S|=27 greedyα=17 residual IS ≥ 19 (α(G)≥20) {'found': True, 'lower': 19, 'exact': True, 'nodes': 47, 'seconds': 0.0003839731216430664, 'timed_out': False, 'backend': 'c-decide'}
      MIS |S|=26 greedyα=17 residual IS ≥ 19 (α(G)≥20) {'found': True, 'lower': 19, 'exact': True, 'nodes': 26, 'seconds': 0.0003697015345096588, 'timed_out': False, 'backend': 'c-decide'}
      MIS |S|=25 greedyα=17 residual IS ≥ 19 (α(G)≥20) {'found': True, 'lower': 19, 'exact': True, 'nodes': 42, 'seconds': 0.00035494565963745117, 'timed_out': False, 'backend': 'c-decide'}
      MIS |S|=23 greedyα=17 residual IS ≥ 19 (α(G)≥20) {'found': True, 'lower': 19, 'exact': True, 'nodes': 46, 'seconds': 0.0004262588918209076, 'timed_out': False, 'backend': 'c-decide'}
      MIS |S|=28 greedyα=18 residual IS ≥ 19 (α(G)≥20) {'found': True, 'lower': 19, 'exact': True, 'nodes': 18, 'seconds': 0.00039029866456985474, 'timed_out': False, 'backend': 'c-decide'}
      MIS |S|=27 greedyα=18 residual IS ≥ 19 (α(G)≥20) {'found': True, 'lower': 19, 'exact': True, 'nodes': 398, 'seconds': 0.0004347190260887146, 'timed_out': False, 'backend': 'c-decide'}
  [5c] p=241 e=5 D1∪D2 pool=48 t=20
    walk 1/64 |S|=28 tri_free=True greedyα=23
    walk 2/64 |S|=30 tri_free=True greedyα=32
    walk 3/64 |S|=30 tri_free=True greedyα=34
    walk 4/64 |S|=28 tri_free=True greedyα=21
    walk 5/64 |S|=30 tri_free=True greedyα=34
    walk 6/64 |S|=28 tri_free=True greedyα=20
    walk 7/64 |S|=26 tri_free=True greedyα=17
    walk 8/64 |S|=27 tri_free=True greedyα=17
    walk 9/64 |S|=26 tri_free=True greedyα=18
    walk 10/64 |S|=29 tri_free=True greedyα=22
    walk 11/64 |S|=25 tri_free=True greedyα=21
    walk 12/64 |S|=27 tri_free=True greedyα=21
    walk 13/64 |S|=31 tri_free=True greedyα=33
    walk 14/64 |S|=27 tri_free=True greedyα=33
    walk 15/64 |S|=28 tri_free=True greedyα=35
    walk 16/64 |S|=26 tri_free=True greedyα=25
    walk 17/64 |S|=28 tri_free=True greedyα=23
    walk 18/64 |S|=26 tri_free=True greedyα=26
    walk 19/64 |S|=32 tri_free=True greedyα=35
    walk 20/64 |S|=25 tri_free=True greedyα=23
    walk 21/64 |S|=29 tri_free=True greedyα=20
    walk 22/64 |S|=32 tri_free=True greedyα=25
    walk 23/64 |S|=29 tri_free=True greedyα=19
    walk 24/64 |S|=25 tri_free=True greedyα=26
    walk 25/64 |S|=27 tri_free=True greedyα=26
    walk 26/64 |S|=27 tri_free=True greedyα=28
    walk 27/64 |S|=26 tri_free=True greedyα=27
    walk 28/64 |S|=28 tri_free=True greedyα=30
    walk 29/64 |S|=26 tri_free=True greedyα=22
    walk 30/64 |S|=30 tri_free=True greedyα=35
    walk 31/64 |S|=28 tri_free=True greedyα=19
    walk 32/64 |S|=30 tri_free=True greedyα=29
    walk 33/64 |S|=30 tri_free=True greedyα=31
    walk 34/64 |S|=26 tri_free=True greedyα=29
    walk 35/64 |S|=31 tri_free=True greedyα=51
    walk 36/64 |S|=26 tri_free=True greedyα=19
    walk 37/64 |S|=26 tri_free=True greedyα=19
    walk 38/64 |S|=29 tri_free=True greedyα=18
    walk 39/64 |S|=26 tri_free=True greedyα=20
    walk 40/64 |S|=29 tri_free=True greedyα=24
    walk 41/64 |S|=27 tri_free=True greedyα=26
    walk 42/64 |S|=28 tri_free=True greedyα=28
    walk 43/64 |S|=32 tri_free=True greedyα=29
    walk 44/64 |S|=26 tri_free=True greedyα=18
    walk 45/64 |S|=26 tri_free=True greedyα=18
    walk 46/64 |S|=26 tri_free=True greedyα=25
    walk 47/64 |S|=26 tri_free=True greedyα=20
    walk 48/64 |S|=28 tri_free=True greedyα=34
    walk 49/64 |S|=30 tri_free=True greedyα=25
    walk 50/64 |S|=28 tri_free=True greedyα=22
    walk 51/64 |S|=25 tri_free=True greedyα=18
    walk 52/64 |S|=28 tri_free=True greedyα=28
    walk 53/64 |S|=28 tri_free=True greedyα=25
    walk 54/64 |S|=27 tri_free=True greedyα=17
    walk 55/64 |S|=31 tri_free=True greedyα=33
    walk 56/64 |S|=29 tri_free=True greedyα=22
    walk 57/64 |S|=27 tri_free=True greedyα=18
    walk 58/64 |S|=27 tri_free=True greedyα=23
    walk 59/64 |S|=31 tri_free=True greedyα=34
    walk 60/64 |S|=28 tri_free=True greedyα=25
    walk 61/64 |S|=26 tri_free=True greedyα=33
    walk 62/64 |S|=27 tri_free=True greedyα=23
    walk 63/64 |S|=31 tri_free=True greedyα=31
    walk 64/64 |S|=29 tri_free=True greedyα=24
      MIS |S|=27 greedyα=17 residual IS ≥ 19 (α(G)≥20) {'found': True, 'lower': 19, 'exact': True, 'nodes': 21, 'seconds': 0.0005141422152519226, 'timed_out': False, 'backend': 'c-decide'}
      MIS |S|=27 greedyα=17 residual IS ≥ 19 (α(G)≥20) {'found': True, 'lower': 19, 'exact': True, 'nodes': 29, 'seconds': 0.00041853636503219604, 'timed_out': False, 'backend': 'c-decide'}
      MIS |S|=26 greedyα=17 residual IS ≥ 19 (α(G)≥20) {'found': True, 'lower': 19, 'exact': True, 'nodes': 52, 'seconds': 0.000386994332075119, 'timed_out': False, 'backend': 'c-decide'}
      MIS |S|=29 greedyα=18 residual IS ≥ 19 (α(G)≥20) {'found': True, 'lower': 19, 'exact': True, 'nodes': 31, 'seconds': 0.00032132863998413086, 'timed_out': False, 'backend': 'c-decide'}
      MIS |S|=27 greedyα=18 residual IS ≥ 19 (α(G)≥20) {'found': True, 'lower': 19, 'exact': True, 'nodes': 42, 'seconds': 0.0003400184214115143, 'timed_out': False, 'backend': 'c-decide'}
      MIS |S|=26 greedyα=18 residual IS ≥ 19 (α(G)≥20) {'found': True, 'lower': 19, 'exact': True, 'nodes': 37, 'seconds': 0.00039230287075042725, 'timed_out': False, 'backend': 'c-decide'}
      MIS |S|=26 greedyα=18 residual IS ≥ 19 (α(G)≥20) {'found': True, 'lower': 19, 'exact': True, 'nodes': 25, 'seconds': 0.0004184432327747345, 'timed_out': False, 'backend': 'c-decide'}
      MIS |S|=26 greedyα=18 residual IS ≥ 19 (α(G)≥20) {'found': True, 'lower': 19, 'exact': True, 'nodes': 43, 'seconds': 0.00046011805534362793, 'timed_out': False, 'backend': 'c-decide'}
  [5c] p=241 e=5 D1∪D3 pool=48 t=20
    walk 1/64 |S|=25 tri_free=True greedyα=23
    walk 2/64 |S|=22 tri_free=True greedyα=21
    walk 3/64 |S|=24 tri_free=True greedyα=21
    walk 4/64 |S|=27 tri_free=True greedyα=47
    walk 5/64 |S|=24 tri_free=True greedyα=23
    walk 6/64 |S|=24 tri_free=True greedyα=30
    walk 7/64 |S|=25 tri_free=True greedyα=27
    walk 8/64 |S|=24 tri_free=True greedyα=19
    walk 9/64 |S|=24 tri_free=True greedyα=22
    walk 10/64 |S|=21 tri_free=True greedyα=25
    walk 11/64 |S|=24 tri_free=True greedyα=20
    walk 12/64 |S|=25 tri_free=True greedyα=26
    walk 13/64 |S|=24 tri_free=True greedyα=22
    walk 14/64 |S|=25 tri_free=True greedyα=24
    walk 15/64 |S|=26 tri_free=True greedyα=25
    walk 16/64 |S|=23 tri_free=True greedyα=21
    walk 17/64 |S|=24 tri_free=True greedyα=22
    walk 18/64 |S|=22 tri_free=True greedyα=21
    walk 19/64 |S|=24 tri_free=True greedyα=25
    walk 20/64 |S|=26 tri_free=True greedyα=18
    walk 21/64 |S|=24 tri_free=True greedyα=26
    walk 22/64 |S|=23 tri_free=True greedyα=23
    walk 23/64 |S|=25 tri_free=True greedyα=26
    walk 24/64 |S|=23 tri_free=True greedyα=21
    walk 25/64 |S|=26 tri_free=True greedyα=21
    walk 26/64 |S|=26 tri_free=True greedyα=33
    walk 27/64 |S|=25 tri_free=True greedyα=25
    walk 28/64 |S|=22 tri_free=True greedyα=23
    walk 29/64 |S|=25 tri_free=True greedyα=28
    walk 30/64 |S|=22 tri_free=True greedyα=22
    walk 31/64 |S|=23 tri_free=True greedyα=22
    walk 32/64 |S|=22 tri_free=True greedyα=24
    walk 33/64 |S|=22 tri_free=True greedyα=19
    walk 34/64 |S|=24 tri_free=True greedyα=21
    walk 35/64 |S|=24 tri_free=True greedyα=29
    walk 36/64 |S|=25 tri_free=True greedyα=23
    walk 37/64 |S|=27 tri_free=True greedyα=41
    walk 38/64 |S|=25 tri_free=True greedyα=28
    walk 39/64 |S|=23 tri_free=True greedyα=28
    walk 40/64 |S|=22 tri_free=True greedyα=19
    walk 41/64 |S|=22 tri_free=True greedyα=27
    walk 42/64 |S|=23 tri_free=True greedyα=29
    walk 43/64 |S|=25 tri_free=True greedyα=36
    walk 44/64 |S|=23 tri_free=True greedyα=22
    walk 45/64 |S|=25 tri_free=True greedyα=27
    walk 46/64 |S|=25 tri_free=True greedyα=27
    walk 47/64 |S|=23 tri_free=True greedyα=24
    walk 48/64 |S|=22 tri_free=True greedyα=19
    walk 49/64 |S|=22 tri_free=True greedyα=22
    walk 50/64 |S|=22 tri_free=True greedyα=22
    walk 51/64 |S|=23 tri_free=True greedyα=24
    walk 52/64 |S|=26 tri_free=True greedyα=23
    walk 53/64 |S|=25 tri_free=True greedyα=23
    walk 54/64 |S|=24 tri_free=True greedyα=34
    walk 55/64 |S|=23 tri_free=True greedyα=19
    walk 56/64 |S|=24 tri_free=True greedyα=29
    walk 57/64 |S|=24 tri_free=True greedyα=24
    walk 58/64 |S|=23 tri_free=True greedyα=24
    walk 59/64 |S|=23 tri_free=True greedyα=22
    walk 60/64 |S|=24 tri_free=True greedyα=22
    walk 61/64 |S|=24 tri_free=True greedyα=27
    walk 62/64 |S|=25 tri_free=True greedyα=23
    walk 63/64 |S|=23 tri_free=True greedyα=22
    walk 64/64 |S|=24 tri_free=True greedyα=21
      MIS |S|=26 greedyα=18 residual IS ≥ 19 (α(G)≥20) {'found': True, 'lower': 19, 'exact': True, 'nodes': 21, 'seconds': 0.000482313334941864, 'timed_out': False, 'backend': 'c-decide'}
      MIS |S|=24 greedyα=19 residual IS ≥ 19 (α(G)≥20) {'found': True, 'lower': 19, 'exact': True, 'nodes': 21, 'seconds': 0.0004805661737918854, 'timed_out': False, 'backend': 'c-decide'}
      MIS |S|=23 greedyα=19 residual IS ≥ 19 (α(G)≥20) {'found': True, 'lower': 19, 'exact': True, 'nodes': 41, 'seconds': 0.0004516132175922394, 'timed_out': False, 'backend': 'c-decide'}
      MIS |S|=22 greedyα=19 residual IS ≥ 19 (α(G)≥20) {'found': True, 'lower': 19, 'exact': True, 'nodes': 26, 'seconds': 0.0003454051911830902, 'timed_out': False, 'backend': 'c-decide'}
      MIS |S|=22 greedyα=19 residual IS ≥ 19 (α(G)≥20) {'found': True, 'lower': 19, 'exact': True, 'nodes': 31, 'seconds': 0.00035138800740242004, 'timed_out': False, 'backend': 'c-decide'}
      MIS |S|=22 greedyα=19 residual IS ≥ 19 (α(G)≥20) {'found': True, 'lower': 19, 'exact': True, 'nodes': 50, 'seconds': 0.000388316810131073, 'timed_out': False, 'backend': 'c-decide'}
  [5c] p=241 e=5 D1∪D4 pool=48 t=20
    walk 1/64 |S|=23 tri_free=True greedyα=21
    walk 2/64 |S|=25 tri_free=True greedyα=22
    walk 3/64 |S|=23 tri_free=True greedyα=23
    walk 4/64 |S|=23 tri_free=True greedyα=24
    walk 5/64 |S|=23 tri_free=True greedyα=22
    walk 6/64 |S|=22 tri_free=True greedyα=22
    walk 7/64 |S|=24 tri_free=True greedyα=23
    walk 8/64 |S|=22 tri_free=True greedyα=19
    walk 9/64 |S|=22 tri_free=True greedyα=23
    walk 10/64 |S|=24 tri_free=True greedyα=28
    walk 11/64 |S|=22 tri_free=True greedyα=32
    walk 12/64 |S|=27 tri_free=True greedyα=51
    walk 13/64 |S|=24 tri_free=True greedyα=25
    walk 14/64 |S|=24 tri_free=True greedyα=21
    walk 15/64 |S|=21 tri_free=True greedyα=18
    walk 16/64 |S|=24 tri_free=True greedyα=25
    walk 17/64 |S|=22 tri_free=True greedyα=25
    walk 18/64 |S|=23 tri_free=True greedyα=22
    walk 19/64 |S|=22 tri_free=True greedyα=23
    walk 20/64 |S|=23 tri_free=True greedyα=19
    walk 21/64 |S|=22 tri_free=True greedyα=23
    walk 22/64 |S|=21 tri_free=True greedyα=26
    walk 23/64 |S|=20 tri_free=True greedyα=29
    walk 24/64 |S|=25 tri_free=True greedyα=21
    walk 25/64 |S|=22 tri_free=True greedyα=25
    walk 26/64 |S|=24 tri_free=True greedyα=39
    walk 27/64 |S|=25 tri_free=True greedyα=18
    walk 28/64 |S|=24 tri_free=True greedyα=28
    walk 29/64 |S|=26 tri_free=True greedyα=24
    walk 30/64 |S|=24 tri_free=True greedyα=17
    walk 31/64 |S|=23 tri_free=True greedyα=28
    walk 32/64 |S|=23 tri_free=True greedyα=31
    walk 33/64 |S|=21 tri_free=True greedyα=24
    walk 34/64 |S|=22 tri_free=True greedyα=21
    walk 35/64 |S|=23 tri_free=True greedyα=29
    walk 36/64 |S|=24 tri_free=True greedyα=24
    walk 37/64 |S|=23 tri_free=True greedyα=29
    walk 38/64 |S|=22 tri_free=True greedyα=29
    walk 39/64 |S|=27 tri_free=True greedyα=27
    walk 40/64 |S|=23 tri_free=True greedyα=29
    walk 41/64 |S|=25 tri_free=True greedyα=26
    walk 42/64 |S|=23 tri_free=True greedyα=18
    walk 43/64 |S|=23 tri_free=True greedyα=23
    walk 44/64 |S|=24 tri_free=True greedyα=17
    walk 45/64 |S|=23 tri_free=True greedyα=19
    walk 46/64 |S|=22 tri_free=True greedyα=24
    walk 47/64 |S|=24 tri_free=True greedyα=24
    walk 48/64 |S|=22 tri_free=True greedyα=28
    walk 49/64 |S|=23 tri_free=True greedyα=26
    walk 50/64 |S|=23 tri_free=True greedyα=20
    walk 51/64 |S|=24 tri_free=True greedyα=25
    walk 52/64 |S|=24 tri_free=True greedyα=19
    walk 53/64 |S|=22 tri_free=True greedyα=22
    walk 54/64 |S|=25 tri_free=True greedyα=26
    walk 55/64 |S|=24 tri_free=True greedyα=27
    walk 56/64 |S|=21 tri_free=True greedyα=30
    walk 57/64 |S|=23 tri_free=True greedyα=19
    walk 58/64 |S|=23 tri_free=True greedyα=25
    walk 59/64 |S|=24 tri_free=True greedyα=24
    walk 60/64 |S|=22 tri_free=True greedyα=21
    walk 61/64 |S|=23 tri_free=True greedyα=19
    walk 62/64 |S|=23 tri_free=True greedyα=20
    walk 63/64 |S|=23 tri_free=True greedyα=28
    walk 64/64 |S|=21 tri_free=True greedyα=19
      MIS |S|=24 greedyα=17 residual IS ≥ 19 (α(G)≥20) {'found': True, 'lower': 19, 'exact': True, 'nodes': 20, 'seconds': 0.0004756562411785126, 'timed_out': False, 'backend': 'c-decide'}
      MIS |S|=24 greedyα=17 residual IS ≥ 19 (α(G)≥20) {'found': True, 'lower': 19, 'exact': True, 'nodes': 27, 'seconds': 0.0004497505724430084, 'timed_out': False, 'backend': 'c-decide'}
      MIS |S|=25 greedyα=18 residual IS ≥ 19 (α(G)≥20) {'found': True, 'lower': 19, 'exact': True, 'nodes': 54, 'seconds': 0.00042995065450668335, 'timed_out': False, 'backend': 'c-decide'}
      MIS |S|=23 greedyα=18 residual IS ≥ 19 (α(G)≥20) {'found': True, 'lower': 19, 'exact': True, 'nodes': 35, 'seconds': 0.0003652535378932953, 'timed_out': False, 'backend': 'c-decide'}
      MIS |S|=21 greedyα=18 residual IS ≥ 19 (α(G)≥20) {'found': True, 'lower': 19, 'exact': True, 'nodes': 25, 'seconds': 0.0004168078303337097, 'timed_out': False, 'backend': 'c-decide'}
      MIS |S|=24 greedyα=19 residual IS ≥ 19 (α(G)≥20) {'found': True, 'lower': 19, 'exact': True, 'nodes': 63, 'seconds': 0.00035999715328216553, 'timed_out': False, 'backend': 'c-decide'}
      MIS |S|=23 greedyα=19 residual IS ≥ 19 (α(G)≥20) {'found': True, 'lower': 19, 'exact': True, 'nodes': 33, 'seconds': 0.00043228641152381897, 'timed_out': False, 'backend': 'c-decide'}
      MIS |S|=23 greedyα=19 residual IS ≥ 19 (α(G)≥20) {'found': True, 'lower': 19, 'exact': True, 'nodes': 25, 'seconds': 0.00043578073382377625, 'timed_out': False, 'backend': 'c-decide'}
  [5c] p=241 e=5 D2∪D3 pool=48 t=20
    walk 1/64 |S|=31 tri_free=True greedyα=35
    walk 2/64 |S|=28 tri_free=True greedyα=21
    walk 3/64 |S|=27 tri_free=True greedyα=22
    walk 4/64 |S|=28 tri_free=True greedyα=18
    walk 5/64 |S|=27 tri_free=True greedyα=22
    walk 6/64 |S|=27 tri_free=True greedyα=19
    walk 7/64 |S|=26 tri_free=True greedyα=19
    walk 8/64 |S|=30 tri_free=True greedyα=28
    walk 9/64 |S|=27 tri_free=True greedyα=21
    walk 10/64 |S|=25 tri_free=True greedyα=25
    walk 11/64 |S|=28 tri_free=True greedyα=22
    walk 12/64 |S|=28 tri_free=True greedyα=19
    walk 13/64 |S|=28 tri_free=True greedyα=29
    walk 14/64 |S|=28 tri_free=True greedyα=23
    walk 15/64 |S|=29 tri_free=True greedyα=27
    walk 16/64 |S|=27 tri_free=True greedyα=21
    walk 17/64 |S|=29 tri_free=True greedyα=40
    walk 18/64 |S|=27 tri_free=True greedyα=17
    walk 19/64 |S|=29 tri_free=True greedyα=16
    walk 20/64 |S|=28 tri_free=True greedyα=19
    walk 21/64 |S|=28 tri_free=True greedyα=22
    walk 22/64 |S|=30 tri_free=True greedyα=29
    walk 23/64 |S|=27 tri_free=True greedyα=19
    walk 24/64 |S|=28 tri_free=True greedyα=27
    walk 25/64 |S|=27 tri_free=True greedyα=29
    walk 26/64 |S|=28 tri_free=True greedyα=23
    walk 27/64 |S|=28 tri_free=True greedyα=22
    walk 28/64 |S|=30 tri_free=True greedyα=32
    walk 29/64 |S|=28 tri_free=True greedyα=23
    walk 30/64 |S|=26 tri_free=True greedyα=26
    walk 31/64 |S|=26 tri_free=True greedyα=37
    walk 32/64 |S|=27 tri_free=True greedyα=28
    walk 33/64 |S|=27 tri_free=True greedyα=31
    walk 34/64 |S|=27 tri_free=True greedyα=20
    walk 35/64 |S|=26 tri_free=True greedyα=21
    walk 36/64 |S|=30 tri_free=True greedyα=23
    walk 37/64 |S|=28 tri_free=True greedyα=21
    walk 38/64 |S|=26 tri_free=True greedyα=19
    walk 39/64 |S|=28 tri_free=True greedyα=18
    walk 40/64 |S|=27 tri_free=True greedyα=20
    walk 41/64 |S|=27 tri_free=True greedyα=17
    walk 42/64 |S|=26 tri_free=True greedyα=35
    walk 43/64 |S|=28 tri_free=True greedyα=25
    walk 44/64 |S|=27 tri_free=True greedyα=24
    walk 45/64 |S|=28 tri_free=True greedyα=27
    walk 46/64 |S|=30 tri_free=True greedyα=23
    walk 47/64 |S|=28 tri_free=True greedyα=18
    walk 48/64 |S|=26 tri_free=True greedyα=18
    walk 49/64 |S|=30 tri_free=True greedyα=36
    walk 50/64 |S|=26 tri_free=True greedyα=23
    walk 51/64 |S|=28 tri_free=True greedyα=20
    walk 52/64 |S|=26 tri_free=True greedyα=18
    walk 53/64 |S|=28 tri_free=True greedyα=22
    walk 54/64 |S|=25 tri_free=True greedyα=23
    walk 55/64 |S|=28 tri_free=True greedyα=25
    walk 56/64 |S|=26 tri_free=True greedyα=22
    walk 57/64 |S|=29 tri_free=True greedyα=25
    walk 58/64 |S|=30 tri_free=True greedyα=35
    walk 59/64 |S|=28 tri_free=True greedyα=18
    walk 60/64 |S|=27 tri_free=True greedyα=37
    walk 61/64 |S|=27 tri_free=True greedyα=19
    walk 62/64 |S|=26 tri_free=True greedyα=19
    walk 63/64 |S|=26 tri_free=True greedyα=29
    walk 64/64 |S|=24 tri_free=True greedyα=24
      MIS |S|=29 greedyα=16 residual IS ≥ 19 (α(G)≥20) {'found': True, 'lower': 19, 'exact': True, 'nodes': 19, 'seconds': 0.0004237927496433258, 'timed_out': False, 'backend': 'c-decide'}
      MIS |S|=27 greedyα=17 residual IS ≥ 19 (α(G)≥20) {'found': True, 'lower': 19, 'exact': True, 'nodes': 19, 'seconds': 0.00044392794370651245, 'timed_out': False, 'backend': 'c-decide'}
      MIS |S|=27 greedyα=17 residual IS ≥ 19 (α(G)≥20) {'found': True, 'lower': 19, 'exact': True, 'nodes': 59, 'seconds': 0.00037461891770362854, 'timed_out': False, 'backend': 'c-decide'}
      MIS |S|=28 greedyα=18 residual IS ≥ 19 (α(G)≥20) {'found': True, 'lower': 19, 'exact': True, 'nodes': 51, 'seconds': 0.00037984922528266907, 'timed_out': False, 'backend': 'c-decide'}
      MIS |S|=28 greedyα=18 residual IS ≥ 19 (α(G)≥20) {'found': True, 'lower': 19, 'exact': True, 'nodes': 30, 'seconds': 0.00031806156039237976, 'timed_out': False, 'backend': 'c-decide'}
      MIS |S|=28 greedyα=18 residual IS ≥ 19 (α(G)≥20) {'found': True, 'lower': 19, 'exact': True, 'nodes': 62, 'seconds': 0.0003694705665111542, 'timed_out': False, 'backend': 'c-decide'}
      MIS |S|=28 greedyα=18 residual IS ≥ 19 (α(G)≥20) {'found': True, 'lower': 19, 'exact': True, 'nodes': 41, 'seconds': 0.00041047483682632446, 'timed_out': False, 'backend': 'c-decide'}
      MIS |S|=26 greedyα=18 residual IS ≥ 19 (α(G)≥20) {'found': True, 'lower': 19, 'exact': True, 'nodes': 22, 'seconds': 0.0004421062767505646, 'timed_out': False, 'backend': 'c-decide'}
  [5c] p=241 e=5 D2∪D4 pool=48 t=20
    walk 1/64 |S|=23 tri_free=True greedyα=28
    walk 2/64 |S|=24 tri_free=True greedyα=28
    walk 3/64 |S|=24 tri_free=True greedyα=20
    walk 4/64 |S|=22 tri_free=True greedyα=27
    walk 5/64 |S|=22 tri_free=True greedyα=25
    walk 6/64 |S|=22 tri_free=True greedyα=26
    walk 7/64 |S|=24 tri_free=True greedyα=27
    walk 8/64 |S|=24 tri_free=True greedyα=21
    walk 9/64 |S|=24 tri_free=True greedyα=22
    walk 10/64 |S|=25 tri_free=True greedyα=25
    walk 11/64 |S|=23 tri_free=True greedyα=25
    walk 12/64 |S|=24 tri_free=True greedyα=22
    walk 13/64 |S|=24 tri_free=True greedyα=23
    walk 14/64 |S|=27 tri_free=True greedyα=42
    walk 15/64 |S|=25 tri_free=True greedyα=27
    walk 16/64 |S|=21 tri_free=True greedyα=26
    walk 17/64 |S|=23 tri_free=True greedyα=24
    walk 18/64 |S|=22 tri_free=True greedyα=25
    walk 19/64 |S|=24 tri_free=True greedyα=23
    walk 20/64 |S|=24 tri_free=True greedyα=25
    walk 21/64 |S|=22 tri_free=True greedyα=19
    walk 22/64 |S|=23 tri_free=True greedyα=23
    walk 23/64 |S|=23 tri_free=True greedyα=18
    walk 24/64 |S|=24 tri_free=True greedyα=23
    walk 25/64 |S|=25 tri_free=True greedyα=18
    walk 26/64 |S|=24 tri_free=True greedyα=19
    walk 27/64 |S|=24 tri_free=True greedyα=19
    walk 28/64 |S|=24 tri_free=True greedyα=26
    walk 29/64 |S|=24 tri_free=True greedyα=24
    walk 30/64 |S|=24 tri_free=True greedyα=22
    walk 31/64 |S|=23 tri_free=True greedyα=24
    walk 32/64 |S|=24 tri_free=True greedyα=21
    walk 33/64 |S|=25 tri_free=True greedyα=29
    walk 34/64 |S|=23 tri_free=True greedyα=19
    walk 35/64 |S|=21 tri_free=True greedyα=30
    walk 36/64 |S|=24 tri_free=True greedyα=20
    walk 37/64 |S|=22 tri_free=True greedyα=27
    walk 38/64 |S|=24 tri_free=True greedyα=23
    walk 39/64 |S|=23 tri_free=True greedyα=23
    walk 40/64 |S|=21 tri_free=True greedyα=26
    walk 41/64 |S|=22 tri_free=True greedyα=22
    walk 42/64 |S|=21 tri_free=True greedyα=28
    walk 43/64 |S|=23 tri_free=True greedyα=19
    walk 44/64 |S|=22 tri_free=True greedyα=21
    walk 45/64 |S|=24 tri_free=True greedyα=25
    walk 46/64 |S|=22 tri_free=True greedyα=22
    walk 47/64 |S|=24 tri_free=True greedyα=28
    walk 48/64 |S|=24 tri_free=True greedyα=24
    walk 49/64 |S|=23 tri_free=True greedyα=21
    walk 50/64 |S|=23 tri_free=True greedyα=25
    walk 51/64 |S|=23 tri_free=True greedyα=22
    walk 52/64 |S|=25 tri_free=True greedyα=23
    walk 53/64 |S|=21 tri_free=True greedyα=21
    walk 54/64 |S|=24 tri_free=True greedyα=21
    walk 55/64 |S|=26 tri_free=True greedyα=19
    walk 56/64 |S|=23 tri_free=True greedyα=24
    walk 57/64 |S|=23 tri_free=True greedyα=20
    walk 58/64 |S|=23 tri_free=True greedyα=25
    walk 59/64 |S|=24 tri_free=True greedyα=28
    walk 60/64 |S|=24 tri_free=True greedyα=22
    walk 61/64 |S|=24 tri_free=True greedyα=20
    walk 62/64 |S|=23 tri_free=True greedyα=22
    walk 63/64 |S|=23 tri_free=True greedyα=20
    walk 64/64 |S|=24 tri_free=True greedyα=17
      MIS |S|=24 greedyα=17 residual IS ≥ 19 (α(G)≥20) {'found': True, 'lower': 19, 'exact': True, 'nodes': 20, 'seconds': 0.00048686936497688293, 'timed_out': False, 'backend': 'c-decide'}
      MIS |S|=25 greedyα=18 residual IS ≥ 19 (α(G)≥20) {'found': True, 'lower': 19, 'exact': True, 'nodes': 30, 'seconds': 0.0004473850131034851, 'timed_out': False, 'backend': 'c-decide'}
      MIS |S|=23 greedyα=18 residual IS ≥ 19 (α(G)≥20) {'found': True, 'lower': 19, 'exact': True, 'nodes': 44, 'seconds': 0.0004715137183666229, 'timed_out': False, 'backend': 'c-decide'}
      MIS |S|=26 greedyα=19 residual IS ≥ 19 (α(G)≥20) {'found': True, 'lower': 19, 'exact': True, 'nodes': 47, 'seconds': 0.0003815889358520508, 'timed_out': False, 'backend': 'c-decide'}
      MIS |S|=24 greedyα=19 residual IS ≥ 19 (α(G)≥20) {'found': True, 'lower': 19, 'exact': True, 'nodes': 56, 'seconds': 0.00041577592492103577, 'timed_out': False, 'backend': 'c-decide'}
      MIS |S|=24 greedyα=19 residual IS ≥ 19 (α(G)≥20) {'found': True, 'lower': 19, 'exact': True, 'nodes': 51, 'seconds': 0.0003888718783855438, 'timed_out': False, 'backend': 'c-decide'}
      MIS |S|=23 greedyα=19 residual IS ≥ 19 (α(G)≥20) {'found': True, 'lower': 19, 'exact': True, 'nodes': 34, 'seconds': 0.0004302188754081726, 'timed_out': False, 'backend': 'c-decide'}
      MIS |S|=23 greedyα=19 residual IS ≥ 19 (α(G)≥20) {'found': True, 'lower': 19, 'exact': True, 'nodes': 20, 'seconds': 0.0004730932414531708, 'timed_out': False, 'backend': 'c-decide'}
  [5c] p=241 e=5 D3∪D4 pool=48 t=20
    walk 1/64 |S|=32 tri_free=True greedyα=23
    walk 2/64 |S|=30 tri_free=True greedyα=27
    walk 3/64 |S|=26 tri_free=True greedyα=23
    walk 4/64 |S|=27 tri_free=True greedyα=31
    walk 5/64 |S|=31 tri_free=True greedyα=35
    walk 6/64 |S|=30 tri_free=True greedyα=29
    walk 7/64 |S|=29 tri_free=True greedyα=29
    walk 8/64 |S|=29 tri_free=True greedyα=27
    walk 9/64 |S|=26 tri_free=True greedyα=19
    walk 10/64 |S|=26 tri_free=True greedyα=19
    walk 11/64 |S|=27 tri_free=True greedyα=19
    walk 12/64 |S|=28 tri_free=True greedyα=23
    walk 13/64 |S|=26 tri_free=True greedyα=25
    walk 14/64 |S|=31 tri_free=True greedyα=25
    walk 15/64 |S|=27 tri_free=True greedyα=24
    walk 16/64 |S|=30 tri_free=True greedyα=29
    walk 17/64 |S|=28 tri_free=True greedyα=27
    walk 18/64 |S|=29 tri_free=True greedyα=37
    walk 19/64 |S|=25 tri_free=True greedyα=21
    walk 20/64 |S|=26 tri_free=True greedyα=16
    walk 21/64 |S|=28 tri_free=True greedyα=23
    walk 22/64 |S|=25 tri_free=True greedyα=21
    walk 23/64 |S|=26 tri_free=True greedyα=25
    walk 24/64 |S|=28 tri_free=True greedyα=25
    walk 25/64 |S|=29 tri_free=True greedyα=21
    walk 26/64 |S|=27 tri_free=True greedyα=21
    walk 27/64 |S|=28 tri_free=True greedyα=18
    walk 28/64 |S|=25 tri_free=True greedyα=18
    walk 29/64 |S|=28 tri_free=True greedyα=35
    walk 30/64 |S|=29 tri_free=True greedyα=25
    walk 31/64 |S|=28 tri_free=True greedyα=19
    walk 32/64 |S|=27 tri_free=True greedyα=20
    walk 33/64 |S|=25 tri_free=True greedyα=27
    walk 34/64 |S|=27 tri_free=True greedyα=19
    walk 35/64 |S|=26 tri_free=True greedyα=19
    walk 36/64 |S|=32 tri_free=True greedyα=35
    walk 37/64 |S|=25 tri_free=True greedyα=19
    walk 38/64 |S|=29 tri_free=True greedyα=34
    walk 39/64 |S|=24 tri_free=True greedyα=23
    walk 40/64 |S|=27 tri_free=True greedyα=33
    walk 41/64 |S|=28 tri_free=True greedyα=25
    walk 42/64 |S|=25 tri_free=True greedyα=25
    walk 43/64 |S|=27 tri_free=True greedyα=22
    walk 44/64 |S|=27 tri_free=True greedyα=25
    walk 45/64 |S|=27 tri_free=True greedyα=21
    walk 46/64 |S|=26 tri_free=True greedyα=18
    walk 47/64 |S|=26 tri_free=True greedyα=24
    walk 48/64 |S|=29 tri_free=True greedyα=27
    walk 49/64 |S|=26 tri_free=True greedyα=21
    walk 50/64 |S|=29 tri_free=True greedyα=32
    walk 51/64 |S|=29 tri_free=True greedyα=29
    walk 52/64 |S|=31 tri_free=True greedyα=32
    walk 53/64 |S|=27 tri_free=True greedyα=20
    walk 54/64 |S|=25 tri_free=True greedyα=22
    walk 55/64 |S|=28 tri_free=True greedyα=34
    walk 56/64 |S|=30 tri_free=True greedyα=25
    walk 57/64 |S|=27 tri_free=True greedyα=22
    walk 58/64 |S|=29 tri_free=True greedyα=27
    walk 59/64 |S|=29 tri_free=True greedyα=23
    walk 60/64 |S|=31 tri_free=True greedyα=35
    walk 61/64 |S|=29 tri_free=True greedyα=26
    walk 62/64 |S|=27 tri_free=True greedyα=24
    walk 63/64 |S|=29 tri_free=True greedyα=29
    walk 64/64 |S|=28 tri_free=True greedyα=35
      MIS |S|=26 greedyα=16 residual IS ≥ 19 (α(G)≥20) {'found': True, 'lower': 19, 'exact': True, 'nodes': 19, 'seconds': 0.00037615373730659485, 'timed_out': False, 'backend': 'c-decide'}
      MIS |S|=28 greedyα=18 residual IS ≥ 19 (α(G)≥20) {'found': True, 'lower': 19, 'exact': True, 'nodes': 24, 'seconds': 0.0004461146891117096, 'timed_out': False, 'backend': 'c-decide'}
      MIS |S|=26 greedyα=18 residual IS ≥ 19 (α(G)≥20) {'found': True, 'lower': 19, 'exact': True, 'nodes': 50, 'seconds': 0.000424358993768692, 'timed_out': False, 'backend': 'c-decide'}
      MIS |S|=25 greedyα=18 residual IS ≥ 19 (α(G)≥20) {'found': True, 'lower': 19, 'exact': True, 'nodes': 49, 'seconds': 0.00035353749990463257, 'timed_out': False, 'backend': 'c-decide'}
      MIS |S|=28 greedyα=19 residual IS ≥ 19 (α(G)≥20) {'found': True, 'lower': 19, 'exact': True, 'nodes': 34, 'seconds': 0.0004680454730987549, 'timed_out': False, 'backend': 'c-decide'}
      MIS |S|=27 greedyα=19 residual IS ≥ 19 (α(G)≥20) {'found': True, 'lower': 19, 'exact': True, 'nodes': 32, 'seconds': 0.0003225170075893402, 'timed_out': False, 'backend': 'c-decide'}
      MIS |S|=27 greedyα=19 residual IS ≥ 19 (α(G)≥20) {'found': True, 'lower': 19, 'exact': True, 'nodes': 43, 'seconds': 0.0004548951983451843, 'timed_out': False, 'backend': 'c-decide'}
      MIS |S|=26 greedyα=19 residual IS ≥ 19 (α(G)≥20) {'found': True, 'lower': 19, 'exact': True, 'nodes': 23, 'seconds': 0.0004216320812702179, 'timed_out': False, 'backend': 'c-decide'}
  [5c] p=241 e=8 D0∪D1 pool=30 t=20
    walk 1/64 |S|=20 tri_free=True greedyα=23
    walk 2/64 |S|=21 tri_free=True greedyα=34
    walk 3/64 |S|=21 tri_free=True greedyα=27
    walk 4/64 |S|=20 tri_free=True greedyα=23
    walk 5/64 |S|=20 tri_free=True greedyα=26
    walk 6/64 |S|=22 tri_free=True greedyα=21
    walk 7/64 |S|=19 tri_free=True greedyα=27
    walk 8/64 |S|=20 tri_free=True greedyα=25
    walk 9/64 |S|=20 tri_free=True greedyα=24
    walk 10/64 |S|=20 tri_free=True greedyα=24
    walk 11/64 |S|=21 tri_free=True greedyα=25
    walk 12/64 |S|=21 tri_free=True greedyα=27
    walk 13/64 |S|=18 tri_free=True greedyα=23
    walk 14/64 |S|=21 tri_free=True greedyα=23
    walk 15/64 |S|=21 tri_free=True greedyα=26
    walk 16/64 |S|=21 tri_free=True greedyα=24
    walk 17/64 |S|=20 tri_free=True greedyα=26
    walk 18/64 |S|=20 tri_free=True greedyα=26
    walk 19/64 |S|=20 tri_free=True greedyα=27
    walk 20/64 |S|=21 tri_free=True greedyα=28
    walk 21/64 |S|=20 tri_free=True greedyα=28
    walk 22/64 |S|=21 tri_free=True greedyα=27
    walk 23/64 |S|=21 tri_free=True greedyα=32
    walk 24/64 |S|=20 tri_free=True greedyα=25
    walk 25/64 |S|=20 tri_free=True greedyα=24
    walk 26/64 |S|=21 tri_free=True greedyα=34
    walk 27/64 |S|=22 tri_free=True greedyα=26
    walk 28/64 |S|=21 tri_free=True greedyα=28
    walk 29/64 |S|=20 tri_free=True greedyα=28
    walk 30/64 |S|=21 tri_free=True greedyα=22
    walk 31/64 |S|=21 orbit-dup skip
    walk 32/64 |S|=21 tri_free=True greedyα=23
    walk 33/64 |S|=20 tri_free=True greedyα=20
    walk 34/64 |S|=19 tri_free=True greedyα=23
    walk 35/64 |S|=18 tri_free=True greedyα=28
    walk 36/64 |S|=20 tri_free=True greedyα=24
    walk 37/64 |S|=20 tri_free=True greedyα=26
    walk 38/64 |S|=19 tri_free=True greedyα=26
    walk 39/64 |S|=22 orbit-dup skip
    walk 40/64 |S|=21 orbit-dup skip
    walk 41/64 |S|=20 tri_free=True greedyα=34
    walk 42/64 |S|=20 tri_free=True greedyα=25
    walk 43/64 |S|=20 tri_free=True greedyα=26
    walk 44/64 |S|=21 tri_free=True greedyα=22
    walk 45/64 |S|=21 tri_free=True greedyα=29
    walk 46/64 |S|=20 tri_free=True greedyα=25
    walk 47/64 |S|=21 tri_free=True greedyα=43
    walk 48/64 |S|=21 tri_free=True greedyα=28
    walk 49/64 |S|=20 tri_free=True greedyα=23
    walk 50/64 |S|=20 tri_free=True greedyα=26
    walk 51/64 |S|=20 tri_free=True greedyα=27
    walk 52/64 |S|=21 tri_free=True greedyα=36
    walk 53/64 |S|=21 tri_free=True greedyα=41
    walk 54/64 |S|=21 tri_free=True greedyα=24
    walk 55/64 |S|=20 tri_free=True greedyα=31
    walk 56/64 |S|=19 tri_free=True greedyα=26
    walk 57/64 |S|=20 tri_free=True greedyα=26
    walk 58/64 |S|=19 tri_free=True greedyα=24
    walk 59/64 |S|=20 tri_free=True greedyα=28
    walk 60/64 |S|=20 tri_free=True greedyα=25
    walk 61/64 |S|=20 tri_free=True greedyα=33
    walk 62/64 |S|=21 orbit-dup skip
    walk 63/64 |S|=21 tri_free=True greedyα=26
    walk 64/64 |S|=19 tri_free=True greedyα=24
  [5c] p=241 e=8 D0∪D2 pool=30 t=20
    walk 1/64 |S|=20 tri_free=True greedyα=25
    walk 2/64 |S|=19 tri_free=True greedyα=27
    walk 3/64 |S|=21 tri_free=True greedyα=26
    walk 4/64 |S|=20 tri_free=True greedyα=33
    walk 5/64 |S|=21 tri_free=True greedyα=34
    walk 6/64 |S|=21 tri_free=True greedyα=29
    walk 7/64 |S|=20 tri_free=True greedyα=24
    walk 8/64 |S|=19 tri_free=True greedyα=31
    walk 9/64 |S|=20 orbit-dup skip
    walk 10/64 |S|=19 tri_free=True greedyα=32
    walk 11/64 |S|=19 tri_free=True greedyα=30
    walk 12/64 |S|=20 tri_free=True greedyα=30
    walk 13/64 |S|=20 tri_free=True greedyα=28
    walk 14/64 |S|=21 tri_free=True greedyα=30
    walk 15/64 |S|=20 tri_free=True greedyα=23
    walk 16/64 |S|=21 tri_free=True greedyα=22
    walk 17/64 |S|=20 tri_free=True greedyα=28
    walk 18/64 |S|=20 tri_free=True greedyα=28
    walk 19/64 |S|=19 tri_free=True greedyα=30
    walk 20/64 |S|=20 tri_free=True greedyα=23
    walk 21/64 |S|=20 tri_free=True greedyα=29
    walk 22/64 |S|=21 tri_free=True greedyα=19
    walk 23/64 |S|=20 tri_free=True greedyα=23
    walk 24/64 |S|=21 orbit-dup skip
    walk 25/64 |S|=21 tri_free=True greedyα=22
    walk 26/64 |S|=20 tri_free=True greedyα=27
    walk 27/64 |S|=20 tri_free=True greedyα=23
    walk 28/64 |S|=20 tri_free=True greedyα=28
    walk 29/64 |S|=21 tri_free=True greedyα=27
    walk 30/64 |S|=20 tri_free=True greedyα=26
    walk 31/64 |S|=19 tri_free=True greedyα=31
    walk 32/64 |S|=21 tri_free=True greedyα=29
    walk 33/64 |S|=19 tri_free=True greedyα=27
    walk 34/64 |S|=20 tri_free=True greedyα=27
    walk 35/64 |S|=21 tri_free=True greedyα=22
    walk 36/64 |S|=19 tri_free=True greedyα=33
    walk 37/64 |S|=20 tri_free=True greedyα=25
    walk 38/64 |S|=20 tri_free=True greedyα=26
    walk 39/64 |S|=20 tri_free=True greedyα=32
    walk 40/64 |S|=21 orbit-dup skip
    walk 41/64 |S|=20 tri_free=True greedyα=27
    walk 42/64 |S|=20 tri_free=True greedyα=27
    walk 43/64 |S|=20 tri_free=True greedyα=27
    walk 44/64 |S|=20 tri_free=True greedyα=24
    walk 45/64 |S|=21 orbit-dup skip
    walk 46/64 |S|=20 tri_free=True greedyα=28
    walk 47/64 |S|=21 tri_free=True greedyα=24
    walk 48/64 |S|=21 tri_free=True greedyα=28
    walk 49/64 |S|=21 tri_free=True greedyα=24
    walk 50/64 |S|=20 tri_free=True greedyα=23
    walk 51/64 |S|=21 orbit-dup skip
    walk 52/64 |S|=19 tri_free=True greedyα=33
    walk 53/64 |S|=20 tri_free=True greedyα=26
    walk 54/64 |S|=20 tri_free=True greedyα=29
    walk 55/64 |S|=20 tri_free=True greedyα=23
    walk 56/64 |S|=20 tri_free=True greedyα=25
    walk 57/64 |S|=20 tri_free=True greedyα=33
    walk 58/64 |S|=20 tri_free=True greedyα=28
    walk 59/64 |S|=20 tri_free=True greedyα=29
    walk 60/64 |S|=19 tri_free=True greedyα=31
    walk 61/64 |S|=20 tri_free=True greedyα=26
    walk 62/64 |S|=19 tri_free=True greedyα=26
    walk 63/64 |S|=21 orbit-dup skip
    walk 64/64 |S|=22 tri_free=True greedyα=21
      MIS |S|=21 greedyα=19 residual IS ≥ 19 (α(G)≥20) {'found': True, 'lower': 19, 'exact': True, 'nodes': 21, 'seconds': 0.0005000755190849304, 'timed_out': False, 'backend': 'c-decide'}
  [5c] p=241 e=8 D0∪D3 pool=30 t=20
    walk 1/64 |S|=19 tri_free=True greedyα=25
    walk 2/64 |S|=20 tri_free=True greedyα=29
    walk 3/64 |S|=21 tri_free=True greedyα=28
    walk 4/64 |S|=19 tri_free=True greedyα=27
    walk 5/64 |S|=20 tri_free=True greedyα=29
    walk 6/64 |S|=18 tri_free=True greedyα=29
    walk 7/64 |S|=19 tri_free=True greedyα=28
    walk 8/64 |S|=20 tri_free=True greedyα=29
    walk 9/64 |S|=20 tri_free=True greedyα=28
    walk 10/64 |S|=21 tri_free=True greedyα=27
    walk 11/64 |S|=19 tri_free=True greedyα=29
    walk 12/64 |S|=19 tri_free=True greedyα=24
    walk 13/64 |S|=19 tri_free=True greedyα=26
    walk 14/64 |S|=20 tri_free=True greedyα=31
    walk 15/64 |S|=21 tri_free=True greedyα=26
    walk 16/64 |S|=18 tri_free=True greedyα=33
    walk 17/64 |S|=21 tri_free=True greedyα=32
    walk 18/64 |S|=19 tri_free=True greedyα=32
    walk 19/64 |S|=19 tri_free=True greedyα=36
    walk 20/64 |S|=20 tri_free=True greedyα=38
    walk 21/64 |S|=19 tri_free=True greedyα=25
    walk 22/64 |S|=20 tri_free=True greedyα=27
    walk 23/64 |S|=19 tri_free=True greedyα=32
    walk 24/64 |S|=20 tri_free=True greedyα=31
    walk 25/64 |S|=19 tri_free=True greedyα=26
    walk 26/64 |S|=21 tri_free=True greedyα=29
    walk 27/64 |S|=20 tri_free=True greedyα=29
    walk 28/64 |S|=19 tri_free=True greedyα=31
    walk 29/64 |S|=20 tri_free=True greedyα=29
    walk 30/64 |S|=20 tri_free=True greedyα=27
    walk 31/64 |S|=19 tri_free=True greedyα=27
    walk 32/64 |S|=20 orbit-dup skip
    walk 33/64 |S|=21 tri_free=True greedyα=23
    walk 34/64 |S|=20 tri_free=True greedyα=25
    walk 35/64 |S|=20 tri_free=True greedyα=25
    walk 36/64 |S|=20 tri_free=True greedyα=24
    walk 37/64 |S|=18 tri_free=True greedyα=22
    walk 38/64 |S|=19 tri_free=True greedyα=32
    walk 39/64 |S|=20 tri_free=True greedyα=27
    walk 40/64 |S|=18 tri_free=True greedyα=26
    walk 41/64 |S|=20 tri_free=True greedyα=26
    walk 42/64 |S|=20 tri_free=True greedyα=27
    walk 43/64 |S|=19 tri_free=True greedyα=24
    walk 44/64 |S|=20 tri_free=True greedyα=27
    walk 45/64 |S|=19 tri_free=True greedyα=30
    walk 46/64 |S|=20 tri_free=True greedyα=24
    walk 47/64 |S|=20 tri_free=True greedyα=25
    walk 48/64 |S|=20 tri_free=True greedyα=25
    walk 49/64 |S|=19 tri_free=True greedyα=25
    walk 50/64 |S|=19 tri_free=True greedyα=31
    walk 51/64 |S|=21 tri_free=True greedyα=23
    walk 52/64 |S|=19 tri_free=True greedyα=30
    walk 53/64 |S|=19 tri_free=True greedyα=47
    walk 54/64 |S|=20 orbit-dup skip
    walk 55/64 |S|=19 tri_free=True greedyα=32
    walk 56/64 |S|=21 tri_free=True greedyα=32
    walk 57/64 |S|=18 tri_free=True greedyα=26
    walk 58/64 |S|=19 tri_free=True greedyα=27
    walk 59/64 |S|=20 tri_free=True greedyα=28
    walk 60/64 |S|=20 tri_free=True greedyα=25
    walk 61/64 |S|=19 tri_free=True greedyα=27
    walk 62/64 |S|=20 tri_free=True greedyα=30
    walk 63/64 |S|=19 tri_free=True greedyα=24
    walk 64/64 |S|=20 tri_free=True greedyα=24
  [5c] p=241 e=8 D0∪D4 pool=30 t=20
    walk 1/64 |S|=18 tri_free=True greedyα=28
    walk 2/64 |S|=17 tri_free=True greedyα=21
    walk 3/64 |S|=19 tri_free=True greedyα=29
    walk 4/64 |S|=18 tri_free=True greedyα=22
    walk 5/64 |S|=18 tri_free=True greedyα=31
    walk 6/64 |S|=18 tri_free=True greedyα=25
    walk 7/64 |S|=17 tri_free=True greedyα=24
    walk 8/64 |S|=21 tri_free=True greedyα=22
    walk 9/64 |S|=18 tri_free=True greedyα=28
    walk 10/64 |S|=18 tri_free=True greedyα=29
    walk 11/64 |S|=19 tri_free=True greedyα=35
    walk 12/64 |S|=18 tri_free=True greedyα=35
    walk 13/64 |S|=20 tri_free=True greedyα=29
    walk 14/64 |S|=18 tri_free=True greedyα=28
    walk 15/64 |S|=18 tri_free=True greedyα=29
    walk 16/64 |S|=18 tri_free=True greedyα=27
    walk 17/64 |S|=16 tri_free=True greedyα=26
    walk 18/64 |S|=18 tri_free=True greedyα=27
    walk 19/64 |S|=18 tri_free=True greedyα=30
    walk 20/64 |S|=17 tri_free=True greedyα=31
    walk 21/64 |S|=17 tri_free=True greedyα=24
    walk 22/64 |S|=18 tri_free=True greedyα=25
    walk 23/64 |S|=18 tri_free=True greedyα=22
    walk 24/64 |S|=18 tri_free=True greedyα=21
    walk 25/64 |S|=19 tri_free=True greedyα=30
    walk 26/64 |S|=17 tri_free=True greedyα=26
    walk 27/64 |S|=17 tri_free=True greedyα=23
    walk 28/64 |S|=17 tri_free=True greedyα=30
    walk 29/64 |S|=18 tri_free=True greedyα=26
    walk 30/64 |S|=18 tri_free=True greedyα=35
    walk 31/64 |S|=17 tri_free=True greedyα=28
    walk 32/64 |S|=18 tri_free=True greedyα=26
    walk 33/64 |S|=17 tri_free=True greedyα=33
    walk 34/64 |S|=18 tri_free=True greedyα=27
    walk 35/64 |S|=18 tri_free=True greedyα=32
    walk 36/64 |S|=18 tri_free=True greedyα=42
    walk 37/64 |S|=18 tri_free=True greedyα=25
    walk 38/64 |S|=18 tri_free=True greedyα=38
    walk 39/64 |S|=17 tri_free=True greedyα=27
    walk 40/64 |S|=18 tri_free=True greedyα=29
    walk 41/64 |S|=16 tri_free=True greedyα=25
    walk 42/64 |S|=17 tri_free=True greedyα=25
    walk 43/64 |S|=16 tri_free=True greedyα=27
    walk 44/64 |S|=18 tri_free=True greedyα=25
    walk 45/64 |S|=17 tri_free=True greedyα=36
    walk 46/64 |S|=16 tri_free=True greedyα=29
    walk 47/64 |S|=18 tri_free=True greedyα=32
    walk 48/64 |S|=17 tri_free=True greedyα=26
    walk 49/64 |S|=17 tri_free=True greedyα=28
    walk 50/64 |S|=17 tri_free=True greedyα=33
    walk 51/64 |S|=18 tri_free=True greedyα=38
    walk 52/64 |S|=18 tri_free=True greedyα=40
    walk 53/64 |S|=18 tri_free=True greedyα=24
    walk 54/64 |S|=17 tri_free=True greedyα=24
    walk 55/64 |S|=18 tri_free=True greedyα=24
    walk 56/64 |S|=17 orbit-dup skip
    walk 57/64 |S|=17 tri_free=True greedyα=28
    walk 58/64 |S|=17 tri_free=True greedyα=25
    walk 59/64 |S|=19 tri_free=True greedyα=35
    walk 60/64 |S|=18 tri_free=True greedyα=24
    walk 61/64 |S|=17 tri_free=True greedyα=27
    walk 62/64 |S|=16 tri_free=True greedyα=25
    walk 63/64 |S|=18 tri_free=True greedyα=27
    walk 64/64 |S|=17 tri_free=True greedyα=29
  [5c] p=241 e=8 D0∪D5 pool=30 t=20
    walk 1/64 |S|=19 tri_free=True greedyα=27
    walk 2/64 |S|=19 tri_free=True greedyα=26
    walk 3/64 |S|=18 tri_free=True greedyα=27
    walk 4/64 |S|=19 tri_free=True greedyα=25
    walk 5/64 |S|=19 tri_free=True greedyα=30
    walk 6/64 |S|=17 tri_free=True greedyα=32
    walk 7/64 |S|=19 tri_free=True greedyα=27
    walk 8/64 |S|=18 tri_free=True greedyα=33
    walk 9/64 |S|=20 tri_free=True greedyα=30
    walk 10/64 |S|=18 tri_free=True greedyα=32
    walk 11/64 |S|=21 tri_free=True greedyα=26
    walk 12/64 |S|=20 tri_free=True greedyα=25
    walk 13/64 |S|=19 tri_free=True greedyα=28
    walk 14/64 |S|=18 tri_free=True greedyα=32
    walk 15/64 |S|=21 tri_free=True greedyα=56
    walk 16/64 |S|=20 tri_free=True greedyα=28
    walk 17/64 |S|=21 tri_free=True greedyα=25
    walk 18/64 |S|=20 tri_free=True greedyα=31
    walk 19/64 |S|=20 tri_free=True greedyα=30
    walk 20/64 |S|=19 tri_free=True greedyα=25
    walk 21/64 |S|=20 tri_free=True greedyα=27
    walk 22/64 |S|=20 tri_free=True greedyα=23
    walk 23/64 |S|=19 tri_free=True greedyα=29
    walk 24/64 |S|=20 tri_free=True greedyα=38
    walk 25/64 |S|=18 tri_free=True greedyα=28
    walk 26/64 |S|=18 tri_free=True greedyα=26
    walk 27/64 |S|=21 tri_free=True greedyα=32
    walk 28/64 |S|=19 tri_free=True greedyα=29
    walk 29/64 |S|=20 tri_free=True greedyα=23
    walk 30/64 |S|=20 tri_free=True greedyα=28
    walk 31/64 |S|=20 tri_free=True greedyα=23
    walk 32/64 |S|=20 tri_free=True greedyα=27
    walk 33/64 |S|=20 tri_free=True greedyα=27
    walk 34/64 |S|=18 tri_free=True greedyα=28
    walk 35/64 |S|=19 tri_free=True greedyα=24
    walk 36/64 |S|=21 tri_free=True greedyα=26
    walk 37/64 |S|=20 tri_free=True greedyα=29
    walk 38/64 |S|=19 tri_free=True greedyα=29
    walk 39/64 |S|=20 tri_free=True greedyα=37
    walk 40/64 |S|=19 tri_free=True greedyα=32
    walk 41/64 |S|=20 tri_free=True greedyα=29
    walk 42/64 |S|=20 tri_free=True greedyα=28
    walk 43/64 |S|=20 tri_free=True greedyα=26
    walk 44/64 |S|=18 tri_free=True greedyα=29
    walk 45/64 |S|=19 tri_free=True greedyα=30
    walk 46/64 |S|=19 tri_free=True greedyα=25
    walk 47/64 |S|=19 tri_free=True greedyα=26
    walk 48/64 |S|=19 tri_free=True greedyα=29
    walk 49/64 |S|=20 tri_free=True greedyα=24
    walk 50/64 |S|=19 tri_free=True greedyα=26
    walk 51/64 |S|=21 tri_free=True greedyα=25
    walk 52/64 |S|=20 tri_free=True greedyα=23
    walk 53/64 |S|=20 tri_free=True greedyα=29
    walk 54/64 |S|=19 tri_free=True greedyα=29
    walk 55/64 |S|=21 orbit-dup skip
    walk 56/64 |S|=19 tri_free=True greedyα=30
    walk 57/64 |S|=19 tri_free=True greedyα=30
    walk 58/64 |S|=18 tri_free=True greedyα=31
    walk 59/64 |S|=20 tri_free=True greedyα=27
    walk 60/64 |S|=21 tri_free=True greedyα=38
    walk 61/64 |S|=18 tri_free=True greedyα=26
    walk 62/64 |S|=19 tri_free=True greedyα=31
    walk 63/64 |S|=19 tri_free=True greedyα=27
    walk 64/64 |S|=21 tri_free=True greedyα=28
  [5c] p=241 e=8 D0∪D6 pool=30 t=20
    walk 1/64 |S|=20 tri_free=True greedyα=39
    walk 2/64 |S|=21 tri_free=True greedyα=21
    walk 3/64 |S|=19 tri_free=True greedyα=30
    walk 4/64 |S|=19 tri_free=True greedyα=31
    walk 5/64 |S|=21 tri_free=True greedyα=30
    walk 6/64 |S|=21 tri_free=True greedyα=22
    walk 7/64 |S|=20 tri_free=True greedyα=25
    walk 8/64 |S|=20 tri_free=True greedyα=26
    walk 9/64 |S|=21 tri_free=True greedyα=22
    walk 10/64 |S|=20 tri_free=True greedyα=26
    walk 11/64 |S|=21 tri_free=True greedyα=25
    walk 12/64 |S|=20 tri_free=True greedyα=37
    walk 13/64 |S|=21 tri_free=True greedyα=24
    walk 14/64 |S|=21 tri_free=True greedyα=24
    walk 15/64 |S|=20 tri_free=True greedyα=29
    walk 16/64 |S|=21 tri_free=True greedyα=26
    walk 17/64 |S|=19 tri_free=True greedyα=48
    walk 18/64 |S|=20 tri_free=True greedyα=28
    walk 19/64 |S|=20 tri_free=True greedyα=26
    walk 20/64 |S|=21 tri_free=True greedyα=30
    walk 21/64 |S|=20 tri_free=True greedyα=31
    walk 22/64 |S|=21 tri_free=True greedyα=22
    walk 23/64 |S|=21 tri_free=True greedyα=25
    walk 24/64 |S|=20 tri_free=True greedyα=41
    walk 25/64 |S|=21 tri_free=True greedyα=22
    walk 26/64 |S|=21 orbit-dup skip
    walk 27/64 |S|=21 orbit-dup skip
    walk 28/64 |S|=21 tri_free=True greedyα=24
    walk 29/64 |S|=21 tri_free=True greedyα=23
    walk 30/64 |S|=19 tri_free=True greedyα=31
    walk 31/64 |S|=21 tri_free=True greedyα=27
    walk 32/64 |S|=20 tri_free=True greedyα=32
    walk 33/64 |S|=19 tri_free=True greedyα=28
    walk 34/64 |S|=20 tri_free=True greedyα=25
    walk 35/64 |S|=21 tri_free=True greedyα=22
    walk 36/64 |S|=19 tri_free=True greedyα=28
    walk 37/64 |S|=19 tri_free=True greedyα=24
    walk 38/64 |S|=20 tri_free=True greedyα=32
    walk 39/64 |S|=21 orbit-dup skip
    walk 40/64 |S|=19 tri_free=True greedyα=26
    walk 41/64 |S|=21 tri_free=True greedyα=20
    walk 42/64 |S|=19 tri_free=True greedyα=32
    walk 43/64 |S|=17 tri_free=True greedyα=30
    walk 44/64 |S|=21 tri_free=True greedyα=24
    walk 45/64 |S|=20 tri_free=True greedyα=27
    walk 46/64 |S|=20 tri_free=True greedyα=22
    walk 47/64 |S|=20 tri_free=True greedyα=26
    walk 48/64 |S|=21 tri_free=True greedyα=32
    walk 49/64 |S|=20 tri_free=True greedyα=21
    walk 50/64 |S|=20 tri_free=True greedyα=25
    walk 51/64 |S|=21 tri_free=True greedyα=23
    walk 52/64 |S|=19 tri_free=True greedyα=27
    walk 53/64 |S|=19 tri_free=True greedyα=30
    walk 54/64 |S|=21 tri_free=True greedyα=30
    walk 55/64 |S|=20 tri_free=True greedyα=24
    walk 56/64 |S|=20 tri_free=True greedyα=24
    walk 57/64 |S|=20 tri_free=True greedyα=29
    walk 58/64 |S|=20 tri_free=True greedyα=25
    walk 59/64 |S|=21 tri_free=True greedyα=22
    walk 60/64 |S|=20 orbit-dup skip
    walk 61/64 |S|=21 orbit-dup skip
    walk 62/64 |S|=20 tri_free=True greedyα=26
    walk 63/64 |S|=21 orbit-dup skip
    walk 64/64 |S|=20 tri_free=True greedyα=28
  [5c] p=241 e=8 D0∪D7 pool=30 t=20
    walk 1/64 |S|=20 tri_free=True greedyα=24
    walk 2/64 |S|=21 tri_free=True greedyα=43
    walk 3/64 |S|=19 tri_free=True greedyα=24
    walk 4/64 |S|=22 tri_free=True greedyα=21
    walk 5/64 |S|=20 tri_free=True greedyα=26
    walk 6/64 |S|=20 tri_free=True greedyα=27
    walk 7/64 |S|=22 tri_free=True greedyα=28
    walk 8/64 |S|=20 tri_free=True greedyα=28
    walk 9/64 |S|=22 orbit-dup skip
    walk 10/64 |S|=22 orbit-dup skip
    walk 11/64 |S|=20 tri_free=True greedyα=28
    walk 12/64 |S|=20 tri_free=True greedyα=29
    walk 13/64 |S|=19 tri_free=True greedyα=26
    walk 14/64 |S|=20 tri_free=True greedyα=26
    walk 15/64 |S|=20 tri_free=True greedyα=23
    walk 16/64 |S|=19 tri_free=True greedyα=26
    walk 17/64 |S|=20 tri_free=True greedyα=23
    walk 18/64 |S|=21 tri_free=True greedyα=24
    walk 19/64 |S|=21 tri_free=True greedyα=31
    walk 20/64 |S|=19 tri_free=True greedyα=30
    walk 21/64 |S|=19 tri_free=True greedyα=22
    walk 22/64 |S|=19 tri_free=True greedyα=25
    walk 23/64 |S|=20 tri_free=True greedyα=26
    walk 24/64 |S|=19 tri_free=True greedyα=30
    walk 25/64 |S|=19 tri_free=True greedyα=29
    walk 26/64 |S|=20 tri_free=True greedyα=25
    walk 27/64 |S|=19 tri_free=True greedyα=24
    walk 28/64 |S|=20 tri_free=True greedyα=25
    walk 29/64 |S|=20 tri_free=True greedyα=29
    walk 30/64 |S|=20 tri_free=True greedyα=25
    walk 31/64 |S|=19 tri_free=True greedyα=27
    walk 32/64 |S|=20 tri_free=True greedyα=23
    walk 33/64 |S|=20 tri_free=True greedyα=27
    walk 34/64 |S|=19 tri_free=True greedyα=24
    walk 35/64 |S|=20 tri_free=True greedyα=28
    walk 36/64 |S|=21 tri_free=True greedyα=41
    walk 37/64 |S|=21 tri_free=True greedyα=29
    walk 38/64 |S|=21 tri_free=True greedyα=31
    walk 39/64 |S|=21 tri_free=True greedyα=43
    walk 40/64 |S|=20 tri_free=True greedyα=26
    walk 41/64 |S|=20 tri_free=True greedyα=22
    walk 42/64 |S|=21 tri_free=True greedyα=26
    walk 43/64 |S|=20 tri_free=True greedyα=25
    walk 44/64 |S|=18 tri_free=True greedyα=24
    walk 45/64 |S|=20 tri_free=True greedyα=32
    walk 46/64 |S|=21 orbit-dup skip
    walk 47/64 |S|=21 tri_free=True greedyα=35
    walk 48/64 |S|=21 orbit-dup skip
    walk 49/64 |S|=20 tri_free=True greedyα=23
    walk 50/64 |S|=20 tri_free=True greedyα=25
    walk 51/64 |S|=22 tri_free=True greedyα=23
    walk 52/64 |S|=21 tri_free=True greedyα=27
    walk 53/64 |S|=20 tri_free=True greedyα=25
    walk 54/64 |S|=20 tri_free=True greedyα=24
    walk 55/64 |S|=19 tri_free=True greedyα=29
    walk 56/64 |S|=19 tri_free=True greedyα=24
    walk 57/64 |S|=20 tri_free=True greedyα=26
    walk 58/64 |S|=20 tri_free=True greedyα=26
    walk 59/64 |S|=20 tri_free=True greedyα=22
    walk 60/64 |S|=21 tri_free=True greedyα=39
    walk 61/64 |S|=20 tri_free=True greedyα=27
    walk 62/64 |S|=20 tri_free=True greedyα=25
    walk 63/64 |S|=20 tri_free=True greedyα=26
    walk 64/64 |S|=20 tri_free=True greedyα=23
  [5c] p=241 e=8 D1∪D2 pool=30 t=20
    walk 1/64 |S|=21 tri_free=True greedyα=28
    walk 2/64 |S|=19 tri_free=True greedyα=24
    walk 3/64 |S|=21 tri_free=True greedyα=25
    walk 4/64 |S|=21 tri_free=True greedyα=24
    walk 5/64 |S|=21 tri_free=True greedyα=36
    walk 6/64 |S|=20 tri_free=True greedyα=28
    walk 7/64 |S|=20 tri_free=True greedyα=23
    walk 8/64 |S|=21 tri_free=True greedyα=23
    walk 9/64 |S|=20 tri_free=True greedyα=31
    walk 10/64 |S|=20 tri_free=True greedyα=26
    walk 11/64 |S|=20 tri_free=True greedyα=25
    walk 12/64 |S|=20 tri_free=True greedyα=24
    walk 13/64 |S|=20 tri_free=True greedyα=27
    walk 14/64 |S|=20 tri_free=True greedyα=24
    walk 15/64 |S|=22 tri_free=True greedyα=28
    walk 16/64 |S|=21 tri_free=True greedyα=25
    walk 17/64 |S|=20 tri_free=True greedyα=19
    walk 18/64 |S|=21 tri_free=True greedyα=35
    walk 19/64 |S|=21 tri_free=True greedyα=35
    walk 20/64 |S|=20 tri_free=True greedyα=26
    walk 21/64 |S|=20 tri_free=True greedyα=23
    walk 22/64 |S|=20 tri_free=True greedyα=30
    walk 23/64 |S|=21 tri_free=True greedyα=27
    walk 24/64 |S|=20 tri_free=True greedyα=24
    walk 25/64 |S|=21 orbit-dup skip
    walk 26/64 |S|=20 tri_free=True greedyα=27
    walk 27/64 |S|=20 tri_free=True greedyα=23
    walk 28/64 |S|=20 tri_free=True greedyα=36
    walk 29/64 |S|=20 tri_free=True greedyα=34
    walk 30/64 |S|=22 tri_free=True greedyα=21
    walk 31/64 |S|=20 tri_free=True greedyα=23
    walk 32/64 |S|=21 tri_free=True greedyα=34
    walk 33/64 |S|=20 tri_free=True greedyα=25
    walk 34/64 |S|=20 tri_free=True greedyα=28
    walk 35/64 |S|=21 orbit-dup skip
    walk 36/64 |S|=21 tri_free=True greedyα=29
    walk 37/64 |S|=20 tri_free=True greedyα=30
    walk 38/64 |S|=20 tri_free=True greedyα=26
    walk 39/64 |S|=18 tri_free=True greedyα=28
    walk 40/64 |S|=20 tri_free=True greedyα=24
    walk 41/64 |S|=20 tri_free=True greedyα=33
    walk 42/64 |S|=20 tri_free=True greedyα=28
    walk 43/64 |S|=21 tri_free=True greedyα=28
    walk 44/64 |S|=20 tri_free=True greedyα=27
    walk 45/64 |S|=21 tri_free=True greedyα=24
    walk 46/64 |S|=19 tri_free=True greedyα=24
    walk 47/64 |S|=19 tri_free=True greedyα=24
    walk 48/64 |S|=20 tri_free=True greedyα=29
    walk 49/64 |S|=21 tri_free=True greedyα=41
    walk 50/64 |S|=20 tri_free=True greedyα=27
    walk 51/64 |S|=20 tri_free=True greedyα=25
    walk 52/64 |S|=21 orbit-dup skip
    walk 53/64 |S|=21 tri_free=True greedyα=43
    walk 54/64 |S|=19 tri_free=True greedyα=30
    walk 55/64 |S|=19 tri_free=True greedyα=23
    walk 56/64 |S|=20 tri_free=True greedyα=26
    walk 57/64 |S|=22 orbit-dup skip
    walk 58/64 |S|=21 tri_free=True greedyα=31
    walk 59/64 |S|=20 orbit-dup skip
    walk 60/64 |S|=20 tri_free=True greedyα=27
    walk 61/64 |S|=21 tri_free=True greedyα=39
    walk 62/64 |S|=19 tri_free=True greedyα=27
    walk 63/64 |S|=20 tri_free=True greedyα=24
    walk 64/64 |S|=19 tri_free=True greedyα=26
      MIS |S|=20 greedyα=19 residual IS ≥ 19 (α(G)≥20) {'found': True, 'lower': 19, 'exact': True, 'nodes': 38, 'seconds': 0.00047565996646881104, 'timed_out': False, 'backend': 'c-decide'}
  [5c] p=241 e=8 D1∪D3 pool=30 t=20
    walk 1/64 |S|=19 tri_free=True greedyα=30
    walk 2/64 |S|=20 tri_free=True greedyα=25
    walk 3/64 |S|=20 tri_free=True greedyα=27
    walk 4/64 |S|=20 tri_free=True greedyα=29
    walk 5/64 |S|=19 tri_free=True greedyα=33
    walk 6/64 |S|=21 tri_free=True greedyα=25
    walk 7/64 |S|=19 tri_free=True greedyα=23
    walk 8/64 |S|=21 tri_free=True greedyα=34
    walk 9/64 |S|=20 tri_free=True greedyα=26
    walk 10/64 |S|=21 orbit-dup skip
    walk 11/64 |S|=20 tri_free=True greedyα=24
    walk 12/64 |S|=20 tri_free=True greedyα=32
    walk 13/64 |S|=21 tri_free=True greedyα=29
    walk 14/64 |S|=21 tri_free=True greedyα=25
    walk 15/64 |S|=21 tri_free=True greedyα=22
    walk 16/64 |S|=20 tri_free=True greedyα=37
    walk 17/64 |S|=21 tri_free=True greedyα=22
    walk 18/64 |S|=21 tri_free=True greedyα=29
    walk 19/64 |S|=21 tri_free=True greedyα=19
    walk 20/64 |S|=21 tri_free=True greedyα=23
    walk 21/64 |S|=20 tri_free=True greedyα=33
    walk 22/64 |S|=20 tri_free=True greedyα=29
    walk 23/64 |S|=21 tri_free=True greedyα=28
    walk 24/64 |S|=20 tri_free=True greedyα=30
    walk 25/64 |S|=20 tri_free=True greedyα=25
    walk 26/64 |S|=21 tri_free=True greedyα=25
    walk 27/64 |S|=20 tri_free=True greedyα=30
    walk 28/64 |S|=20 tri_free=True greedyα=22
    walk 29/64 |S|=21 tri_free=True greedyα=27
    walk 30/64 |S|=21 orbit-dup skip
    walk 31/64 |S|=21 tri_free=True greedyα=19
    walk 32/64 |S|=21 tri_free=True greedyα=24
    walk 33/64 |S|=21 tri_free=True greedyα=24
    walk 34/64 |S|=22 tri_free=True greedyα=25
    walk 35/64 |S|=21 tri_free=True greedyα=24
    walk 36/64 |S|=20 tri_free=True greedyα=28
    walk 37/64 |S|=21 tri_free=True greedyα=22
    walk 38/64 |S|=21 tri_free=True greedyα=25
    walk 39/64 |S|=20 tri_free=True greedyα=36
    walk 40/64 |S|=19 tri_free=True greedyα=52
    walk 41/64 |S|=20 orbit-dup skip
    walk 42/64 |S|=20 tri_free=True greedyα=25
    walk 43/64 |S|=21 tri_free=True greedyα=28
    walk 44/64 |S|=21 tri_free=True greedyα=26
    walk 45/64 |S|=20 tri_free=True greedyα=24
    walk 46/64 |S|=21 orbit-dup skip
    walk 47/64 |S|=19 tri_free=True greedyα=35
    walk 48/64 |S|=22 tri_free=True greedyα=21
    walk 49/64 |S|=20 tri_free=True greedyα=29
    walk 50/64 |S|=21 tri_free=True greedyα=22
    walk 51/64 |S|=20 orbit-dup skip
    walk 52/64 |S|=22 orbit-dup skip
    walk 53/64 |S|=19 tri_free=True greedyα=27
    walk 54/64 |S|=20 tri_free=True greedyα=24
    walk 55/64 |S|=20 orbit-dup skip
    walk 56/64 |S|=20 tri_free=True greedyα=28
    walk 57/64 |S|=20 tri_free=True greedyα=31
    walk 58/64 |S|=21 orbit-dup skip
    walk 59/64 |S|=21 tri_free=True greedyα=25
    walk 60/64 |S|=20 tri_free=True greedyα=26
    walk 61/64 |S|=20 tri_free=True greedyα=23
    walk 62/64 |S|=21 tri_free=True greedyα=23
    walk 63/64 |S|=20 orbit-dup skip
    walk 64/64 |S|=20 tri_free=True greedyα=27
      MIS |S|=21 greedyα=19 residual IS ≥ 19 (α(G)≥20) {'found': True, 'lower': 19, 'exact': True, 'nodes': 21, 'seconds': 0.0005060546100139618, 'timed_out': False, 'backend': 'c-decide'}
      MIS |S|=21 greedyα=19 residual IS ≥ 19 (α(G)≥20) {'found': True, 'lower': 19, 'exact': True, 'nodes': 33, 'seconds': 0.00035508349537849426, 'timed_out': False, 'backend': 'c-decide'}
  [5c] p=241 e=8 D1∪D4 pool=30 t=20
    walk 1/64 |S|=20 tri_free=True greedyα=40
    walk 2/64 |S|=19 tri_free=True greedyα=30
    walk 3/64 |S|=21 tri_free=True greedyα=28
    walk 4/64 |S|=20 tri_free=True greedyα=26
    walk 5/64 |S|=19 tri_free=True greedyα=26
    walk 6/64 |S|=20 tri_free=True greedyα=31
    walk 7/64 |S|=20 tri_free=True greedyα=32
    walk 8/64 |S|=19 tri_free=True greedyα=32
    walk 9/64 |S|=20 tri_free=True greedyα=27
    walk 10/64 |S|=21 tri_free=True greedyα=25
    walk 11/64 |S|=18 tri_free=True greedyα=34
    walk 12/64 |S|=20 tri_free=True greedyα=34
    walk 13/64 |S|=20 tri_free=True greedyα=26
    walk 14/64 |S|=19 tri_free=True greedyα=32
    walk 15/64 |S|=21 tri_free=True greedyα=27
    walk 16/64 |S|=20 orbit-dup skip
    walk 17/64 |S|=19 tri_free=True greedyα=31
    walk 18/64 |S|=20 tri_free=True greedyα=30
    walk 19/64 |S|=19 tri_free=True greedyα=24
    walk 20/64 |S|=20 tri_free=True greedyα=29
    walk 21/64 |S|=19 tri_free=True greedyα=29
    walk 22/64 |S|=19 tri_free=True greedyα=23
    walk 23/64 |S|=20 tri_free=True greedyα=33
    walk 24/64 |S|=19 tri_free=True greedyα=27
    walk 25/64 |S|=19 tri_free=True greedyα=25
    walk 26/64 |S|=19 tri_free=True greedyα=33
    walk 27/64 |S|=20 tri_free=True greedyα=27
    walk 28/64 |S|=20 tri_free=True greedyα=36
    walk 29/64 |S|=18 tri_free=True greedyα=28
    walk 30/64 |S|=21 tri_free=True greedyα=26
    walk 31/64 |S|=19 tri_free=True greedyα=22
    walk 32/64 |S|=21 tri_free=True greedyα=27
    walk 33/64 |S|=20 tri_free=True greedyα=33
    walk 34/64 |S|=18 tri_free=True greedyα=29
    walk 35/64 |S|=18 tri_free=True greedyα=27
    walk 36/64 |S|=19 tri_free=True greedyα=31
    walk 37/64 |S|=21 orbit-dup skip
    walk 38/64 |S|=20 tri_free=True greedyα=27
    walk 39/64 |S|=20 tri_free=True greedyα=21
    walk 40/64 |S|=19 tri_free=True greedyα=26
    walk 41/64 |S|=20 tri_free=True greedyα=26
    walk 42/64 |S|=18 tri_free=True greedyα=25
    walk 43/64 |S|=20 tri_free=True greedyα=34
    walk 44/64 |S|=19 tri_free=True greedyα=29
    walk 45/64 |S|=20 tri_free=True greedyα=32
    walk 46/64 |S|=18 tri_free=True greedyα=31
    walk 47/64 |S|=18 tri_free=True greedyα=27
    walk 48/64 |S|=19 tri_free=True greedyα=28
    walk 49/64 |S|=20 tri_free=True greedyα=29
    walk 50/64 |S|=19 tri_free=True greedyα=26
    walk 51/64 |S|=21 tri_free=True greedyα=25
    walk 52/64 |S|=18 tri_free=True greedyα=26
    walk 53/64 |S|=20 tri_free=True greedyα=28
    walk 54/64 |S|=19 tri_free=True greedyα=26
    walk 55/64 |S|=18 tri_free=True greedyα=27
    walk 56/64 |S|=20 tri_free=True greedyα=40
    walk 57/64 |S|=19 tri_free=True greedyα=33
    walk 58/64 |S|=20 tri_free=True greedyα=36
    walk 59/64 |S|=19 tri_free=True greedyα=27
    walk 60/64 |S|=19 tri_free=True greedyα=28
    walk 61/64 |S|=19 tri_free=True greedyα=33
    walk 62/64 |S|=21 tri_free=True greedyα=25
    walk 63/64 |S|=20 tri_free=True greedyα=40
    walk 64/64 |S|=20 tri_free=True greedyα=30
  [5c] p=241 e=8 D1∪D5 pool=30 t=20
    walk 1/64 |S|=18 tri_free=True greedyα=24
    walk 2/64 |S|=19 tri_free=True greedyα=20
    walk 3/64 |S|=18 tri_free=True greedyα=35
    walk 4/64 |S|=17 tri_free=True greedyα=25
    walk 5/64 |S|=18 tri_free=True greedyα=26
    walk 6/64 |S|=19 tri_free=True greedyα=36
    walk 7/64 |S|=17 tri_free=True greedyα=24
    walk 8/64 |S|=18 tri_free=True greedyα=31
    walk 9/64 |S|=17 tri_free=True greedyα=28
    walk 10/64 |S|=18 tri_free=True greedyα=35
    walk 11/64 |S|=18 tri_free=True greedyα=29
    walk 12/64 |S|=17 tri_free=True greedyα=28
    walk 13/64 |S|=21 tri_free=True greedyα=22
    walk 14/64 |S|=18 tri_free=True greedyα=34
    walk 15/64 |S|=20 tri_free=True greedyα=25
    walk 16/64 |S|=16 tri_free=True greedyα=29
    walk 17/64 |S|=17 tri_free=True greedyα=28
    walk 18/64 |S|=18 tri_free=True greedyα=28
    walk 19/64 |S|=16 tri_free=True greedyα=25
    walk 20/64 |S|=18 tri_free=True greedyα=23
    walk 21/64 |S|=18 tri_free=True greedyα=25
    walk 22/64 |S|=17 tri_free=True greedyα=28
    walk 23/64 |S|=17 tri_free=True greedyα=26
    walk 24/64 |S|=18 tri_free=True greedyα=24
    walk 25/64 |S|=16 tri_free=True greedyα=25
    walk 26/64 |S|=18 tri_free=True greedyα=29
    walk 27/64 |S|=19 tri_free=True greedyα=28
    walk 28/64 |S|=17 tri_free=True greedyα=32
    walk 29/64 |S|=18 tri_free=True greedyα=31
    walk 30/64 |S|=18 tri_free=True greedyα=31
    walk 31/64 |S|=18 tri_free=True greedyα=25
    walk 32/64 |S|=17 tri_free=True greedyα=28
    walk 33/64 |S|=18 tri_free=True greedyα=31
    walk 34/64 |S|=17 tri_free=True greedyα=24
    walk 35/64 |S|=19 tri_free=True greedyα=27
    walk 36/64 |S|=18 tri_free=True greedyα=31
    walk 37/64 |S|=19 orbit-dup skip
    walk 38/64 |S|=17 tri_free=True greedyα=27
    walk 39/64 |S|=16 tri_free=True greedyα=27
    walk 40/64 |S|=17 tri_free=True greedyα=29
    walk 41/64 |S|=17 tri_free=True greedyα=35
    walk 42/64 |S|=18 tri_free=True greedyα=29
    walk 43/64 |S|=21 orbit-dup skip
    walk 44/64 |S|=19 tri_free=True greedyα=25
    walk 45/64 |S|=17 tri_free=True greedyα=27
    walk 46/64 |S|=19 tri_free=True greedyα=34
    walk 47/64 |S|=19 tri_free=True greedyα=29
    walk 48/64 |S|=18 tri_free=True greedyα=26
    walk 49/64 |S|=17 tri_free=True greedyα=24
    walk 50/64 |S|=17 tri_free=True greedyα=28
    walk 51/64 |S|=19 tri_free=True greedyα=25
    walk 52/64 |S|=18 tri_free=True greedyα=31
    walk 53/64 |S|=17 tri_free=True greedyα=25
    walk 54/64 |S|=19 tri_free=True greedyα=29
    walk 55/64 |S|=18 tri_free=True greedyα=28
    walk 56/64 |S|=17 tri_free=True greedyα=28
    walk 57/64 |S|=18 tri_free=True greedyα=24
    walk 58/64 |S|=18 tri_free=True greedyα=26
    walk 59/64 |S|=16 tri_free=True greedyα=29
    walk 60/64 |S|=17 tri_free=True greedyα=27
    walk 61/64 |S|=17 tri_free=True greedyα=27
    walk 62/64 |S|=17 tri_free=True greedyα=31
    walk 63/64 |S|=17 tri_free=True greedyα=29
    walk 64/64 |S|=21 orbit-dup skip
  [5c] p=241 e=8 D1∪D6 pool=30 t=20
    walk 1/64 |S|=20 tri_free=True greedyα=27
    walk 2/64 |S|=20 tri_free=True greedyα=24
    walk 3/64 |S|=20 tri_free=True greedyα=27
    walk 4/64 |S|=20 tri_free=True greedyα=27
    walk 5/64 |S|=19 tri_free=True greedyα=30
    walk 6/64 |S|=20 tri_free=True greedyα=22
    walk 7/64 |S|=19 tri_free=True greedyα=23
    walk 8/64 |S|=20 tri_free=True greedyα=29
    walk 9/64 |S|=20 tri_free=True greedyα=28
    walk 10/64 |S|=18 tri_free=True greedyα=37
    walk 11/64 |S|=21 tri_free=True greedyα=59
    walk 12/64 |S|=21 tri_free=True greedyα=32
    walk 13/64 |S|=19 tri_free=True greedyα=26
    walk 14/64 |S|=20 tri_free=True greedyα=33
    walk 15/64 |S|=19 tri_free=True greedyα=24
    walk 16/64 |S|=20 tri_free=True greedyα=28
    walk 17/64 |S|=19 tri_free=True greedyα=32
    walk 18/64 |S|=18 tri_free=True greedyα=28
    walk 19/64 |S|=21 tri_free=True greedyα=25
    walk 20/64 |S|=20 tri_free=True greedyα=21
    walk 21/64 |S|=19 tri_free=True greedyα=26
    walk 22/64 |S|=19 tri_free=True greedyα=32
    walk 23/64 |S|=18 tri_free=True greedyα=27
    walk 24/64 |S|=21 tri_free=True greedyα=25
    walk 25/64 |S|=20 tri_free=True greedyα=24
    walk 26/64 |S|=21 tri_free=True greedyα=24
    walk 27/64 |S|=19 tri_free=True greedyα=21
    walk 28/64 |S|=20 tri_free=True greedyα=28
    walk 29/64 |S|=21 tri_free=True greedyα=38
    walk 30/64 |S|=20 tri_free=True greedyα=31
    walk 31/64 |S|=18 tri_free=True greedyα=26
    walk 32/64 |S|=20 tri_free=True greedyα=24
    walk 33/64 |S|=19 tri_free=True greedyα=24
    walk 34/64 |S|=20 tri_free=True greedyα=23
    walk 35/64 |S|=21 tri_free=True greedyα=25
    walk 36/64 |S|=21 tri_free=True greedyα=30
    walk 37/64 |S|=19 tri_free=True greedyα=27
    walk 38/64 |S|=20 tri_free=True greedyα=32
    walk 39/64 |S|=18 tri_free=True greedyα=32
    walk 40/64 |S|=21 tri_free=True greedyα=26
    walk 41/64 |S|=21 tri_free=True greedyα=29
    walk 42/64 |S|=21 orbit-dup skip
    walk 43/64 |S|=19 tri_free=True greedyα=25
    walk 44/64 |S|=20 tri_free=True greedyα=25
    walk 45/64 |S|=18 tri_free=True greedyα=26
    walk 46/64 |S|=19 tri_free=True greedyα=29
    walk 47/64 |S|=19 tri_free=True greedyα=28
    walk 48/64 |S|=19 tri_free=True greedyα=31
    walk 49/64 |S|=18 tri_free=True greedyα=25
    walk 50/64 |S|=20 tri_free=True greedyα=28
    walk 51/64 |S|=19 tri_free=True greedyα=30
    walk 52/64 |S|=19 tri_free=True greedyα=23
    walk 53/64 |S|=20 tri_free=True greedyα=28
    walk 54/64 |S|=19 tri_free=True greedyα=32
    walk 55/64 |S|=20 orbit-dup skip
    walk 56/64 |S|=21 orbit-dup skip
    walk 57/64 |S|=19 tri_free=True greedyα=28
    walk 58/64 |S|=19 tri_free=True greedyα=30
    walk 59/64 |S|=19 tri_free=True greedyα=23
    walk 60/64 |S|=20 tri_free=True greedyα=22
    walk 61/64 |S|=19 tri_free=True greedyα=28
    walk 62/64 |S|=20 tri_free=True greedyα=27
    walk 63/64 |S|=20 orbit-dup skip
    walk 64/64 |S|=19 tri_free=True greedyα=27
  [5c] p=241 e=8 D1∪D7 pool=30 t=20
    walk 1/64 |S|=20 tri_free=True greedyα=25
    walk 2/64 |S|=20 tri_free=True greedyα=31
    walk 3/64 |S|=20 tri_free=True greedyα=26
    walk 4/64 |S|=20 tri_free=True greedyα=32
    walk 5/64 |S|=21 tri_free=True greedyα=27
    walk 6/64 |S|=20 tri_free=True greedyα=33
    walk 7/64 |S|=20 tri_free=True greedyα=24
    walk 8/64 |S|=21 tri_free=True greedyα=27
    walk 9/64 |S|=19 tri_free=True greedyα=26
    walk 10/64 |S|=20 tri_free=True greedyα=27
    walk 11/64 |S|=21 tri_free=True greedyα=26
    walk 12/64 |S|=19 tri_free=True greedyα=28
    walk 13/64 |S|=21 tri_free=True greedyα=21
    walk 14/64 |S|=19 tri_free=True greedyα=30
    walk 15/64 |S|=20 tri_free=True greedyα=24
    walk 16/64 |S|=18 tri_free=True greedyα=33
    walk 17/64 |S|=21 tri_free=True greedyα=23
    walk 18/64 |S|=21 tri_free=True greedyα=26
    walk 19/64 |S|=20 tri_free=True greedyα=26
    walk 20/64 |S|=20 tri_free=True greedyα=28
    walk 21/64 |S|=20 tri_free=True greedyα=25
    walk 22/64 |S|=19 tri_free=True greedyα=27
    walk 23/64 |S|=20 tri_free=True greedyα=37
    walk 24/64 |S|=20 tri_free=True greedyα=27
    walk 25/64 |S|=20 tri_free=True greedyα=19
    walk 26/64 |S|=20 tri_free=True greedyα=25
    walk 27/64 |S|=20 orbit-dup skip
    walk 28/64 |S|=21 orbit-dup skip
    walk 29/64 |S|=19 tri_free=True greedyα=28
    walk 30/64 |S|=21 tri_free=True greedyα=23
    walk 31/64 |S|=20 tri_free=True greedyα=22
    walk 32/64 |S|=20 tri_free=True greedyα=29
    walk 33/64 |S|=20 tri_free=True greedyα=27
    walk 34/64 |S|=22 tri_free=True greedyα=21
    walk 35/64 |S|=19 tri_free=True greedyα=28
    walk 36/64 |S|=20 tri_free=True greedyα=28
    walk 37/64 |S|=20 tri_free=True greedyα=22
    walk 38/64 |S|=20 orbit-dup skip
    walk 39/64 |S|=19 tri_free=True greedyα=32
    walk 40/64 |S|=19 tri_free=True greedyα=34
    walk 41/64 |S|=20 tri_free=True greedyα=28
    walk 42/64 |S|=19 tri_free=True greedyα=31
    walk 43/64 |S|=19 tri_free=True greedyα=26
    walk 44/64 |S|=21 tri_free=True greedyα=27
    walk 45/64 |S|=20 tri_free=True greedyα=23
    walk 46/64 |S|=20 orbit-dup skip
    walk 47/64 |S|=21 orbit-dup skip
    walk 48/64 |S|=20 tri_free=True greedyα=28
    walk 49/64 |S|=19 tri_free=True greedyα=28
    walk 50/64 |S|=19 tri_free=True greedyα=32
    walk 51/64 |S|=20 tri_free=True greedyα=25
    walk 52/64 |S|=20 tri_free=True greedyα=26
    walk 53/64 |S|=20 tri_free=True greedyα=30
    walk 54/64 |S|=21 tri_free=True greedyα=27
    walk 55/64 |S|=20 tri_free=True greedyα=25
    walk 56/64 |S|=20 tri_free=True greedyα=31
    walk 57/64 |S|=22 orbit-dup skip
    walk 58/64 |S|=21 tri_free=True greedyα=22
    walk 59/64 |S|=19 tri_free=True greedyα=31
    walk 60/64 |S|=20 tri_free=True greedyα=24
    walk 61/64 |S|=19 tri_free=True greedyα=33
    walk 62/64 |S|=20 tri_free=True greedyα=25
    walk 63/64 |S|=20 tri_free=True greedyα=38
    walk 64/64 |S|=20 tri_free=True greedyα=26
      MIS |S|=20 greedyα=19 residual IS ≥ 19 (α(G)≥20) {'found': True, 'lower': 19, 'exact': True, 'nodes': 21, 'seconds': 0.0004573017358779907, 'timed_out': False, 'backend': 'c-decide'}
  [5c] p=241 e=8 D2∪D3 pool=30 t=20
    walk 1/64 |S|=20 tri_free=True greedyα=27
    walk 2/64 |S|=20 tri_free=True greedyα=23
    walk 3/64 |S|=20 tri_free=True greedyα=22
    walk 4/64 |S|=21 tri_free=True greedyα=40
    walk 5/64 |S|=21 tri_free=True greedyα=36
    walk 6/64 |S|=18 tri_free=True greedyα=25
    walk 7/64 |S|=21 tri_free=True greedyα=38
    walk 8/64 |S|=20 tri_free=True greedyα=25
    walk 9/64 |S|=19 tri_free=True greedyα=25
    walk 10/64 |S|=20 tri_free=True greedyα=29
    walk 11/64 |S|=21 tri_free=True greedyα=25
    walk 12/64 |S|=19 tri_free=True greedyα=24
    walk 13/64 |S|=20 tri_free=True greedyα=21
    walk 14/64 |S|=20 tri_free=True greedyα=26
    walk 15/64 |S|=22 tri_free=True greedyα=21
    walk 16/64 |S|=21 tri_free=True greedyα=25
    walk 17/64 |S|=20 tri_free=True greedyα=25
    walk 18/64 |S|=20 tri_free=True greedyα=36
    walk 19/64 |S|=20 tri_free=True greedyα=33
    walk 20/64 |S|=19 tri_free=True greedyα=27
    walk 21/64 |S|=20 tri_free=True greedyα=22
    walk 22/64 |S|=19 tri_free=True greedyα=27
    walk 23/64 |S|=21 tri_free=True greedyα=24
    walk 24/64 |S|=21 tri_free=True greedyα=25
    walk 25/64 |S|=20 tri_free=True greedyα=27
    walk 26/64 |S|=21 tri_free=True greedyα=32
    walk 27/64 |S|=21 tri_free=True greedyα=29
    walk 28/64 |S|=21 orbit-dup skip
    walk 29/64 |S|=20 tri_free=True greedyα=27
    walk 30/64 |S|=20 tri_free=True greedyα=24
    walk 31/64 |S|=21 tri_free=True greedyα=24
    walk 32/64 |S|=21 tri_free=True greedyα=25
    walk 33/64 |S|=20 tri_free=True greedyα=26
    walk 34/64 |S|=20 tri_free=True greedyα=30
    walk 35/64 |S|=21 tri_free=True greedyα=27
    walk 36/64 |S|=21 orbit-dup skip
    walk 37/64 |S|=21 tri_free=True greedyα=38
    walk 38/64 |S|=22 tri_free=True greedyα=20
    walk 39/64 |S|=22 orbit-dup skip
    walk 40/64 |S|=20 tri_free=True greedyα=27
    walk 41/64 |S|=21 orbit-dup skip
    walk 42/64 |S|=20 tri_free=True greedyα=24
    walk 43/64 |S|=20 tri_free=True greedyα=25
    walk 44/64 |S|=20 tri_free=True greedyα=26
    walk 45/64 |S|=20 orbit-dup skip
    walk 46/64 |S|=20 tri_free=True greedyα=26
    walk 47/64 |S|=19 tri_free=True greedyα=30
    walk 48/64 |S|=20 tri_free=True greedyα=23
    walk 49/64 |S|=21 tri_free=True greedyα=30
    walk 50/64 |S|=21 tri_free=True greedyα=22
    walk 51/64 |S|=19 tri_free=True greedyα=26
    walk 52/64 |S|=20 tri_free=True greedyα=27
    walk 53/64 |S|=21 tri_free=True greedyα=24
    walk 54/64 |S|=20 tri_free=True greedyα=22
    walk 55/64 |S|=19 tri_free=True greedyα=25
    walk 56/64 |S|=20 tri_free=True greedyα=25
    walk 57/64 |S|=21 orbit-dup skip
    walk 58/64 |S|=21 tri_free=True greedyα=25
    walk 59/64 |S|=19 tri_free=True greedyα=25
    walk 60/64 |S|=21 orbit-dup skip
    walk 61/64 |S|=20 orbit-dup skip
    walk 62/64 |S|=20 tri_free=True greedyα=27
    walk 63/64 |S|=20 tri_free=True greedyα=28
    walk 64/64 |S|=20 tri_free=True greedyα=28
  [5c] p=241 e=8 D2∪D4 pool=30 t=20
    walk 1/64 |S|=21 tri_free=True greedyα=30
    walk 2/64 |S|=20 tri_free=True greedyα=30
    walk 3/64 |S|=21 tri_free=True greedyα=23
    walk 4/64 |S|=20 tri_free=True greedyα=27
    walk 5/64 |S|=18 tri_free=True greedyα=27
    walk 6/64 |S|=21 tri_free=True greedyα=34
    walk 7/64 |S|=20 tri_free=True greedyα=29
    walk 8/64 |S|=21 tri_free=True greedyα=24
    walk 9/64 |S|=20 tri_free=True greedyα=24
    walk 10/64 |S|=21 tri_free=True greedyα=24
    walk 11/64 |S|=20 tri_free=True greedyα=40
    walk 12/64 |S|=20 tri_free=True greedyα=26
    walk 13/64 |S|=21 tri_free=True greedyα=27
    walk 14/64 |S|=20 tri_free=True greedyα=27
    walk 15/64 |S|=21 tri_free=True greedyα=24
    walk 16/64 |S|=21 tri_free=True greedyα=26
    walk 17/64 |S|=20 tri_free=True greedyα=28
    walk 18/64 |S|=21 tri_free=True greedyα=24
    walk 19/64 |S|=18 tri_free=True greedyα=38
    walk 20/64 |S|=20 orbit-dup skip
    walk 21/64 |S|=21 tri_free=True greedyα=26
    walk 22/64 |S|=22 tri_free=True greedyα=25
    walk 23/64 |S|=20 tri_free=True greedyα=27
    walk 24/64 |S|=20 tri_free=True greedyα=29
    walk 25/64 |S|=19 tri_free=True greedyα=30
    walk 26/64 |S|=21 tri_free=True greedyα=25
    walk 27/64 |S|=21 tri_free=True greedyα=21
    walk 28/64 |S|=19 tri_free=True greedyα=26
    walk 29/64 |S|=21 orbit-dup skip
    walk 30/64 |S|=20 tri_free=True greedyα=31
    walk 31/64 |S|=21 tri_free=True greedyα=22
    walk 32/64 |S|=20 tri_free=True greedyα=38
    walk 33/64 |S|=21 orbit-dup skip
    walk 34/64 |S|=20 tri_free=True greedyα=26
    walk 35/64 |S|=21 tri_free=True greedyα=23
    walk 36/64 |S|=20 tri_free=True greedyα=30
    walk 37/64 |S|=21 tri_free=True greedyα=27
    walk 38/64 |S|=21 tri_free=True greedyα=23
    walk 39/64 |S|=20 tri_free=True greedyα=32
    walk 40/64 |S|=20 tri_free=True greedyα=25
    walk 41/64 |S|=21 tri_free=True greedyα=26
    walk 42/64 |S|=20 tri_free=True greedyα=19
    walk 43/64 |S|=20 tri_free=True greedyα=33
    walk 44/64 |S|=20 tri_free=True greedyα=24
    walk 45/64 |S|=21 tri_free=True greedyα=27
    walk 46/64 |S|=20 tri_free=True greedyα=28
    walk 47/64 |S|=19 tri_free=True greedyα=29
    walk 48/64 |S|=21 orbit-dup skip
    walk 49/64 |S|=21 tri_free=True greedyα=24
    walk 50/64 |S|=21 orbit-dup skip
    walk 51/64 |S|=20 orbit-dup skip
    walk 52/64 |S|=19 orbit-dup skip
    walk 53/64 |S|=21 orbit-dup skip
    walk 54/64 |S|=20 tri_free=True greedyα=27
    walk 55/64 |S|=21 tri_free=True greedyα=24
    walk 56/64 |S|=20 tri_free=True greedyα=37
    walk 57/64 |S|=22 tri_free=True greedyα=21
    walk 58/64 |S|=19 tri_free=True greedyα=28
    walk 59/64 |S|=20 tri_free=True greedyα=25
    walk 60/64 |S|=20 tri_free=True greedyα=40
    walk 61/64 |S|=19 tri_free=True greedyα=32
    walk 62/64 |S|=22 orbit-dup skip
    walk 63/64 |S|=20 tri_free=True greedyα=36
    walk 64/64 |S|=19 tri_free=True greedyα=24
      MIS |S|=20 greedyα=19 residual IS ≥ 19 (α(G)≥20) {'found': True, 'lower': 19, 'exact': True, 'nodes': 26, 'seconds': 0.0005362555384635925, 'timed_out': False, 'backend': 'c-decide'}
  [5c] p=241 e=8 D2∪D5 pool=30 t=20
    walk 1/64 |S|=18 tri_free=True greedyα=32
    walk 2/64 |S|=20 tri_free=True greedyα=28
    walk 3/64 |S|=21 tri_free=True greedyα=27
    walk 4/64 |S|=20 tri_free=True greedyα=40
    walk 5/64 |S|=19 tri_free=True greedyα=28
    walk 6/64 |S|=20 tri_free=True greedyα=33
    walk 7/64 |S|=19 tri_free=True greedyα=31
    walk 8/64 |S|=19 tri_free=True greedyα=29
    walk 9/64 |S|=20 tri_free=True greedyα=28
    walk 10/64 |S|=19 tri_free=True greedyα=25
    walk 11/64 |S|=21 tri_free=True greedyα=25
    walk 12/64 |S|=21 tri_free=True greedyα=25
    walk 13/64 |S|=20 tri_free=True greedyα=26
    walk 14/64 |S|=21 tri_free=True greedyα=59
    walk 15/64 |S|=21 tri_free=True greedyα=30
    walk 16/64 |S|=19 tri_free=True greedyα=34
    walk 17/64 |S|=19 tri_free=True greedyα=25
    walk 18/64 |S|=18 tri_free=True greedyα=33
    walk 19/64 |S|=19 tri_free=True greedyα=27
    walk 20/64 |S|=21 tri_free=True greedyα=28
    walk 21/64 |S|=20 tri_free=True greedyα=27
    walk 22/64 |S|=20 tri_free=True greedyα=27
    walk 23/64 |S|=19 tri_free=True greedyα=30
    walk 24/64 |S|=19 tri_free=True greedyα=26
    walk 25/64 |S|=19 tri_free=True greedyα=27
    walk 26/64 |S|=18 tri_free=True greedyα=25
    walk 27/64 |S|=17 tri_free=True greedyα=29
    walk 28/64 |S|=20 tri_free=True greedyα=25
    walk 29/64 |S|=21 tri_free=True greedyα=28
    walk 30/64 |S|=21 tri_free=True greedyα=23
    walk 31/64 |S|=19 tri_free=True greedyα=27
    walk 32/64 |S|=20 tri_free=True greedyα=25
    walk 33/64 |S|=19 tri_free=True greedyα=25
    walk 34/64 |S|=21 tri_free=True greedyα=23
    walk 35/64 |S|=19 tri_free=True greedyα=41
    walk 36/64 |S|=20 tri_free=True greedyα=24
    walk 37/64 |S|=19 tri_free=True greedyα=26
    walk 38/64 |S|=18 tri_free=True greedyα=30
    walk 39/64 |S|=18 tri_free=True greedyα=29
    walk 40/64 |S|=21 orbit-dup skip
    walk 41/64 |S|=19 tri_free=True greedyα=29
    walk 42/64 |S|=21 orbit-dup skip
    walk 43/64 |S|=21 tri_free=True greedyα=28
    walk 44/64 |S|=19 tri_free=True greedyα=31
    walk 45/64 |S|=20 tri_free=True greedyα=26
    walk 46/64 |S|=21 tri_free=True greedyα=24
    walk 47/64 |S|=20 tri_free=True greedyα=28
    walk 48/64 |S|=20 tri_free=True greedyα=27
    walk 49/64 |S|=20 tri_free=True greedyα=24
    walk 50/64 |S|=18 tri_free=True greedyα=36
    walk 51/64 |S|=18 tri_free=True greedyα=27
    walk 52/64 |S|=20 tri_free=True greedyα=33
    walk 53/64 |S|=18 tri_free=True greedyα=28
    walk 54/64 |S|=20 tri_free=True greedyα=27
    walk 55/64 |S|=19 tri_free=True greedyα=29
    walk 56/64 |S|=19 tri_free=True greedyα=31
    walk 57/64 |S|=20 tri_free=True greedyα=28
    walk 58/64 |S|=20 tri_free=True greedyα=28
    walk 59/64 |S|=19 tri_free=True greedyα=26
    walk 60/64 |S|=19 tri_free=True greedyα=25
    walk 61/64 |S|=19 tri_free=True greedyα=23
    walk 62/64 |S|=21 orbit-dup skip
    walk 63/64 |S|=20 tri_free=True greedyα=24
    walk 64/64 |S|=20 orbit-dup skip
  [5c] p=241 e=8 D2∪D6 pool=30 t=20
    walk 1/64 |S|=18 tri_free=True greedyα=25
    walk 2/64 |S|=19 tri_free=True greedyα=29
    walk 3/64 |S|=17 tri_free=True greedyα=31
    walk 4/64 |S|=17 tri_free=True greedyα=26
    walk 5/64 |S|=18 tri_free=True greedyα=29
    walk 6/64 |S|=18 tri_free=True greedyα=26
    walk 7/64 |S|=16 tri_free=True greedyα=31
    walk 8/64 |S|=18 tri_free=True greedyα=25
    walk 9/64 |S|=18 tri_free=True greedyα=26
    walk 10/64 |S|=17 tri_free=True greedyα=33
    walk 11/64 |S|=17 tri_free=True greedyα=28
    walk 12/64 |S|=17 tri_free=True greedyα=25
    walk 13/64 |S|=17 tri_free=True greedyα=26
    walk 14/64 |S|=18 tri_free=True greedyα=26
    walk 15/64 |S|=18 tri_free=True greedyα=27
    walk 16/64 |S|=18 tri_free=True greedyα=26
    walk 17/64 |S|=18 tri_free=True greedyα=27
    walk 18/64 |S|=18 tri_free=True greedyα=24
    walk 19/64 |S|=19 tri_free=True greedyα=35
    walk 20/64 |S|=21 tri_free=True greedyα=24
    walk 21/64 |S|=17 tri_free=True greedyα=26
    walk 22/64 |S|=18 tri_free=True greedyα=27
    walk 23/64 |S|=17 tri_free=True greedyα=32
    walk 24/64 |S|=19 tri_free=True greedyα=21
    walk 25/64 |S|=18 tri_free=True greedyα=27
    walk 26/64 |S|=19 tri_free=True greedyα=29
    walk 27/64 |S|=19 tri_free=True greedyα=49
    walk 28/64 |S|=17 tri_free=True greedyα=30
    walk 29/64 |S|=17 tri_free=True greedyα=29
    walk 30/64 |S|=18 tri_free=True greedyα=26
    walk 31/64 |S|=17 tri_free=True greedyα=24
    walk 32/64 |S|=18 tri_free=True greedyα=24
    walk 33/64 |S|=18 tri_free=True greedyα=24
    walk 34/64 |S|=18 tri_free=True greedyα=24
    walk 35/64 |S|=21 orbit-dup skip
    walk 36/64 |S|=19 tri_free=True greedyα=31
    walk 37/64 |S|=17 tri_free=True greedyα=32
    walk 38/64 |S|=19 tri_free=True greedyα=34
    walk 39/64 |S|=19 tri_free=True greedyα=27
    walk 40/64 |S|=18 tri_free=True greedyα=33
    walk 41/64 |S|=18 tri_free=True greedyα=26
    walk 42/64 |S|=18 orbit-dup skip
    walk 43/64 |S|=17 tri_free=True greedyα=24
    walk 44/64 |S|=18 tri_free=True greedyα=29
    walk 45/64 |S|=18 tri_free=True greedyα=26
    walk 46/64 |S|=19 tri_free=True greedyα=27
    walk 47/64 |S|=16 tri_free=True greedyα=32
    walk 48/64 |S|=18 tri_free=True greedyα=36
    walk 49/64 |S|=17 tri_free=True greedyα=25
    walk 50/64 |S|=18 tri_free=True greedyα=28
    walk 51/64 |S|=18 tri_free=True greedyα=33
    walk 52/64 |S|=18 tri_free=True greedyα=39
    walk 53/64 |S|=18 tri_free=True greedyα=24
    walk 54/64 |S|=17 tri_free=True greedyα=33
    walk 55/64 |S|=19 orbit-dup skip
    walk 56/64 |S|=19 tri_free=True greedyα=35
    walk 57/64 |S|=17 tri_free=True greedyα=35
    walk 58/64 |S|=17 tri_free=True greedyα=27
    walk 59/64 |S|=17 tri_free=True greedyα=27
    walk 60/64 |S|=17 tri_free=True greedyα=30
    walk 61/64 |S|=18 tri_free=True greedyα=29
    walk 62/64 |S|=17 tri_free=True greedyα=31
    walk 63/64 |S|=18 tri_free=True greedyα=30
    walk 64/64 |S|=18 tri_free=True greedyα=35
  [5c] p=241 e=8 D2∪D7 pool=30 t=20
    walk 1/64 |S|=18 tri_free=True greedyα=31
    walk 2/64 |S|=19 tri_free=True greedyα=24
    walk 3/64 |S|=19 tri_free=True greedyα=24
    walk 4/64 |S|=20 tri_free=True greedyα=31
    walk 5/64 |S|=19 tri_free=True greedyα=23
    walk 6/64 |S|=20 tri_free=True greedyα=31
    walk 7/64 |S|=21 tri_free=True greedyα=38
    walk 8/64 |S|=20 tri_free=True greedyα=29
    walk 9/64 |S|=19 tri_free=True greedyα=30
    walk 10/64 |S|=20 tri_free=True greedyα=29
    walk 11/64 |S|=20 tri_free=True greedyα=23
    walk 12/64 |S|=20 tri_free=True greedyα=26
    walk 13/64 |S|=19 tri_free=True greedyα=25
    walk 14/64 |S|=18 tri_free=True greedyα=25
    walk 15/64 |S|=19 tri_free=True greedyα=27
    walk 16/64 |S|=21 tri_free=True greedyα=26
    walk 17/64 |S|=20 tri_free=True greedyα=27
    walk 18/64 |S|=18 tri_free=True greedyα=25
    walk 19/64 |S|=20 tri_free=True greedyα=24
    walk 20/64 |S|=19 tri_free=True greedyα=28
    walk 21/64 |S|=18 tri_free=True greedyα=29
    walk 22/64 |S|=20 tri_free=True greedyα=27
    walk 23/64 |S|=21 tri_free=True greedyα=28
    walk 24/64 |S|=20 tri_free=True greedyα=22
    walk 25/64 |S|=20 tri_free=True greedyα=28
    walk 26/64 |S|=18 tri_free=True greedyα=24
    walk 27/64 |S|=21 tri_free=True greedyα=26
    walk 28/64 |S|=19 tri_free=True greedyα=24
    walk 29/64 |S|=20 tri_free=True greedyα=31
    walk 30/64 |S|=18 tri_free=True greedyα=36
    walk 31/64 |S|=20 tri_free=True greedyα=31
    walk 32/64 |S|=18 tri_free=True greedyα=28
    walk 33/64 |S|=20 tri_free=True greedyα=28
    walk 34/64 |S|=19 tri_free=True greedyα=31
    walk 35/64 |S|=20 orbit-dup skip
    walk 36/64 |S|=20 tri_free=True greedyα=25
    walk 37/64 |S|=18 tri_free=True greedyα=27
    walk 38/64 |S|=20 tri_free=True greedyα=40
    walk 39/64 |S|=17 tri_free=True greedyα=32
    walk 40/64 |S|=19 tri_free=True greedyα=27
    walk 41/64 |S|=18 tri_free=True greedyα=31
    walk 42/64 |S|=20 tri_free=True greedyα=24
    walk 43/64 |S|=21 tri_free=True greedyα=27
    walk 44/64 |S|=19 tri_free=True greedyα=26
    walk 45/64 |S|=19 tri_free=True greedyα=29
    walk 46/64 |S|=20 tri_free=True greedyα=30
    walk 47/64 |S|=20 tri_free=True greedyα=25
    walk 48/64 |S|=21 tri_free=True greedyα=25
    walk 49/64 |S|=20 tri_free=True greedyα=27
    walk 50/64 |S|=19 tri_free=True greedyα=35
    walk 51/64 |S|=19 tri_free=True greedyα=28
    walk 52/64 |S|=19 tri_free=True greedyα=26
    walk 53/64 |S|=21 tri_free=True greedyα=25
    walk 54/64 |S|=21 tri_free=True greedyα=25
    walk 55/64 |S|=20 tri_free=True greedyα=31
    walk 56/64 |S|=18 tri_free=True greedyα=22
    walk 57/64 |S|=19 tri_free=True greedyα=28
    walk 58/64 |S|=21 orbit-dup skip
    walk 59/64 |S|=19 tri_free=True greedyα=23
    walk 60/64 |S|=20 orbit-dup skip
    walk 61/64 |S|=19 tri_free=True greedyα=23
    walk 62/64 |S|=21 tri_free=True greedyα=28
    walk 63/64 |S|=21 orbit-dup skip
    walk 64/64 |S|=19 tri_free=True greedyα=26
  [5c] p=241 e=8 D3∪D4 pool=30 t=20
    walk 1/64 |S|=21 tri_free=True greedyα=27
    walk 2/64 |S|=21 tri_free=True greedyα=32
    walk 3/64 |S|=20 tri_free=True greedyα=34
    walk 4/64 |S|=20 tri_free=True greedyα=28
    walk 5/64 |S|=19 tri_free=True greedyα=23
    walk 6/64 |S|=19 tri_free=True greedyα=22
    walk 7/64 |S|=20 tri_free=True greedyα=22
    walk 8/64 |S|=20 tri_free=True greedyα=25
    walk 9/64 |S|=20 tri_free=True greedyα=19
    walk 10/64 |S|=21 tri_free=True greedyα=25
    walk 11/64 |S|=22 tri_free=True greedyα=27
    walk 12/64 |S|=21 tri_free=True greedyα=30
    walk 13/64 |S|=21 tri_free=True greedyα=26
    walk 14/64 |S|=20 tri_free=True greedyα=31
    walk 15/64 |S|=20 tri_free=True greedyα=31
    walk 16/64 |S|=20 tri_free=True greedyα=24
    walk 17/64 |S|=20 tri_free=True greedyα=26
    walk 18/64 |S|=19 tri_free=True greedyα=26
    walk 19/64 |S|=20 tri_free=True greedyα=28
    walk 20/64 |S|=21 tri_free=True greedyα=39
    walk 21/64 |S|=20 tri_free=True greedyα=29
    walk 22/64 |S|=22 tri_free=True greedyα=21
    walk 23/64 |S|=19 tri_free=True greedyα=38
    walk 24/64 |S|=20 tri_free=True greedyα=30
    walk 25/64 |S|=22 orbit-dup skip
    walk 26/64 |S|=20 tri_free=True greedyα=26
    walk 27/64 |S|=20 tri_free=True greedyα=24
    walk 28/64 |S|=21 tri_free=True greedyα=33
    walk 29/64 |S|=20 tri_free=True greedyα=23
    walk 30/64 |S|=19 tri_free=True greedyα=23
    walk 31/64 |S|=20 tri_free=True greedyα=25
    walk 32/64 |S|=21 tri_free=True greedyα=23
    walk 33/64 |S|=20 tri_free=True greedyα=26
    walk 34/64 |S|=20 tri_free=True greedyα=26
    walk 35/64 |S|=20 tri_free=True greedyα=22
    walk 36/64 |S|=21 tri_free=True greedyα=35
    walk 37/64 |S|=20 tri_free=True greedyα=22
    walk 38/64 |S|=22 orbit-dup skip
    walk 39/64 |S|=20 tri_free=True greedyα=26
    walk 40/64 |S|=20 tri_free=True greedyα=35
    walk 41/64 |S|=20 tri_free=True greedyα=26
    walk 42/64 |S|=20 tri_free=True greedyα=28
    walk 43/64 |S|=20 tri_free=True greedyα=24
    walk 44/64 |S|=19 tri_free=True greedyα=26
    walk 45/64 |S|=20 tri_free=True greedyα=26
    walk 46/64 |S|=20 tri_free=True greedyα=23
    walk 47/64 |S|=19 tri_free=True greedyα=26
    walk 48/64 |S|=20 tri_free=True greedyα=28
    walk 49/64 |S|=20 tri_free=True greedyα=25
    walk 50/64 |S|=22 orbit-dup skip
    walk 51/64 |S|=20 orbit-dup skip
    walk 52/64 |S|=19 tri_free=True greedyα=28
    walk 53/64 |S|=20 tri_free=True greedyα=31
    walk 54/64 |S|=20 tri_free=True greedyα=24
    walk 55/64 |S|=20 tri_free=True greedyα=25
    walk 56/64 |S|=20 tri_free=True greedyα=26
    walk 57/64 |S|=19 tri_free=True greedyα=30
    walk 58/64 |S|=21 orbit-dup skip
    walk 59/64 |S|=21 tri_free=True greedyα=27
    walk 60/64 |S|=21 orbit-dup skip
    walk 61/64 |S|=22 orbit-dup skip
    walk 62/64 |S|=21 tri_free=True greedyα=35
    walk 63/64 |S|=20 tri_free=True greedyα=24
    walk 64/64 |S|=21 tri_free=True greedyα=26
      MIS |S|=20 greedyα=19 residual IS ≥ 19 (α(G)≥20) {'found': True, 'lower': 19, 'exact': True, 'nodes': 39, 'seconds': 0.00049576535820961, 'timed_out': False, 'backend': 'c-decide'}
  [5c] p=241 e=8 D3∪D5 pool=30 t=20
    walk 1/64 |S|=20 tri_free=True greedyα=31
    walk 2/64 |S|=19 tri_free=True greedyα=32
    walk 3/64 |S|=21 tri_free=True greedyα=28
    walk 4/64 |S|=19 tri_free=True greedyα=28
    walk 5/64 |S|=21 tri_free=True greedyα=24
    walk 6/64 |S|=21 tri_free=True greedyα=24
    walk 7/64 |S|=20 tri_free=True greedyα=33
    walk 8/64 |S|=18 tri_free=True greedyα=26
    walk 9/64 |S|=20 tri_free=True greedyα=28
    walk 10/64 |S|=20 tri_free=True greedyα=27
    walk 11/64 |S|=22 tri_free=True greedyα=25
    walk 12/64 |S|=19 tri_free=True greedyα=27
    walk 13/64 |S|=22 tri_free=True greedyα=21
    walk 14/64 |S|=19 tri_free=True greedyα=24
    walk 15/64 |S|=20 tri_free=True greedyα=24
    walk 16/64 |S|=21 tri_free=True greedyα=25
    walk 17/64 |S|=20 tri_free=True greedyα=27
    walk 18/64 |S|=20 tri_free=True greedyα=27
    walk 19/64 |S|=21 tri_free=True greedyα=24
    walk 20/64 |S|=19 tri_free=True greedyα=25
    walk 21/64 |S|=20 tri_free=True greedyα=30
    walk 22/64 |S|=19 tri_free=True greedyα=33
    walk 23/64 |S|=21 tri_free=True greedyα=20
    walk 24/64 |S|=20 tri_free=True greedyα=26
    walk 25/64 |S|=20 tri_free=True greedyα=23
    walk 26/64 |S|=19 tri_free=True greedyα=28
    walk 27/64 |S|=22 orbit-dup skip
    walk 28/64 |S|=20 tri_free=True greedyα=26
    walk 29/64 |S|=21 tri_free=True greedyα=24
    walk 30/64 |S|=21 tri_free=True greedyα=28
    walk 31/64 |S|=20 tri_free=True greedyα=20
    walk 32/64 |S|=20 tri_free=True greedyα=26
    walk 33/64 |S|=22 orbit-dup skip
    walk 34/64 |S|=19 tri_free=True greedyα=32
    walk 35/64 |S|=21 tri_free=True greedyα=24
    walk 36/64 |S|=21 tri_free=True greedyα=25
    walk 37/64 |S|=20 tri_free=True greedyα=22
    walk 38/64 |S|=20 tri_free=True greedyα=29
    walk 39/64 |S|=20 tri_free=True greedyα=23
    walk 40/64 |S|=21 tri_free=True greedyα=25
    walk 41/64 |S|=20 tri_free=True greedyα=32
    walk 42/64 |S|=21 tri_free=True greedyα=32
    walk 43/64 |S|=21 orbit-dup skip
    walk 44/64 |S|=20 tri_free=True greedyα=23
    walk 45/64 |S|=21 orbit-dup skip
    walk 46/64 |S|=21 tri_free=True greedyα=26
    walk 47/64 |S|=19 tri_free=True greedyα=31
    walk 48/64 |S|=20 tri_free=True greedyα=26
    walk 49/64 |S|=21 orbit-dup skip
    walk 50/64 |S|=20 tri_free=True greedyα=27
    walk 51/64 |S|=21 orbit-dup skip
    walk 52/64 |S|=19 tri_free=True greedyα=26
    walk 53/64 |S|=21 tri_free=True greedyα=30
    walk 54/64 |S|=21 tri_free=True greedyα=26
    walk 55/64 |S|=21 tri_free=True greedyα=24
    walk 56/64 |S|=22 orbit-dup skip
    walk 57/64 |S|=21 orbit-dup skip
    walk 58/64 |S|=21 tri_free=True greedyα=20
    walk 59/64 |S|=20 tri_free=True greedyα=24
    walk 60/64 |S|=20 tri_free=True greedyα=27
    walk 61/64 |S|=21 orbit-dup skip
    walk 62/64 |S|=21 tri_free=True greedyα=23
    walk 63/64 |S|=20 tri_free=True greedyα=27
    walk 64/64 |S|=20 tri_free=True greedyα=24
  [5c] p=241 e=8 D3∪D6 pool=30 t=20
    walk 1/64 |S|=18 tri_free=True greedyα=30
    walk 2/64 |S|=20 tri_free=True greedyα=25
    walk 3/64 |S|=19 tri_free=True greedyα=32
    walk 4/64 |S|=20 tri_free=True greedyα=26
    walk 5/64 |S|=21 tri_free=True greedyα=25
    walk 6/64 |S|=20 tri_free=True greedyα=23
    walk 7/64 |S|=20 tri_free=True greedyα=26
    walk 8/64 |S|=21 tri_free=True greedyα=24
    walk 9/64 |S|=18 tri_free=True greedyα=26
    walk 10/64 |S|=18 tri_free=True greedyα=28
    walk 11/64 |S|=19 tri_free=True greedyα=26
    walk 12/64 |S|=18 tri_free=True greedyα=33
    walk 13/64 |S|=19 tri_free=True greedyα=24
    walk 14/64 |S|=21 tri_free=True greedyα=28
    walk 15/64 |S|=21 tri_free=True greedyα=25
    walk 16/64 |S|=19 tri_free=True greedyα=26
    walk 17/64 |S|=20 tri_free=True greedyα=33
    walk 18/64 |S|=20 tri_free=True greedyα=26
    walk 19/64 |S|=20 tri_free=True greedyα=25
    walk 20/64 |S|=21 tri_free=True greedyα=27
    walk 21/64 |S|=21 tri_free=True greedyα=27
    walk 22/64 |S|=19 tri_free=True greedyα=27
    walk 23/64 |S|=19 tri_free=True greedyα=29
    walk 24/64 |S|=20 tri_free=True greedyα=38
    walk 25/64 |S|=19 tri_free=True greedyα=27
    walk 26/64 |S|=20 tri_free=True greedyα=28
    walk 27/64 |S|=20 tri_free=True greedyα=28
    walk 28/64 |S|=21 tri_free=True greedyα=23
    walk 29/64 |S|=19 tri_free=True greedyα=23
    walk 30/64 |S|=19 tri_free=True greedyα=28
    walk 31/64 |S|=20 tri_free=True greedyα=28
    walk 32/64 |S|=19 tri_free=True greedyα=27
    walk 33/64 |S|=19 tri_free=True greedyα=25
    walk 34/64 |S|=21 tri_free=True greedyα=22
    walk 35/64 |S|=19 tri_free=True greedyα=26
    walk 36/64 |S|=20 tri_free=True greedyα=28
    walk 37/64 |S|=19 tri_free=True greedyα=30
    walk 38/64 |S|=21 tri_free=True greedyα=24
    walk 39/64 |S|=19 tri_free=True greedyα=30
    walk 40/64 |S|=18 tri_free=True greedyα=31
    walk 41/64 |S|=21 tri_free=True greedyα=32
    walk 42/64 |S|=21 tri_free=True greedyα=27
    walk 43/64 |S|=20 tri_free=True greedyα=27
    walk 44/64 |S|=19 tri_free=True greedyα=29
    walk 45/64 |S|=19 tri_free=True greedyα=24
    walk 46/64 |S|=20 tri_free=True greedyα=24
    walk 47/64 |S|=20 tri_free=True greedyα=34
    walk 48/64 |S|=20 tri_free=True greedyα=28
    walk 49/64 |S|=18 tri_free=True greedyα=27
    walk 50/64 |S|=18 tri_free=True greedyα=24
    walk 51/64 |S|=20 tri_free=True greedyα=23
    walk 52/64 |S|=20 tri_free=True greedyα=27
    walk 53/64 |S|=20 orbit-dup skip
    walk 54/64 |S|=20 tri_free=True greedyα=24
    walk 55/64 |S|=20 orbit-dup skip
    walk 56/64 |S|=21 orbit-dup skip
    walk 57/64 |S|=21 orbit-dup skip
    walk 58/64 |S|=18 tri_free=True greedyα=28
    walk 59/64 |S|=18 tri_free=True greedyα=24
    walk 60/64 |S|=19 tri_free=True greedyα=29
    walk 61/64 |S|=20 tri_free=True greedyα=27
    walk 62/64 |S|=19 tri_free=True greedyα=33
    walk 63/64 |S|=20 orbit-dup skip
    walk 64/64 |S|=19 tri_free=True greedyα=25
  [5c] p=241 e=8 D3∪D7 pool=30 t=20
    walk 1/64 |S|=18 tri_free=True greedyα=31
    walk 2/64 |S|=19 tri_free=True greedyα=27
    walk 3/64 |S|=18 tri_free=True greedyα=23
    walk 4/64 |S|=17 tri_free=True greedyα=28
    walk 5/64 |S|=18 tri_free=True greedyα=36
    walk 6/64 |S|=16 tri_free=True greedyα=29
    walk 7/64 |S|=19 tri_free=True greedyα=28
    walk 8/64 |S|=19 tri_free=True greedyα=33
    walk 9/64 |S|=17 tri_free=True greedyα=28
    walk 10/64 |S|=18 tri_free=True greedyα=24
    walk 11/64 |S|=18 tri_free=True greedyα=26
    walk 12/64 |S|=18 tri_free=True greedyα=27
    walk 13/64 |S|=18 tri_free=True greedyα=32
    walk 14/64 |S|=18 tri_free=True greedyα=29
    walk 15/64 |S|=19 tri_free=True greedyα=49
    walk 16/64 |S|=18 tri_free=True greedyα=35
    walk 17/64 |S|=18 tri_free=True greedyα=27
    walk 18/64 |S|=18 tri_free=True greedyα=42
    walk 19/64 |S|=17 tri_free=True greedyα=30
    walk 20/64 |S|=18 tri_free=True greedyα=27
    walk 21/64 |S|=18 tri_free=True greedyα=36
    walk 22/64 |S|=16 tri_free=True greedyα=26
    walk 23/64 |S|=19 tri_free=True greedyα=21
    walk 24/64 |S|=18 tri_free=True greedyα=24
    walk 25/64 |S|=18 tri_free=True greedyα=29
    walk 26/64 |S|=17 tri_free=True greedyα=27
    walk 27/64 |S|=17 tri_free=True greedyα=28
    walk 28/64 |S|=18 tri_free=True greedyα=23
    walk 29/64 |S|=17 tri_free=True greedyα=27
    walk 30/64 |S|=19 tri_free=True greedyα=29
    walk 31/64 |S|=18 tri_free=True greedyα=30
    walk 32/64 |S|=17 tri_free=True greedyα=26
    walk 33/64 |S|=18 tri_free=True greedyα=33
    walk 34/64 |S|=18 tri_free=True greedyα=24
    walk 35/64 |S|=18 tri_free=True greedyα=31
    walk 36/64 |S|=18 tri_free=True greedyα=26
    walk 37/64 |S|=18 tri_free=True greedyα=44
    walk 38/64 |S|=19 tri_free=True greedyα=35
    walk 39/64 |S|=18 tri_free=True greedyα=25
    walk 40/64 |S|=18 tri_free=True greedyα=23
    walk 41/64 |S|=17 tri_free=True greedyα=25
    walk 42/64 |S|=16 tri_free=True greedyα=26
    walk 43/64 |S|=17 tri_free=True greedyα=27
    walk 44/64 |S|=18 tri_free=True greedyα=30
    walk 45/64 |S|=17 tri_free=True greedyα=26
    walk 46/64 |S|=18 tri_free=True greedyα=25
    walk 47/64 |S|=18 tri_free=True greedyα=29
    walk 48/64 |S|=18 tri_free=True greedyα=25
    walk 49/64 |S|=17 orbit-dup skip
    walk 50/64 |S|=18 tri_free=True greedyα=30
    walk 51/64 |S|=19 tri_free=True greedyα=21
    walk 52/64 |S|=17 tri_free=True greedyα=30
    walk 53/64 |S|=18 tri_free=True greedyα=24
    walk 54/64 |S|=16 tri_free=True greedyα=30
    walk 55/64 |S|=17 tri_free=True greedyα=32
    walk 56/64 |S|=21 tri_free=True greedyα=23
    walk 57/64 |S|=17 tri_free=True greedyα=29
    walk 58/64 |S|=18 tri_free=True greedyα=28
    walk 59/64 |S|=18 tri_free=True greedyα=30
    walk 60/64 |S|=18 tri_free=True greedyα=24
    walk 61/64 |S|=18 tri_free=True greedyα=27
    walk 62/64 |S|=19 tri_free=True greedyα=26
    walk 63/64 |S|=18 orbit-dup skip
    walk 64/64 |S|=18 tri_free=True greedyα=27
  [5c] p=241 e=8 D4∪D5 pool=30 t=20
    walk 1/64 |S|=19 tri_free=True greedyα=24
    walk 2/64 |S|=20 tri_free=True greedyα=24
    walk 3/64 |S|=19 tri_free=True greedyα=37
    walk 4/64 |S|=20 tri_free=True greedyα=24
    walk 5/64 |S|=20 tri_free=True greedyα=32
    walk 6/64 |S|=20 tri_free=True greedyα=24
    walk 7/64 |S|=21 tri_free=True greedyα=27
    walk 8/64 |S|=20 tri_free=True greedyα=23
    walk 9/64 |S|=20 tri_free=True greedyα=23
    walk 10/64 |S|=20 tri_free=True greedyα=28
    walk 11/64 |S|=20 tri_free=True greedyα=24
    walk 12/64 |S|=20 tri_free=True greedyα=27
    walk 13/64 |S|=19 tri_free=True greedyα=24
    walk 14/64 |S|=20 tri_free=True greedyα=29
    walk 15/64 |S|=21 tri_free=True greedyα=23
    walk 16/64 |S|=21 tri_free=True greedyα=24
    walk 17/64 |S|=19 tri_free=True greedyα=27
    walk 18/64 |S|=20 tri_free=True greedyα=26
    walk 19/64 |S|=21 tri_free=True greedyα=31
    walk 20/64 |S|=20 tri_free=True greedyα=23
    walk 21/64 |S|=20 tri_free=True greedyα=24
    walk 22/64 |S|=20 tri_free=True greedyα=28
    walk 23/64 |S|=20 tri_free=True greedyα=34
    walk 24/64 |S|=20 tri_free=True greedyα=24
    walk 25/64 |S|=20 tri_free=True greedyα=28
    walk 26/64 |S|=20 tri_free=True greedyα=27
    walk 27/64 |S|=21 tri_free=True greedyα=36
    walk 28/64 |S|=20 tri_free=True greedyα=32
    walk 29/64 |S|=20 tri_free=True greedyα=19
    walk 30/64 |S|=21 tri_free=True greedyα=31
    walk 31/64 |S|=22 tri_free=True greedyα=26
    walk 32/64 |S|=19 tri_free=True greedyα=24
    walk 33/64 |S|=21 tri_free=True greedyα=31
    walk 34/64 |S|=21 tri_free=True greedyα=32
    walk 35/64 |S|=20 tri_free=True greedyα=26
    walk 36/64 |S|=20 tri_free=True greedyα=25
    walk 37/64 |S|=20 tri_free=True greedyα=22
    walk 38/64 |S|=20 tri_free=True greedyα=24
    walk 39/64 |S|=19 tri_free=True greedyα=28
    walk 40/64 |S|=20 tri_free=True greedyα=25
    walk 41/64 |S|=19 tri_free=True greedyα=24
    walk 42/64 |S|=21 tri_free=True greedyα=41
    walk 43/64 |S|=20 tri_free=True greedyα=23
    walk 44/64 |S|=19 tri_free=True greedyα=31
    walk 45/64 |S|=21 tri_free=True greedyα=28
    walk 46/64 |S|=20 tri_free=True greedyα=26
    walk 47/64 |S|=20 tri_free=True greedyα=26
    walk 48/64 |S|=20 tri_free=True greedyα=32
    walk 49/64 |S|=20 tri_free=True greedyα=27
    walk 50/64 |S|=20 tri_free=True greedyα=26
    walk 51/64 |S|=19 tri_free=True greedyα=27
    walk 52/64 |S|=20 tri_free=True greedyα=33
    walk 53/64 |S|=19 tri_free=True greedyα=22
    walk 54/64 |S|=20 tri_free=True greedyα=29
    walk 55/64 |S|=20 tri_free=True greedyα=26
    walk 56/64 |S|=20 tri_free=True greedyα=30
    walk 57/64 |S|=20 tri_free=True greedyα=25
    walk 58/64 |S|=20 orbit-dup skip
    walk 59/64 |S|=20 tri_free=True greedyα=22
    walk 60/64 |S|=21 tri_free=True greedyα=38
    walk 61/64 |S|=20 tri_free=True greedyα=25
    walk 62/64 |S|=22 tri_free=True greedyα=24
    walk 63/64 |S|=20 tri_free=True greedyα=27
    walk 64/64 |S|=20 tri_free=True greedyα=21
      MIS |S|=20 greedyα=19 residual IS ≥ 19 (α(G)≥20) {'found': True, 'lower': 19, 'exact': True, 'nodes': 21, 'seconds': 0.0005301386117935181, 'timed_out': False, 'backend': 'c-decide'}
  [5c] p=241 e=8 D4∪D6 pool=30 t=20
    walk 1/64 |S|=20 tri_free=True greedyα=30
    walk 2/64 |S|=19 tri_free=True greedyα=30
    walk 3/64 |S|=20 tri_free=True greedyα=26
    walk 4/64 |S|=21 tri_free=True greedyα=21
    walk 5/64 |S|=21 tri_free=True greedyα=23
    walk 6/64 |S|=20 tri_free=True greedyα=25
    walk 7/64 |S|=21 tri_free=True greedyα=23
    walk 8/64 |S|=21 tri_free=True greedyα=28
    walk 9/64 |S|=21 tri_free=True greedyα=24
    walk 10/64 |S|=19 tri_free=True greedyα=29
    walk 11/64 |S|=20 tri_free=True greedyα=23
    walk 12/64 |S|=21 tri_free=True greedyα=19
    walk 13/64 |S|=20 tri_free=True greedyα=35
    walk 14/64 |S|=20 tri_free=True greedyα=23
    walk 15/64 |S|=21 tri_free=True greedyα=30
    walk 16/64 |S|=21 orbit-dup skip
    walk 17/64 |S|=20 tri_free=True greedyα=23
    walk 18/64 |S|=20 tri_free=True greedyα=27
    walk 19/64 |S|=20 tri_free=True greedyα=26
    walk 20/64 |S|=20 tri_free=True greedyα=26
    walk 21/64 |S|=20 tri_free=True greedyα=40
    walk 22/64 |S|=20 tri_free=True greedyα=22
    walk 23/64 |S|=20 tri_free=True greedyα=31
    walk 24/64 |S|=21 tri_free=True greedyα=25
    walk 25/64 |S|=19 tri_free=True greedyα=29
    walk 26/64 |S|=21 tri_free=True greedyα=27
    walk 27/64 |S|=21 tri_free=True greedyα=24
    walk 28/64 |S|=18 tri_free=True greedyα=27
    walk 29/64 |S|=20 tri_free=True greedyα=32
    walk 30/64 |S|=20 tri_free=True greedyα=25
    walk 31/64 |S|=19 tri_free=True greedyα=29
    walk 32/64 |S|=22 tri_free=True greedyα=26
    walk 33/64 |S|=20 tri_free=True greedyα=27
    walk 34/64 |S|=21 tri_free=True greedyα=27
    walk 35/64 |S|=19 tri_free=True greedyα=32
    walk 36/64 |S|=20 tri_free=True greedyα=39
    walk 37/64 |S|=21 tri_free=True greedyα=23
    walk 38/64 |S|=20 tri_free=True greedyα=27
    walk 39/64 |S|=21 orbit-dup skip
    walk 40/64 |S|=21 tri_free=True greedyα=23
    walk 41/64 |S|=20 tri_free=True greedyα=26
    walk 42/64 |S|=18 tri_free=True greedyα=29
    walk 43/64 |S|=21 tri_free=True greedyα=28
    walk 44/64 |S|=20 tri_free=True greedyα=26
    walk 45/64 |S|=21 tri_free=True greedyα=22
    walk 46/64 |S|=21 tri_free=True greedyα=24
    walk 47/64 |S|=20 tri_free=True greedyα=37
    walk 48/64 |S|=22 tri_free=True greedyα=21
    walk 49/64 |S|=21 orbit-dup skip
    walk 50/64 |S|=20 tri_free=True greedyα=25
    walk 51/64 |S|=19 tri_free=True greedyα=24
    walk 52/64 |S|=19 tri_free=True greedyα=27
    walk 53/64 |S|=22 orbit-dup skip
    walk 54/64 |S|=22 orbit-dup skip
    walk 55/64 |S|=20 tri_free=True greedyα=28
    walk 56/64 |S|=21 tri_free=True greedyα=19
    walk 57/64 |S|=19 tri_free=True greedyα=45
    walk 58/64 |S|=20 tri_free=True greedyα=25
    walk 59/64 |S|=22 orbit-dup skip
    walk 60/64 |S|=20 orbit-dup skip
    walk 61/64 |S|=20 tri_free=True greedyα=27
    walk 62/64 |S|=21 tri_free=True greedyα=25
    walk 63/64 |S|=19 orbit-dup skip
    walk 64/64 |S|=20 tri_free=True greedyα=30
      MIS |S|=21 greedyα=19 residual IS ≥ 19 (α(G)≥20) {'found': True, 'lower': 19, 'exact': True, 'nodes': 21, 'seconds': 0.0004923157393932343, 'timed_out': False, 'backend': 'c-decide'}
      MIS |S|=21 greedyα=19 residual IS ≥ 19 (α(G)≥20) {'found': True, 'lower': 19, 'exact': True, 'nodes': 55, 'seconds': 0.0004124455153942108, 'timed_out': False, 'backend': 'c-decide'}
  [5c] p=241 e=8 D4∪D7 pool=30 t=20
    walk 1/64 |S|=18 tri_free=True greedyα=24
    walk 2/64 |S|=20 tri_free=True greedyα=25
    walk 3/64 |S|=19 tri_free=True greedyα=26
    walk 4/64 |S|=20 tri_free=True greedyα=25
    walk 5/64 |S|=18 tri_free=True greedyα=27
    walk 6/64 |S|=17 tri_free=True greedyα=30
    walk 7/64 |S|=20 tri_free=True greedyα=28
    walk 8/64 |S|=19 tri_free=True greedyα=23
    walk 9/64 |S|=19 tri_free=True greedyα=24
    walk 10/64 |S|=21 tri_free=True greedyα=25
    walk 11/64 |S|=19 tri_free=True greedyα=28
    walk 12/64 |S|=20 tri_free=True greedyα=28
    walk 13/64 |S|=19 tri_free=True greedyα=21
    walk 14/64 |S|=20 tri_free=True greedyα=24
    walk 15/64 |S|=20 tri_free=True greedyα=26
    walk 16/64 |S|=21 tri_free=True greedyα=38
    walk 17/64 |S|=20 tri_free=True greedyα=27
    walk 18/64 |S|=21 tri_free=True greedyα=24
    walk 19/64 |S|=19 tri_free=True greedyα=23
    walk 20/64 |S|=18 tri_free=True greedyα=30
    walk 21/64 |S|=18 tri_free=True greedyα=29
    walk 22/64 |S|=20 tri_free=True greedyα=28
    walk 23/64 |S|=20 tri_free=True greedyα=26
    walk 24/64 |S|=20 tri_free=True greedyα=25
    walk 25/64 |S|=19 tri_free=True greedyα=26
    walk 26/64 |S|=19 tri_free=True greedyα=32
    walk 27/64 |S|=20 tri_free=True greedyα=31
    walk 28/64 |S|=20 tri_free=True greedyα=26
    walk 29/64 |S|=20 tri_free=True greedyα=25
    walk 30/64 |S|=19 tri_free=True greedyα=30
    walk 31/64 |S|=20 tri_free=True greedyα=29
    walk 32/64 |S|=20 tri_free=True greedyα=24
    walk 33/64 |S|=20 tri_free=True greedyα=25
    walk 34/64 |S|=21 tri_free=True greedyα=22
    walk 35/64 |S|=18 tri_free=True greedyα=33
    walk 36/64 |S|=20 tri_free=True greedyα=28
    walk 37/64 |S|=18 tri_free=True greedyα=28
    walk 38/64 |S|=21 tri_free=True greedyα=28
    walk 39/64 |S|=20 tri_free=True greedyα=24
    walk 40/64 |S|=18 tri_free=True greedyα=26
    walk 41/64 |S|=21 tri_free=True greedyα=58
    walk 42/64 |S|=20 tri_free=True greedyα=24
    walk 43/64 |S|=20 tri_free=True greedyα=30
    walk 44/64 |S|=19 tri_free=True greedyα=31
    walk 45/64 |S|=20 tri_free=True greedyα=33
    walk 46/64 |S|=20 tri_free=True greedyα=29
    walk 47/64 |S|=21 orbit-dup skip
    walk 48/64 |S|=20 tri_free=True greedyα=30
    walk 49/64 |S|=20 tri_free=True greedyα=25
    walk 50/64 |S|=20 tri_free=True greedyα=25
    walk 51/64 |S|=19 tri_free=True greedyα=26
    walk 52/64 |S|=18 tri_free=True greedyα=25
    walk 53/64 |S|=20 tri_free=True greedyα=23
    walk 54/64 |S|=20 orbit-dup skip
    walk 55/64 |S|=18 tri_free=True greedyα=30
    walk 56/64 |S|=18 tri_free=True greedyα=26
    walk 57/64 |S|=19 tri_free=True greedyα=30
    walk 58/64 |S|=19 tri_free=True greedyα=28
    walk 59/64 |S|=19 tri_free=True greedyα=25
    walk 60/64 |S|=20 orbit-dup skip
    walk 61/64 |S|=21 orbit-dup skip
    walk 62/64 |S|=18 tri_free=True greedyα=24
    walk 63/64 |S|=19 tri_free=True greedyα=31
    walk 64/64 |S|=18 tri_free=True greedyα=27
  [5c] p=241 e=8 D5∪D6 pool=30 t=20
    walk 1/64 |S|=19 tri_free=True greedyα=25
    walk 2/64 |S|=20 tri_free=True greedyα=26
    walk 3/64 |S|=20 tri_free=True greedyα=32
    walk 4/64 |S|=20 tri_free=True greedyα=34
    walk 5/64 |S|=20 tri_free=True greedyα=25
    walk 6/64 |S|=21 tri_free=True greedyα=26
    walk 7/64 |S|=20 tri_free=True greedyα=25
    walk 8/64 |S|=20 tri_free=True greedyα=24
    walk 9/64 |S|=20 tri_free=True greedyα=33
    walk 10/64 |S|=20 tri_free=True greedyα=26
    walk 11/64 |S|=20 tri_free=True greedyα=29
    walk 12/64 |S|=19 tri_free=True greedyα=25
    walk 13/64 |S|=20 tri_free=True greedyα=25
    walk 14/64 |S|=20 tri_free=True greedyα=26
    walk 15/64 |S|=20 tri_free=True greedyα=27
    walk 16/64 |S|=20 tri_free=True greedyα=21
    walk 17/64 |S|=20 tri_free=True greedyα=26
    walk 18/64 |S|=21 tri_free=True greedyα=28
    walk 19/64 |S|=20 tri_free=True greedyα=24
    walk 20/64 |S|=20 tri_free=True greedyα=23
    walk 21/64 |S|=20 tri_free=True greedyα=28
    walk 22/64 |S|=20 tri_free=True greedyα=26
    walk 23/64 |S|=21 tri_free=True greedyα=32
    walk 24/64 |S|=19 tri_free=True greedyα=24
    walk 25/64 |S|=19 tri_free=True greedyα=23
    walk 26/64 |S|=21 tri_free=True greedyα=26
    walk 27/64 |S|=21 tri_free=True greedyα=26
    walk 28/64 |S|=21 tri_free=True greedyα=30
    walk 29/64 |S|=20 tri_free=True greedyα=29
    walk 30/64 |S|=20 tri_free=True greedyα=28
    walk 31/64 |S|=21 tri_free=True greedyα=32
    walk 32/64 |S|=21 tri_free=True greedyα=43
    walk 33/64 |S|=21 tri_free=True greedyα=31
    walk 34/64 |S|=21 tri_free=True greedyα=31
    walk 35/64 |S|=21 tri_free=True greedyα=39
    walk 36/64 |S|=21 tri_free=True greedyα=25
    walk 37/64 |S|=20 tri_free=True greedyα=22
    walk 38/64 |S|=20 tri_free=True greedyα=26
    walk 39/64 |S|=21 tri_free=True greedyα=23
    walk 40/64 |S|=22 tri_free=True greedyα=28
    walk 41/64 |S|=21 orbit-dup skip
    walk 42/64 |S|=20 tri_free=True greedyα=28
    walk 43/64 |S|=21 orbit-dup skip
    walk 44/64 |S|=20 tri_free=True greedyα=31
    walk 45/64 |S|=20 tri_free=True greedyα=28
    walk 46/64 |S|=20 tri_free=True greedyα=23
    walk 47/64 |S|=21 tri_free=True greedyα=29
    walk 48/64 |S|=21 tri_free=True greedyα=36
    walk 49/64 |S|=20 tri_free=True greedyα=28
    walk 50/64 |S|=19 tri_free=True greedyα=24
    walk 51/64 |S|=20 tri_free=True greedyα=28
    walk 52/64 |S|=21 tri_free=True greedyα=27
    walk 53/64 |S|=19 tri_free=True greedyα=27
    walk 54/64 |S|=20 tri_free=True greedyα=29
    walk 55/64 |S|=20 tri_free=True greedyα=28
    walk 56/64 |S|=20 tri_free=True greedyα=31
    walk 57/64 |S|=20 tri_free=True greedyα=27
    walk 58/64 |S|=19 tri_free=True greedyα=24
    walk 59/64 |S|=20 tri_free=True greedyα=28
    walk 60/64 |S|=20 tri_free=True greedyα=24
    walk 61/64 |S|=20 tri_free=True greedyα=29
    walk 62/64 |S|=20 tri_free=True greedyα=25
    walk 63/64 |S|=20 tri_free=True greedyα=24
    walk 64/64 |S|=20 tri_free=True greedyα=22
  [5c] p=241 e=8 D5∪D7 pool=30 t=20
    walk 1/64 |S|=21 tri_free=True greedyα=23
    walk 2/64 |S|=20 tri_free=True greedyα=28
    walk 3/64 |S|=21 tri_free=True greedyα=23
    walk 4/64 |S|=21 tri_free=True greedyα=28
    walk 5/64 |S|=19 tri_free=True greedyα=29
    walk 6/64 |S|=21 tri_free=True greedyα=25
    walk 7/64 |S|=20 tri_free=True greedyα=24
    walk 8/64 |S|=20 tri_free=True greedyα=24
    walk 9/64 |S|=21 tri_free=True greedyα=22
    walk 10/64 |S|=20 tri_free=True greedyα=25
    walk 11/64 |S|=21 tri_free=True greedyα=24
    walk 12/64 |S|=21 tri_free=True greedyα=31
    walk 13/64 |S|=20 tri_free=True greedyα=31
    walk 14/64 |S|=21 tri_free=True greedyα=26
    walk 15/64 |S|=20 tri_free=True greedyα=26
    walk 16/64 |S|=20 tri_free=True greedyα=25
    walk 17/64 |S|=19 tri_free=True greedyα=24
    walk 18/64 |S|=20 tri_free=True greedyα=26
    walk 19/64 |S|=20 tri_free=True greedyα=25
    walk 20/64 |S|=19 tri_free=True greedyα=26
    walk 21/64 |S|=21 tri_free=True greedyα=21
    walk 22/64 |S|=21 orbit-dup skip
    walk 23/64 |S|=20 tri_free=True greedyα=28
    walk 24/64 |S|=21 tri_free=True greedyα=19
    walk 25/64 |S|=21 tri_free=True greedyα=24
    walk 26/64 |S|=19 tri_free=True greedyα=31
    walk 27/64 |S|=20 tri_free=True greedyα=29
    walk 28/64 |S|=22 tri_free=True greedyα=26
    walk 29/64 |S|=20 tri_free=True greedyα=23
    walk 30/64 |S|=21 orbit-dup skip
    walk 31/64 |S|=22 orbit-dup skip
    walk 32/64 |S|=20 tri_free=True greedyα=25
    walk 33/64 |S|=21 tri_free=True greedyα=24
    walk 34/64 |S|=20 tri_free=True greedyα=26
    walk 35/64 |S|=20 tri_free=True greedyα=21
    walk 36/64 |S|=20 orbit-dup skip
    walk 37/64 |S|=20 tri_free=True greedyα=28
    walk 38/64 |S|=20 tri_free=True greedyα=24
    walk 39/64 |S|=21 tri_free=True greedyα=25
    walk 40/64 |S|=20 tri_free=True greedyα=27
    walk 41/64 |S|=20 tri_free=True greedyα=24
    walk 42/64 |S|=21 tri_free=True greedyα=25
    walk 43/64 |S|=22 tri_free=True greedyα=22
    walk 44/64 |S|=20 tri_free=True greedyα=20
    walk 45/64 |S|=21 tri_free=True greedyα=21
    walk 46/64 |S|=20 tri_free=True greedyα=25
    walk 47/64 |S|=20 orbit-dup skip
    walk 48/64 |S|=19 tri_free=True greedyα=28
    walk 49/64 |S|=19 tri_free=True greedyα=29
    walk 50/64 |S|=19 tri_free=True greedyα=29
    walk 51/64 |S|=22 orbit-dup skip
    walk 52/64 |S|=20 tri_free=True greedyα=25
    walk 53/64 |S|=21 tri_free=True greedyα=22
    walk 54/64 |S|=19 tri_free=True greedyα=31
    walk 55/64 |S|=18 tri_free=True greedyα=31
    walk 56/64 |S|=20 tri_free=True greedyα=28
    walk 57/64 |S|=19 tri_free=True greedyα=24
    walk 58/64 |S|=19 orbit-dup skip
    walk 59/64 |S|=20 tri_free=True greedyα=26
    walk 60/64 |S|=19 tri_free=True greedyα=33
    walk 61/64 |S|=21 orbit-dup skip
    walk 62/64 |S|=20 tri_free=True greedyα=24
    walk 63/64 |S|=20 tri_free=True greedyα=26
    walk 64/64 |S|=21 orbit-dup skip
      MIS |S|=21 greedyα=19 residual IS ≥ 19 (α(G)≥20) {'found': True, 'lower': 19, 'exact': True, 'nodes': 22, 'seconds': 0.0004998371005058289, 'timed_out': False, 'backend': 'c-decide'}
  [5c] p=241 e=8 D6∪D7 pool=30 t=20
    walk 1/64 |S|=20 tri_free=True greedyα=26
    walk 2/64 |S|=20 tri_free=True greedyα=23
    walk 3/64 |S|=20 tri_free=True greedyα=30
    walk 4/64 |S|=21 tri_free=True greedyα=36
    walk 5/64 |S|=20 tri_free=True greedyα=27
    walk 6/64 |S|=20 tri_free=True greedyα=25
    walk 7/64 |S|=19 tri_free=True greedyα=25
    walk 8/64 |S|=21 tri_free=True greedyα=39
    walk 9/64 |S|=20 tri_free=True greedyα=21
    walk 10/64 |S|=20 tri_free=True greedyα=25
    walk 11/64 |S|=20 tri_free=True greedyα=26
    walk 12/64 |S|=20 tri_free=True greedyα=28
    walk 13/64 |S|=20 tri_free=True greedyα=25
    walk 14/64 |S|=21 tri_free=True greedyα=26
    walk 15/64 |S|=20 tri_free=True greedyα=26
    walk 16/64 |S|=20 tri_free=True greedyα=25
    walk 17/64 |S|=20 tri_free=True greedyα=31
    walk 18/64 |S|=20 tri_free=True greedyα=29
    walk 19/64 |S|=20 tri_free=True greedyα=28
    walk 20/64 |S|=20 tri_free=True greedyα=26
    walk 21/64 |S|=21 tri_free=True greedyα=34
    walk 22/64 |S|=19 tri_free=True greedyα=28
    walk 23/64 |S|=20 tri_free=True greedyα=26
    walk 24/64 |S|=20 tri_free=True greedyα=21
    walk 25/64 |S|=20 tri_free=True greedyα=29
    walk 26/64 |S|=20 tri_free=True greedyα=29
    walk 27/64 |S|=20 tri_free=True greedyα=27
    walk 28/64 |S|=20 tri_free=True greedyα=26
    walk 29/64 |S|=20 tri_free=True greedyα=23
    walk 30/64 |S|=20 tri_free=True greedyα=25
    walk 31/64 |S|=19 tri_free=True greedyα=26
    walk 32/64 |S|=21 orbit-dup skip
    walk 33/64 |S|=20 tri_free=True greedyα=26
    walk 34/64 |S|=20 tri_free=True greedyα=31
    walk 35/64 |S|=19 tri_free=True greedyα=27
    walk 36/64 |S|=21 orbit-dup skip
    walk 37/64 |S|=22 tri_free=True greedyα=22
    walk 38/64 |S|=21 tri_free=True greedyα=25
    walk 39/64 |S|=19 tri_free=True greedyα=21
    walk 40/64 |S|=21 tri_free=True greedyα=25
    walk 41/64 |S|=20 tri_free=True greedyα=30
    walk 42/64 |S|=20 tri_free=True greedyα=24
    walk 43/64 |S|=19 tri_free=True greedyα=27
    walk 44/64 |S|=20 tri_free=True greedyα=28
    walk 45/64 |S|=21 tri_free=True greedyα=30
    walk 46/64 |S|=21 tri_free=True greedyα=26
    walk 47/64 |S|=20 tri_free=True greedyα=38
    walk 48/64 |S|=19 tri_free=True greedyα=29
    walk 49/64 |S|=20 tri_free=True greedyα=31
    walk 50/64 |S|=19 tri_free=True greedyα=31
    walk 51/64 |S|=21 tri_free=True greedyα=27
    walk 52/64 |S|=20 tri_free=True greedyα=29
    walk 53/64 |S|=20 tri_free=True greedyα=23
    walk 54/64 |S|=21 tri_free=True greedyα=24
    walk 55/64 |S|=20 tri_free=True greedyα=29
    walk 56/64 |S|=20 tri_free=True greedyα=23
    walk 57/64 |S|=20 tri_free=True greedyα=24
    walk 58/64 |S|=19 tri_free=True greedyα=26
    walk 59/64 |S|=21 tri_free=True greedyα=22
    walk 60/64 |S|=20 orbit-dup skip
    walk 61/64 |S|=21 tri_free=True greedyα=32
    walk 62/64 |S|=19 tri_free=True greedyα=27
    walk 63/64 |S|=22 tri_free=True greedyα=30
    walk 64/64 |S|=20 tri_free=True greedyα=27
  [5c] p=241 e=10 D0∪D1 pool=24 t=20
    walk 1/64 |S|=17 tri_free=True greedyα=39
    walk 2/64 |S|=17 tri_free=True greedyα=37
    walk 3/64 |S|=16 tri_free=True greedyα=24
    walk 4/64 |S|=16 tri_free=True greedyα=40
    walk 5/64 |S|=19 tri_free=True greedyα=35
    walk 6/64 |S|=19 tri_free=True greedyα=35
    walk 7/64 |S|=19 orbit-dup skip
    walk 8/64 |S|=14 tri_free=True greedyα=34
    walk 9/64 |S|=17 orbit-dup skip
    walk 10/64 |S|=18 tri_free=True greedyα=33
    walk 11/64 |S|=19 orbit-dup skip
    walk 12/64 |S|=15 tri_free=True greedyα=31
    walk 13/64 |S|=18 orbit-dup skip
    walk 14/64 |S|=16 tri_free=True greedyα=28
    walk 15/64 |S|=19 orbit-dup skip
    walk 16/64 |S|=18 tri_free=True greedyα=27
    walk 17/64 |S|=19 orbit-dup skip
    walk 18/64 |S|=18 tri_free=True greedyα=22
    walk 19/64 |S|=16 tri_free=True greedyα=40
    walk 20/64 |S|=18 orbit-dup skip
    walk 21/64 |S|=19 orbit-dup skip
    walk 22/64 |S|=16 tri_free=True greedyα=26
    walk 23/64 |S|=15 tri_free=True greedyα=29
    walk 24/64 |S|=19 orbit-dup skip
    walk 25/64 |S|=17 tri_free=True greedyα=24
    walk 26/64 |S|=19 orbit-dup skip
    walk 27/64 |S|=18 orbit-dup skip
    walk 28/64 |S|=18 tri_free=True greedyα=21
    walk 29/64 |S|=17 tri_free=True greedyα=26
    walk 30/64 |S|=19 orbit-dup skip
    walk 31/64 |S|=19 orbit-dup skip
    walk 32/64 |S|=16 tri_free=True greedyα=23
    walk 33/64 |S|=17 tri_free=True greedyα=29
    walk 34/64 |S|=18 tri_free=True greedyα=36
    walk 35/64 |S|=19 orbit-dup skip
    walk 36/64 |S|=19 orbit-dup skip
    walk 37/64 |S|=18 orbit-dup skip
    walk 38/64 |S|=19 orbit-dup skip
    walk 39/64 |S|=16 orbit-dup skip
    walk 40/64 |S|=18 orbit-dup skip
    walk 41/64 |S|=18 orbit-dup skip
    walk 42/64 |S|=18 orbit-dup skip
    walk 43/64 |S|=16 tri_free=True greedyα=24
    walk 44/64 |S|=17 tri_free=True greedyα=29
    walk 45/64 |S|=14 tri_free=True greedyα=31
    walk 46/64 |S|=18 tri_free=True greedyα=32
    walk 47/64 |S|=19 orbit-dup skip
    walk 48/64 |S|=19 orbit-dup skip
    walk 49/64 |S|=17 tri_free=True greedyα=25
    walk 50/64 |S|=19 orbit-dup skip
    walk 51/64 |S|=17 orbit-dup skip
    walk 52/64 |S|=18 orbit-dup skip
    walk 53/64 |S|=19 orbit-dup skip
    walk 54/64 |S|=19 orbit-dup skip
    walk 55/64 |S|=17 orbit-dup skip
    walk 56/64 |S|=16 tri_free=True greedyα=27
    walk 57/64 |S|=18 orbit-dup skip
    walk 58/64 |S|=19 orbit-dup skip
    walk 59/64 |S|=19 orbit-dup skip
    walk 60/64 |S|=18 orbit-dup skip
    walk 61/64 |S|=19 orbit-dup skip
    walk 62/64 |S|=17 orbit-dup skip
    walk 63/64 |S|=18 tri_free=True greedyα=34
    walk 64/64 |S|=14 tri_free=True greedyα=37
  [5c] p=241 e=10 D0∪D2 pool=24 t=20
    walk 1/64 |S|=15 tri_free=True greedyα=41
    walk 2/64 |S|=14 tri_free=True greedyα=27
    walk 3/64 |S|=15 tri_free=True greedyα=27
    walk 4/64 |S|=15 tri_free=True greedyα=29
    walk 5/64 |S|=14 tri_free=True greedyα=28
    walk 6/64 |S|=15 tri_free=True greedyα=26
    walk 7/64 |S|=15 tri_free=True greedyα=30
    walk 8/64 |S|=15 tri_free=True greedyα=24
    walk 9/64 |S|=15 tri_free=True greedyα=26
    walk 10/64 |S|=15 tri_free=True greedyα=27
    walk 11/64 |S|=15 tri_free=True greedyα=33
    walk 12/64 |S|=15 tri_free=True greedyα=31
    walk 13/64 |S|=15 tri_free=True greedyα=32
    walk 14/64 |S|=15 tri_free=True greedyα=28
    walk 15/64 |S|=15 tri_free=True greedyα=49
    walk 16/64 |S|=15 tri_free=True greedyα=31
    walk 17/64 |S|=15 tri_free=True greedyα=25
    walk 18/64 |S|=15 tri_free=True greedyα=30
    walk 19/64 |S|=15 tri_free=True greedyα=34
    walk 20/64 |S|=15 tri_free=True greedyα=32
    walk 21/64 |S|=16 tri_free=True greedyα=26
    walk 22/64 |S|=15 orbit-dup skip
    walk 23/64 |S|=15 tri_free=True greedyα=33
    walk 24/64 |S|=14 tri_free=True greedyα=32
    walk 25/64 |S|=15 tri_free=True greedyα=29
    walk 26/64 |S|=14 tri_free=True greedyα=36
    walk 27/64 |S|=15 tri_free=True greedyα=30
    walk 28/64 |S|=15 tri_free=True greedyα=39
    walk 29/64 |S|=14 tri_free=True greedyα=32
    walk 30/64 |S|=15 tri_free=True greedyα=53
    walk 31/64 |S|=15 tri_free=True greedyα=27
    walk 32/64 |S|=15 tri_free=True greedyα=29
    walk 33/64 |S|=16 orbit-dup skip
    walk 34/64 |S|=15 tri_free=True greedyα=27
    walk 35/64 |S|=16 tri_free=True greedyα=27
    walk 36/64 |S|=15 tri_free=True greedyα=39
    walk 37/64 |S|=16 tri_free=True greedyα=27
    walk 38/64 |S|=15 tri_free=True greedyα=29
    walk 39/64 |S|=14 tri_free=True greedyα=27
    walk 40/64 |S|=14 tri_free=True greedyα=33
    walk 41/64 |S|=15 tri_free=True greedyα=33
    walk 42/64 |S|=15 tri_free=True greedyα=26
    walk 43/64 |S|=15 tri_free=True greedyα=29
    walk 44/64 |S|=15 tri_free=True greedyα=31
    walk 45/64 |S|=15 tri_free=True greedyα=39
    walk 46/64 |S|=15 tri_free=True greedyα=31
    walk 47/64 |S|=15 tri_free=True greedyα=25
    walk 48/64 |S|=15 tri_free=True greedyα=49
    walk 49/64 |S|=15 tri_free=True greedyα=28
    walk 50/64 |S|=15 orbit-dup skip
    walk 51/64 |S|=15 tri_free=True greedyα=26
    walk 52/64 |S|=15 orbit-dup skip
    walk 53/64 |S|=15 tri_free=True greedyα=30
    walk 54/64 |S|=15 tri_free=True greedyα=32
    walk 55/64 |S|=15 orbit-dup skip
    walk 56/64 |S|=16 orbit-dup skip
    walk 57/64 |S|=15 tri_free=True greedyα=28
    walk 58/64 |S|=15 tri_free=True greedyα=29
    walk 59/64 |S|=16 tri_free=True greedyα=34
    walk 60/64 |S|=16 tri_free=True greedyα=27
    walk 61/64 |S|=15 tri_free=True greedyα=52
    walk 62/64 |S|=15 tri_free=True greedyα=28
    walk 63/64 |S|=14 tri_free=True greedyα=33
    walk 64/64 |S|=15 tri_free=True greedyα=32
  [5c] p=241 e=10 D0∪D3 pool=24 t=20
    walk 1/64 |S|=24 tri_free=True greedyα=25
    walk 2/64 |S|=24 orbit-dup skip
    walk 3/64 |S|=24 orbit-dup skip
    walk 4/64 |S|=24 orbit-dup skip
    walk 5/64 |S|=24 orbit-dup skip
    walk 6/64 |S|=24 orbit-dup skip
    walk 7/64 |S|=24 orbit-dup skip
    walk 8/64 |S|=24 orbit-dup skip
    walk 9/64 |S|=24 orbit-dup skip
    walk 10/64 |S|=24 orbit-dup skip
    walk 11/64 |S|=24 orbit-dup skip
    walk 12/64 |S|=24 orbit-dup skip
    walk 13/64 |S|=24 orbit-dup skip
    walk 14/64 |S|=24 orbit-dup skip
    walk 15/64 |S|=24 orbit-dup skip
    walk 16/64 |S|=24 orbit-dup skip
    walk 17/64 |S|=24 orbit-dup skip
    walk 18/64 |S|=24 orbit-dup skip
    walk 19/64 |S|=24 orbit-dup skip
    walk 20/64 |S|=24 orbit-dup skip
    walk 21/64 |S|=24 orbit-dup skip
    walk 22/64 |S|=24 orbit-dup skip
    walk 23/64 |S|=24 orbit-dup skip
    walk 24/64 |S|=24 orbit-dup skip
    walk 25/64 |S|=24 orbit-dup skip
    walk 26/64 |S|=24 orbit-dup skip
    walk 27/64 |S|=24 orbit-dup skip
    walk 28/64 |S|=24 orbit-dup skip
    walk 29/64 |S|=24 orbit-dup skip
    walk 30/64 |S|=24 orbit-dup skip
    walk 31/64 |S|=24 orbit-dup skip
    walk 32/64 |S|=24 orbit-dup skip
    walk 33/64 |S|=24 orbit-dup skip
    walk 34/64 |S|=24 orbit-dup skip
    walk 35/64 |S|=24 orbit-dup skip
    walk 36/64 |S|=24 orbit-dup skip
    walk 37/64 |S|=24 orbit-dup skip
    walk 38/64 |S|=24 orbit-dup skip
    walk 39/64 |S|=24 orbit-dup skip
    walk 40/64 |S|=24 orbit-dup skip
    walk 41/64 |S|=24 orbit-dup skip
    walk 42/64 |S|=24 orbit-dup skip
    walk 43/64 |S|=24 orbit-dup skip
    walk 44/64 |S|=24 orbit-dup skip
    walk 45/64 |S|=24 orbit-dup skip
    walk 46/64 |S|=24 orbit-dup skip
    walk 47/64 |S|=24 orbit-dup skip
    walk 48/64 |S|=24 orbit-dup skip
    walk 49/64 |S|=24 orbit-dup skip
    walk 50/64 |S|=24 orbit-dup skip
    walk 51/64 |S|=24 orbit-dup skip
    walk 52/64 |S|=24 orbit-dup skip
    walk 53/64 |S|=24 orbit-dup skip
    walk 54/64 |S|=24 orbit-dup skip
    walk 55/64 |S|=24 orbit-dup skip
    walk 56/64 |S|=24 orbit-dup skip
    walk 57/64 |S|=24 orbit-dup skip
    walk 58/64 |S|=24 orbit-dup skip
    walk 59/64 |S|=24 orbit-dup skip
    walk 60/64 |S|=24 orbit-dup skip
    walk 61/64 |S|=24 orbit-dup skip
    walk 62/64 |S|=24 orbit-dup skip
    walk 63/64 |S|=24 orbit-dup skip
    walk 64/64 |S|=24 orbit-dup skip
  [5c] p=241 e=10 D0∪D4 pool=24 t=20
    walk 1/64 |S|=24 tri_free=True greedyα=25
    walk 2/64 |S|=24 orbit-dup skip
    walk 3/64 |S|=24 orbit-dup skip
    walk 4/64 |S|=24 orbit-dup skip
    walk 5/64 |S|=24 orbit-dup skip
    walk 6/64 |S|=24 orbit-dup skip
    walk 7/64 |S|=24 orbit-dup skip
    walk 8/64 |S|=24 orbit-dup skip
    walk 9/64 |S|=24 orbit-dup skip
    walk 10/64 |S|=24 orbit-dup skip
    walk 11/64 |S|=24 orbit-dup skip
    walk 12/64 |S|=24 orbit-dup skip
    walk 13/64 |S|=24 orbit-dup skip
    walk 14/64 |S|=24 orbit-dup skip
    walk 15/64 |S|=24 orbit-dup skip
    walk 16/64 |S|=24 orbit-dup skip
    walk 17/64 |S|=24 orbit-dup skip
    walk 18/64 |S|=24 orbit-dup skip
    walk 19/64 |S|=24 orbit-dup skip
    walk 20/64 |S|=24 orbit-dup skip
    walk 21/64 |S|=24 orbit-dup skip
    walk 22/64 |S|=24 orbit-dup skip
    walk 23/64 |S|=24 orbit-dup skip
    walk 24/64 |S|=24 orbit-dup skip
    walk 25/64 |S|=24 orbit-dup skip
    walk 26/64 |S|=24 orbit-dup skip
    walk 27/64 |S|=24 orbit-dup skip
    walk 28/64 |S|=24 orbit-dup skip
    walk 29/64 |S|=24 orbit-dup skip
    walk 30/64 |S|=24 orbit-dup skip
    walk 31/64 |S|=24 orbit-dup skip
    walk 32/64 |S|=24 orbit-dup skip
    walk 33/64 |S|=24 orbit-dup skip
    walk 34/64 |S|=24 orbit-dup skip
    walk 35/64 |S|=24 orbit-dup skip
    walk 36/64 |S|=24 orbit-dup skip
    walk 37/64 |S|=24 orbit-dup skip
    walk 38/64 |S|=24 orbit-dup skip
    walk 39/64 |S|=24 orbit-dup skip
    walk 40/64 |S|=24 orbit-dup skip
    walk 41/64 |S|=24 orbit-dup skip
    walk 42/64 |S|=24 orbit-dup skip
    walk 43/64 |S|=24 orbit-dup skip
    walk 44/64 |S|=24 orbit-dup skip
    walk 45/64 |S|=24 orbit-dup skip
    walk 46/64 |S|=24 orbit-dup skip
    walk 47/64 |S|=24 orbit-dup skip
    walk 48/64 |S|=24 orbit-dup skip
    walk 49/64 |S|=24 orbit-dup skip
    walk 50/64 |S|=24 orbit-dup skip
    walk 51/64 |S|=24 orbit-dup skip
    walk 52/64 |S|=24 orbit-dup skip
    walk 53/64 |S|=24 orbit-dup skip
    walk 54/64 |S|=24 orbit-dup skip
    walk 55/64 |S|=24 orbit-dup skip
    walk 56/64 |S|=24 orbit-dup skip
    walk 57/64 |S|=24 orbit-dup skip
    walk 58/64 |S|=24 orbit-dup skip
    walk 59/64 |S|=24 orbit-dup skip
    walk 60/64 |S|=24 orbit-dup skip
    walk 61/64 |S|=24 orbit-dup skip
    walk 62/64 |S|=24 orbit-dup skip
    walk 63/64 |S|=24 orbit-dup skip
    walk 64/64 |S|=24 orbit-dup skip
  [5c] p=241 e=10 D0∪D5 pool=24 t=20
    walk 1/64 |S|=17 tri_free=True greedyα=30
    walk 2/64 |S|=17 tri_free=True greedyα=25
    walk 3/64 |S|=18 tri_free=True greedyα=23
    walk 4/64 |S|=17 tri_free=True greedyα=37
    walk 5/64 |S|=17 tri_free=True greedyα=26
    walk 6/64 |S|=17 tri_free=True greedyα=31
    walk 7/64 |S|=17 tri_free=True greedyα=25
    walk 8/64 |S|=18 tri_free=True greedyα=26
    walk 9/64 |S|=16 tri_free=True greedyα=31
    walk 10/64 |S|=17 tri_free=True greedyα=22
    walk 11/64 |S|=17 orbit-dup skip
    walk 12/64 |S|=17 tri_free=True greedyα=27
    walk 13/64 |S|=16 tri_free=True greedyα=26
    walk 14/64 |S|=17 tri_free=True greedyα=28
    walk 15/64 |S|=17 orbit-dup skip
    walk 16/64 |S|=18 tri_free=True greedyα=22
    walk 17/64 |S|=17 tri_free=True greedyα=25
    walk 18/64 |S|=17 tri_free=True greedyα=35
    walk 19/64 |S|=17 tri_free=True greedyα=25
    walk 20/64 |S|=18 tri_free=True greedyα=29
    walk 21/64 |S|=18 orbit-dup skip
    walk 22/64 |S|=17 tri_free=True greedyα=23
    walk 23/64 |S|=17 tri_free=True greedyα=26
    walk 24/64 |S|=17 tri_free=True greedyα=25
    walk 25/64 |S|=17 tri_free=True greedyα=25
    walk 26/64 |S|=17 tri_free=True greedyα=31
    walk 27/64 |S|=16 tri_free=True greedyα=30
    walk 28/64 |S|=18 orbit-dup skip
    walk 29/64 |S|=17 tri_free=True greedyα=22
    walk 30/64 |S|=17 tri_free=True greedyα=24
    walk 31/64 |S|=17 tri_free=True greedyα=30
    walk 32/64 |S|=17 tri_free=True greedyα=22
    walk 33/64 |S|=17 tri_free=True greedyα=27
    walk 34/64 |S|=17 tri_free=True greedyα=25
    walk 35/64 |S|=17 tri_free=True greedyα=28
    walk 36/64 |S|=17 tri_free=True greedyα=35
    walk 37/64 |S|=17 tri_free=True greedyα=23
    walk 38/64 |S|=17 tri_free=True greedyα=27
    walk 39/64 |S|=18 orbit-dup skip
    walk 40/64 |S|=17 tri_free=True greedyα=26
    walk 41/64 |S|=17 tri_free=True greedyα=29
    walk 42/64 |S|=17 orbit-dup skip
    walk 43/64 |S|=17 tri_free=True greedyα=26
    walk 44/64 |S|=17 tri_free=True greedyα=26
    walk 45/64 |S|=17 orbit-dup skip
    walk 46/64 |S|=17 tri_free=True greedyα=27
    walk 47/64 |S|=18 orbit-dup skip
    walk 48/64 |S|=17 tri_free=True greedyα=25
    walk 49/64 |S|=17 orbit-dup skip
    walk 50/64 |S|=18 orbit-dup skip
    walk 51/64 |S|=17 orbit-dup skip
    walk 52/64 |S|=18 orbit-dup skip
    walk 53/64 |S|=17 tri_free=True greedyα=24
    walk 54/64 |S|=17 orbit-dup skip
    walk 55/64 |S|=17 tri_free=True greedyα=25
    walk 56/64 |S|=17 orbit-dup skip
    walk 57/64 |S|=18 orbit-dup skip
    walk 58/64 |S|=17 orbit-dup skip
    walk 59/64 |S|=16 tri_free=True greedyα=26
    walk 60/64 |S|=17 orbit-dup skip
    walk 61/64 |S|=17 tri_free=True greedyα=37
    walk 62/64 |S|=17 tri_free=True greedyα=30
    walk 63/64 |S|=17 tri_free=True greedyα=26
    walk 64/64 |S|=17 orbit-dup skip
  [5c] p=241 e=10 D0∪D6 pool=24 t=20
    walk 1/64 |S|=24 tri_free=True greedyα=25
    walk 2/64 |S|=24 orbit-dup skip
    walk 3/64 |S|=24 orbit-dup skip
    walk 4/64 |S|=24 orbit-dup skip
    walk 5/64 |S|=24 orbit-dup skip
    walk 6/64 |S|=24 orbit-dup skip
    walk 7/64 |S|=24 orbit-dup skip
    walk 8/64 |S|=24 orbit-dup skip
    walk 9/64 |S|=24 orbit-dup skip
    walk 10/64 |S|=24 orbit-dup skip
    walk 11/64 |S|=24 orbit-dup skip
    walk 12/64 |S|=24 orbit-dup skip
    walk 13/64 |S|=24 orbit-dup skip
    walk 14/64 |S|=24 orbit-dup skip
    walk 15/64 |S|=24 orbit-dup skip
    walk 16/64 |S|=24 orbit-dup skip
    walk 17/64 |S|=24 orbit-dup skip
    walk 18/64 |S|=24 orbit-dup skip
    walk 19/64 |S|=24 orbit-dup skip
    walk 20/64 |S|=24 orbit-dup skip
    walk 21/64 |S|=24 orbit-dup skip
    walk 22/64 |S|=24 orbit-dup skip
    walk 23/64 |S|=24 orbit-dup skip
    walk 24/64 |S|=24 orbit-dup skip
    walk 25/64 |S|=24 orbit-dup skip
    walk 26/64 |S|=24 orbit-dup skip
    walk 27/64 |S|=24 orbit-dup skip
    walk 28/64 |S|=24 orbit-dup skip
    walk 29/64 |S|=24 orbit-dup skip
    walk 30/64 |S|=24 orbit-dup skip
    walk 31/64 |S|=24 orbit-dup skip
    walk 32/64 |S|=24 orbit-dup skip
    walk 33/64 |S|=24 orbit-dup skip
    walk 34/64 |S|=24 orbit-dup skip
    walk 35/64 |S|=24 orbit-dup skip
    walk 36/64 |S|=24 orbit-dup skip
    walk 37/64 |S|=24 orbit-dup skip
    walk 38/64 |S|=24 orbit-dup skip
    walk 39/64 |S|=24 orbit-dup skip
    walk 40/64 |S|=24 orbit-dup skip
    walk 41/64 |S|=24 orbit-dup skip
    walk 42/64 |S|=24 orbit-dup skip
    walk 43/64 |S|=24 orbit-dup skip
    walk 44/64 |S|=24 orbit-dup skip
    walk 45/64 |S|=24 orbit-dup skip
    walk 46/64 |S|=24 orbit-dup skip
    walk 47/64 |S|=24 orbit-dup skip
    walk 48/64 |S|=24 orbit-dup skip
    walk 49/64 |S|=24 orbit-dup skip
    walk 50/64 |S|=24 orbit-dup skip
    walk 51/64 |S|=24 orbit-dup skip
    walk 52/64 |S|=24 orbit-dup skip
    walk 53/64 |S|=24 orbit-dup skip
    walk 54/64 |S|=24 orbit-dup skip
    walk 55/64 |S|=24 orbit-dup skip
    walk 56/64 |S|=24 orbit-dup skip
    walk 57/64 |S|=24 orbit-dup skip
    walk 58/64 |S|=24 orbit-dup skip
    walk 59/64 |S|=24 orbit-dup skip
    walk 60/64 |S|=24 orbit-dup skip
    walk 61/64 |S|=24 orbit-dup skip
    walk 62/64 |S|=24 orbit-dup skip
    walk 63/64 |S|=24 orbit-dup skip
    walk 64/64 |S|=24 orbit-dup skip
  [5c] p=241 e=10 D0∪D7 pool=24 t=20
    walk 1/64 |S|=24 tri_free=True greedyα=25
    walk 2/64 |S|=24 orbit-dup skip
    walk 3/64 |S|=24 orbit-dup skip
    walk 4/64 |S|=24 orbit-dup skip
    walk 5/64 |S|=24 orbit-dup skip
    walk 6/64 |S|=24 orbit-dup skip
    walk 7/64 |S|=24 orbit-dup skip
    walk 8/64 |S|=24 orbit-dup skip
    walk 9/64 |S|=24 orbit-dup skip
    walk 10/64 |S|=24 orbit-dup skip
    walk 11/64 |S|=24 orbit-dup skip
    walk 12/64 |S|=24 orbit-dup skip
    walk 13/64 |S|=24 orbit-dup skip
    walk 14/64 |S|=24 orbit-dup skip
    walk 15/64 |S|=24 orbit-dup skip
    walk 16/64 |S|=24 orbit-dup skip
    walk 17/64 |S|=24 orbit-dup skip
    walk 18/64 |S|=24 orbit-dup skip
    walk 19/64 |S|=24 orbit-dup skip
    walk 20/64 |S|=24 orbit-dup skip
    walk 21/64 |S|=24 orbit-dup skip
    walk 22/64 |S|=24 orbit-dup skip
    walk 23/64 |S|=24 orbit-dup skip
    walk 24/64 |S|=24 orbit-dup skip
    walk 25/64 |S|=24 orbit-dup skip
    walk 26/64 |S|=24 orbit-dup skip
    walk 27/64 |S|=24 orbit-dup skip
    walk 28/64 |S|=24 orbit-dup skip
    walk 29/64 |S|=24 orbit-dup skip
    walk 30/64 |S|=24 orbit-dup skip
    walk 31/64 |S|=24 orbit-dup skip
    walk 32/64 |S|=24 orbit-dup skip
    walk 33/64 |S|=24 orbit-dup skip
    walk 34/64 |S|=24 orbit-dup skip
    walk 35/64 |S|=24 orbit-dup skip
    walk 36/64 |S|=24 orbit-dup skip
    walk 37/64 |S|=24 orbit-dup skip
    walk 38/64 |S|=24 orbit-dup skip
    walk 39/64 |S|=24 orbit-dup skip
    walk 40/64 |S|=24 orbit-dup skip
    walk 41/64 |S|=24 orbit-dup skip
    walk 42/64 |S|=24 orbit-dup skip
    walk 43/64 |S|=24 orbit-dup skip
    walk 44/64 |S|=24 orbit-dup skip
    walk 45/64 |S|=24 orbit-dup skip
    walk 46/64 |S|=24 orbit-dup skip
    walk 47/64 |S|=24 orbit-dup skip
    walk 48/64 |S|=24 orbit-dup skip
    walk 49/64 |S|=24 orbit-dup skip
    walk 50/64 |S|=24 orbit-dup skip
    walk 51/64 |S|=24 orbit-dup skip
    walk 52/64 |S|=24 orbit-dup skip
    walk 53/64 |S|=24 orbit-dup skip
    walk 54/64 |S|=24 orbit-dup skip
    walk 55/64 |S|=24 orbit-dup skip
    walk 56/64 |S|=24 orbit-dup skip
    walk 57/64 |S|=24 orbit-dup skip
    walk 58/64 |S|=24 orbit-dup skip
    walk 59/64 |S|=24 orbit-dup skip
    walk 60/64 |S|=24 orbit-dup skip
    walk 61/64 |S|=24 orbit-dup skip
    walk 62/64 |S|=24 orbit-dup skip
    walk 63/64 |S|=24 orbit-dup skip
    walk 64/64 |S|=24 orbit-dup skip
  [5c] p=241 e=10 D0∪D8 pool=24 t=20
    walk 1/64 |S|=15 tri_free=True greedyα=27
    walk 2/64 |S|=15 tri_free=True greedyα=30
    walk 3/64 |S|=15 tri_free=True greedyα=27
    walk 4/64 |S|=15 tri_free=True greedyα=31
    walk 5/64 |S|=15 tri_free=True greedyα=28
    walk 6/64 |S|=15 tri_free=True greedyα=53
    walk 7/64 |S|=15 tri_free=True greedyα=31
    walk 8/64 |S|=15 tri_free=True greedyα=31
    walk 9/64 |S|=15 tri_free=True greedyα=28
    walk 10/64 |S|=15 tri_free=True greedyα=28
    walk 11/64 |S|=15 tri_free=True greedyα=25
    walk 12/64 |S|=16 tri_free=True greedyα=25
    walk 13/64 |S|=15 tri_free=True greedyα=28
    walk 14/64 |S|=15 tri_free=True greedyα=29
    walk 15/64 |S|=14 tri_free=True greedyα=26
    walk 16/64 |S|=15 tri_free=True greedyα=29
    walk 17/64 |S|=14 tri_free=True greedyα=33
    walk 18/64 |S|=15 orbit-dup skip
    walk 19/64 |S|=14 tri_free=True greedyα=41
    walk 20/64 |S|=15 tri_free=True greedyα=29
    walk 21/64 |S|=15 tri_free=True greedyα=36
    walk 22/64 |S|=15 tri_free=True greedyα=29
    walk 23/64 |S|=15 tri_free=True greedyα=26
    walk 24/64 |S|=15 tri_free=True greedyα=26
    walk 25/64 |S|=15 tri_free=True greedyα=30
    walk 26/64 |S|=15 tri_free=True greedyα=28
    walk 27/64 |S|=14 tri_free=True greedyα=27
    walk 28/64 |S|=16 tri_free=True greedyα=34
    walk 29/64 |S|=16 tri_free=True greedyα=23
    walk 30/64 |S|=16 tri_free=True greedyα=22
    walk 31/64 |S|=14 tri_free=True greedyα=31
    walk 32/64 |S|=15 tri_free=True greedyα=29
    walk 33/64 |S|=15 tri_free=True greedyα=30
    walk 34/64 |S|=14 tri_free=True greedyα=27
    walk 35/64 |S|=15 tri_free=True greedyα=34
    walk 36/64 |S|=15 tri_free=True greedyα=43
    walk 37/64 |S|=15 orbit-dup skip
    walk 38/64 |S|=15 tri_free=True greedyα=34
    walk 39/64 |S|=14 tri_free=True greedyα=46
    walk 40/64 |S|=15 tri_free=True greedyα=30
    walk 41/64 |S|=15 tri_free=True greedyα=27
    walk 42/64 |S|=16 tri_free=True greedyα=26
    walk 43/64 |S|=15 tri_free=True greedyα=28
    walk 44/64 |S|=15 tri_free=True greedyα=48
    walk 45/64 |S|=16 orbit-dup skip
    walk 46/64 |S|=15 tri_free=True greedyα=25
    walk 47/64 |S|=15 tri_free=True greedyα=38
    walk 48/64 |S|=15 tri_free=True greedyα=44
    walk 49/64 |S|=15 tri_free=True greedyα=29
    walk 50/64 |S|=15 orbit-dup skip
    walk 51/64 |S|=15 orbit-dup skip
    walk 52/64 |S|=15 tri_free=True greedyα=26
    walk 53/64 |S|=15 tri_free=True greedyα=35
    walk 54/64 |S|=16 orbit-dup skip
    walk 55/64 |S|=15 tri_free=True greedyα=30
    walk 56/64 |S|=15 tri_free=True greedyα=26
    walk 57/64 |S|=15 tri_free=True greedyα=28
    walk 58/64 |S|=15 tri_free=True greedyα=35
    walk 59/64 |S|=15 orbit-dup skip
    walk 60/64 |S|=15 orbit-dup skip
    walk 61/64 |S|=15 tri_free=True greedyα=31
    walk 62/64 |S|=14 tri_free=True greedyα=31
    walk 63/64 |S|=14 tri_free=True greedyα=29
    walk 64/64 |S|=15 tri_free=True greedyα=32
  [5c] p=241 e=10 D0∪D9 pool=24 t=20
    walk 1/64 |S|=16 tri_free=True greedyα=24
    walk 2/64 |S|=17 tri_free=True greedyα=26
    walk 3/64 |S|=18 tri_free=True greedyα=33
    walk 4/64 |S|=18 tri_free=True greedyα=21
    walk 5/64 |S|=17 tri_free=True greedyα=29
    walk 6/64 |S|=19 tri_free=True greedyα=35
    walk 7/64 |S|=17 tri_free=True greedyα=27
    walk 8/64 |S|=16 tri_free=True greedyα=24
    walk 9/64 |S|=19 orbit-dup skip
    walk 10/64 |S|=19 orbit-dup skip
    walk 11/64 |S|=17 tri_free=True greedyα=25
    walk 12/64 |S|=19 orbit-dup skip
    walk 13/64 |S|=19 tri_free=True greedyα=33
    walk 14/64 |S|=17 orbit-dup skip
    walk 15/64 |S|=18 tri_free=True greedyα=29
    walk 16/64 |S|=17 orbit-dup skip
    walk 17/64 |S|=19 orbit-dup skip
    walk 18/64 |S|=19 orbit-dup skip
    walk 19/64 |S|=19 orbit-dup skip
    walk 20/64 |S|=17 tri_free=True greedyα=26
    walk 21/64 |S|=17 orbit-dup skip
    walk 22/64 |S|=17 orbit-dup skip
    walk 23/64 |S|=18 orbit-dup skip
    walk 24/64 |S|=19 orbit-dup skip
    walk 25/64 |S|=19 orbit-dup skip
    walk 26/64 |S|=16 tri_free=True greedyα=36
    walk 27/64 |S|=19 orbit-dup skip
    walk 28/64 |S|=19 orbit-dup skip
    walk 29/64 |S|=19 orbit-dup skip
    walk 30/64 |S|=19 orbit-dup skip
    walk 31/64 |S|=17 orbit-dup skip
    walk 32/64 |S|=19 orbit-dup skip
    walk 33/64 |S|=18 orbit-dup skip
    walk 34/64 |S|=18 orbit-dup skip
    walk 35/64 |S|=18 orbit-dup skip
    walk 36/64 |S|=19 orbit-dup skip
    walk 37/64 |S|=19 orbit-dup skip
    walk 38/64 |S|=18 tri_free=True greedyα=28
    walk 39/64 |S|=18 tri_free=True greedyα=23
    walk 40/64 |S|=19 orbit-dup skip
    walk 41/64 |S|=19 orbit-dup skip
    walk 42/64 |S|=16 tri_free=True greedyα=40
    walk 43/64 |S|=16 tri_free=True greedyα=27
    walk 44/64 |S|=19 orbit-dup skip
    walk 45/64 |S|=18 tri_free=True greedyα=36
    walk 46/64 |S|=19 orbit-dup skip
    walk 47/64 |S|=18 orbit-dup skip
    walk 48/64 |S|=18 orbit-dup skip
    walk 49/64 |S|=15 tri_free=True greedyα=40
    walk 50/64 |S|=13 tri_free=True greedyα=32
    walk 51/64 |S|=15 tri_free=True greedyα=26
    walk 52/64 |S|=18 orbit-dup skip
    walk 53/64 |S|=19 orbit-dup skip
    walk 54/64 |S|=17 tri_free=True greedyα=39
    walk 55/64 |S|=17 tri_free=True greedyα=24
    walk 56/64 |S|=19 orbit-dup skip
    walk 57/64 |S|=19 orbit-dup skip
    walk 58/64 |S|=18 orbit-dup skip
    walk 59/64 |S|=19 orbit-dup skip
    walk 60/64 |S|=18 orbit-dup skip
    walk 61/64 |S|=17 orbit-dup skip
    walk 62/64 |S|=18 orbit-dup skip
    walk 63/64 |S|=19 orbit-dup skip
    walk 64/64 |S|=17 tri_free=True greedyα=29
  [5c] p=241 e=10 D1∪D2 pool=24 t=20
    walk 1/64 |S|=19 tri_free=True greedyα=35
    walk 2/64 |S|=16 tri_free=True greedyα=40
    walk 3/64 |S|=16 tri_free=True greedyα=30
    walk 4/64 |S|=18 tri_free=True greedyα=37
    walk 5/64 |S|=19 orbit-dup skip
    walk 6/64 |S|=18 tri_free=True greedyα=27
    walk 7/64 |S|=19 tri_free=True greedyα=35
    walk 8/64 |S|=17 tri_free=True greedyα=38
    walk 9/64 |S|=15 tri_free=True greedyα=29
    walk 10/64 |S|=18 orbit-dup skip
    walk 11/64 |S|=16 tri_free=True greedyα=40
    walk 12/64 |S|=19 orbit-dup skip
    walk 13/64 |S|=17 tri_free=True greedyα=26
    walk 14/64 |S|=19 orbit-dup skip
    walk 15/64 |S|=18 tri_free=True greedyα=33
    walk 16/64 |S|=18 tri_free=True greedyα=34
    walk 17/64 |S|=19 orbit-dup skip
    walk 18/64 |S|=16 orbit-dup skip
    walk 19/64 |S|=18 orbit-dup skip
    walk 20/64 |S|=18 tri_free=True greedyα=23
    walk 21/64 |S|=18 orbit-dup skip
    walk 22/64 |S|=16 tri_free=True greedyα=36
    walk 23/64 |S|=18 orbit-dup skip
    walk 24/64 |S|=18 orbit-dup skip
    walk 25/64 |S|=17 tri_free=True greedyα=29
    walk 26/64 |S|=19 orbit-dup skip
    walk 27/64 |S|=18 orbit-dup skip
    walk 28/64 |S|=15 tri_free=True greedyα=38
    walk 29/64 |S|=17 tri_free=True greedyα=28
    walk 30/64 |S|=18 orbit-dup skip
    walk 31/64 |S|=16 tri_free=True greedyα=28
    walk 32/64 |S|=18 orbit-dup skip
    walk 33/64 |S|=17 tri_free=True greedyα=27
    walk 34/64 |S|=17 orbit-dup skip
    walk 35/64 |S|=19 orbit-dup skip
    walk 36/64 |S|=19 orbit-dup skip
    walk 37/64 |S|=18 tri_free=True greedyα=21
    walk 38/64 |S|=17 orbit-dup skip
    walk 39/64 |S|=16 tri_free=True greedyα=36
    walk 40/64 |S|=18 tri_free=True greedyα=30
    walk 41/64 |S|=17 tri_free=True greedyα=35
    walk 42/64 |S|=18 tri_free=True greedyα=21
    walk 43/64 |S|=18 orbit-dup skip
    walk 44/64 |S|=19 orbit-dup skip
    walk 45/64 |S|=16 tri_free=True greedyα=27
    walk 46/64 |S|=19 orbit-dup skip
    walk 47/64 |S|=18 orbit-dup skip
    walk 48/64 |S|=15 tri_free=True greedyα=31
    walk 49/64 |S|=19 orbit-dup skip
    walk 50/64 |S|=19 orbit-dup skip
    walk 51/64 |S|=16 orbit-dup skip
    walk 52/64 |S|=19 orbit-dup skip
    walk 53/64 |S|=19 orbit-dup skip
    walk 54/64 |S|=19 orbit-dup skip
    walk 55/64 |S|=18 orbit-dup skip
    walk 56/64 |S|=19 orbit-dup skip
    walk 57/64 |S|=17 tri_free=True greedyα=27
    walk 58/64 |S|=19 orbit-dup skip
    walk 59/64 |S|=15 tri_free=True greedyα=29
    walk 60/64 |S|=18 orbit-dup skip
    walk 61/64 |S|=18 orbit-dup skip
    walk 62/64 |S|=18 orbit-dup skip
    walk 63/64 |S|=19 orbit-dup skip
    walk 64/64 |S|=16 orbit-dup skip
  [5c] p=241 e=10 D1∪D3 pool=24 t=20
    walk 1/64 |S|=15 tri_free=True greedyα=30
    walk 2/64 |S|=15 tri_free=True greedyα=28
    walk 3/64 |S|=15 tri_free=True greedyα=31
    walk 4/64 |S|=15 tri_free=True greedyα=26
    walk 5/64 |S|=15 tri_free=True greedyα=32
    walk 6/64 |S|=15 tri_free=True greedyα=30
    walk 7/64 |S|=15 tri_free=True greedyα=39
    walk 8/64 |S|=15 tri_free=True greedyα=30
    walk 9/64 |S|=15 tri_free=True greedyα=26
    walk 10/64 |S|=15 tri_free=True greedyα=39
    walk 11/64 |S|=14 tri_free=True greedyα=31
    walk 12/64 |S|=15 tri_free=True greedyα=31
    walk 13/64 |S|=15 tri_free=True greedyα=49
    walk 14/64 |S|=15 orbit-dup skip
    walk 15/64 |S|=14 tri_free=True greedyα=30
    walk 16/64 |S|=15 tri_free=True greedyα=29
    walk 17/64 |S|=15 tri_free=True greedyα=31
    walk 18/64 |S|=15 tri_free=True greedyα=33
    walk 19/64 |S|=15 tri_free=True greedyα=27
    walk 20/64 |S|=15 tri_free=True greedyα=26
    walk 21/64 |S|=14 tri_free=True greedyα=31
    walk 22/64 |S|=15 tri_free=True greedyα=24
    walk 23/64 |S|=15 tri_free=True greedyα=34
    walk 24/64 |S|=15 tri_free=True greedyα=27
    walk 25/64 |S|=15 tri_free=True greedyα=27
    walk 26/64 |S|=15 tri_free=True greedyα=31
    walk 27/64 |S|=15 tri_free=True greedyα=28
    walk 28/64 |S|=15 tri_free=True greedyα=32
    walk 29/64 |S|=14 tri_free=True greedyα=28
    walk 30/64 |S|=15 tri_free=True greedyα=29
    walk 31/64 |S|=15 tri_free=True greedyα=27
    walk 32/64 |S|=15 tri_free=True greedyα=59
    walk 33/64 |S|=14 tri_free=True greedyα=29
    walk 34/64 |S|=15 tri_free=True greedyα=30
    walk 35/64 |S|=15 tri_free=True greedyα=29
    walk 36/64 |S|=16 tri_free=True greedyα=25
    walk 37/64 |S|=16 tri_free=True greedyα=23
    walk 38/64 |S|=14 tri_free=True greedyα=28
    walk 39/64 |S|=16 tri_free=True greedyα=28
    walk 40/64 |S|=15 orbit-dup skip
    walk 41/64 |S|=15 tri_free=True greedyα=35
    walk 42/64 |S|=15 tri_free=True greedyα=26
    walk 43/64 |S|=15 tri_free=True greedyα=28
    walk 44/64 |S|=15 tri_free=True greedyα=26
    walk 45/64 |S|=16 tri_free=True greedyα=25
    walk 46/64 |S|=15 tri_free=True greedyα=31
    walk 47/64 |S|=15 tri_free=True greedyα=25
    walk 48/64 |S|=14 tri_free=True greedyα=31
    walk 49/64 |S|=15 tri_free=True greedyα=35
    walk 50/64 |S|=15 tri_free=True greedyα=29
    walk 51/64 |S|=15 orbit-dup skip
    walk 52/64 |S|=15 tri_free=True greedyα=28
    walk 53/64 |S|=15 tri_free=True greedyα=32
    walk 54/64 |S|=15 tri_free=True greedyα=27
    walk 55/64 |S|=15 tri_free=True greedyα=40
    walk 56/64 |S|=15 orbit-dup skip
    walk 57/64 |S|=14 tri_free=True greedyα=32
    walk 58/64 |S|=15 orbit-dup skip
    walk 59/64 |S|=14 tri_free=True greedyα=31
    walk 60/64 |S|=14 tri_free=True greedyα=29
    walk 61/64 |S|=14 tri_free=True greedyα=32
    walk 62/64 |S|=14 tri_free=True greedyα=29
    walk 63/64 |S|=15 tri_free=True greedyα=37
    walk 64/64 |S|=15 tri_free=True greedyα=30
  [5c] p=241 e=10 D1∪D4 pool=24 t=20
    walk 1/64 |S|=24 tri_free=True greedyα=25
    walk 2/64 |S|=24 orbit-dup skip
    walk 3/64 |S|=24 orbit-dup skip
    walk 4/64 |S|=24 orbit-dup skip
    walk 5/64 |S|=24 orbit-dup skip
    walk 6/64 |S|=24 orbit-dup skip
    walk 7/64 |S|=24 orbit-dup skip
    walk 8/64 |S|=24 orbit-dup skip
    walk 9/64 |S|=24 orbit-dup skip
    walk 10/64 |S|=24 orbit-dup skip
    walk 11/64 |S|=24 orbit-dup skip
    walk 12/64 |S|=24 orbit-dup skip
    walk 13/64 |S|=24 orbit-dup skip
    walk 14/64 |S|=24 orbit-dup skip
    walk 15/64 |S|=24 orbit-dup skip
    walk 16/64 |S|=24 orbit-dup skip
    walk 17/64 |S|=24 orbit-dup skip
    walk 18/64 |S|=24 orbit-dup skip
    walk 19/64 |S|=24 orbit-dup skip
    walk 20/64 |S|=24 orbit-dup skip
    walk 21/64 |S|=24 orbit-dup skip
    walk 22/64 |S|=24 orbit-dup skip
    walk 23/64 |S|=24 orbit-dup skip
    walk 24/64 |S|=24 orbit-dup skip
    walk 25/64 |S|=24 orbit-dup skip
    walk 26/64 |S|=24 orbit-dup skip
    walk 27/64 |S|=24 orbit-dup skip
    walk 28/64 |S|=24 orbit-dup skip
    walk 29/64 |S|=24 orbit-dup skip
    walk 30/64 |S|=24 orbit-dup skip
    walk 31/64 |S|=24 orbit-dup skip
    walk 32/64 |S|=24 orbit-dup skip
    walk 33/64 |S|=24 orbit-dup skip
    walk 34/64 |S|=24 orbit-dup skip
    walk 35/64 |S|=24 orbit-dup skip
    walk 36/64 |S|=24 orbit-dup skip
    walk 37/64 |S|=24 orbit-dup skip
    walk 38/64 |S|=24 orbit-dup skip
    walk 39/64 |S|=24 orbit-dup skip
    walk 40/64 |S|=24 orbit-dup skip
    walk 41/64 |S|=24 orbit-dup skip
    walk 42/64 |S|=24 orbit-dup skip
    walk 43/64 |S|=24 orbit-dup skip
    walk 44/64 |S|=24 orbit-dup skip
    walk 45/64 |S|=24 orbit-dup skip
    walk 46/64 |S|=24 orbit-dup skip
    walk 47/64 |S|=24 orbit-dup skip
    walk 48/64 |S|=24 orbit-dup skip
    walk 49/64 |S|=24 orbit-dup skip
    walk 50/64 |S|=24 orbit-dup skip
    walk 51/64 |S|=24 orbit-dup skip
    walk 52/64 |S|=24 orbit-dup skip
    walk 53/64 |S|=24 orbit-dup skip
    walk 54/64 |S|=24 orbit-dup skip
    walk 55/64 |S|=24 orbit-dup skip
    walk 56/64 |S|=24 orbit-dup skip
    walk 57/64 |S|=24 orbit-dup skip
    walk 58/64 |S|=24 orbit-dup skip
    walk 59/64 |S|=24 orbit-dup skip
    walk 60/64 |S|=24 orbit-dup skip
    walk 61/64 |S|=24 orbit-dup skip
    walk 62/64 |S|=24 orbit-dup skip
    walk 63/64 |S|=24 orbit-dup skip
    walk 64/64 |S|=24 orbit-dup skip
  [5c] p=241 e=10 D1∪D5 pool=24 t=20
    walk 1/64 |S|=24 tri_free=True greedyα=25
    walk 2/64 |S|=24 orbit-dup skip
    walk 3/64 |S|=24 orbit-dup skip
    walk 4/64 |S|=24 orbit-dup skip
    walk 5/64 |S|=24 orbit-dup skip
    walk 6/64 |S|=24 orbit-dup skip
    walk 7/64 |S|=24 orbit-dup skip
    walk 8/64 |S|=24 orbit-dup skip
    walk 9/64 |S|=24 orbit-dup skip
    walk 10/64 |S|=24 orbit-dup skip
    walk 11/64 |S|=24 orbit-dup skip
    walk 12/64 |S|=24 orbit-dup skip
    walk 13/64 |S|=24 orbit-dup skip
    walk 14/64 |S|=24 orbit-dup skip
    walk 15/64 |S|=24 orbit-dup skip
    walk 16/64 |S|=24 orbit-dup skip
    walk 17/64 |S|=24 orbit-dup skip
    walk 18/64 |S|=24 orbit-dup skip
    walk 19/64 |S|=24 orbit-dup skip
    walk 20/64 |S|=24 orbit-dup skip
    walk 21/64 |S|=24 orbit-dup skip
    walk 22/64 |S|=24 orbit-dup skip
    walk 23/64 |S|=24 orbit-dup skip
    walk 24/64 |S|=24 orbit-dup skip
    walk 25/64 |S|=24 orbit-dup skip
    walk 26/64 |S|=24 orbit-dup skip
    walk 27/64 |S|=24 orbit-dup skip
    walk 28/64 |S|=24 orbit-dup skip
    walk 29/64 |S|=24 orbit-dup skip
    walk 30/64 |S|=24 orbit-dup skip
    walk 31/64 |S|=24 orbit-dup skip
    walk 32/64 |S|=24 orbit-dup skip
    walk 33/64 |S|=24 orbit-dup skip
    walk 34/64 |S|=24 orbit-dup skip
    walk 35/64 |S|=24 orbit-dup skip
    walk 36/64 |S|=24 orbit-dup skip
    walk 37/64 |S|=24 orbit-dup skip
    walk 38/64 |S|=24 orbit-dup skip
    walk 39/64 |S|=24 orbit-dup skip
    walk 40/64 |S|=24 orbit-dup skip
    walk 41/64 |S|=24 orbit-dup skip
    walk 42/64 |S|=24 orbit-dup skip
    walk 43/64 |S|=24 orbit-dup skip
    walk 44/64 |S|=24 orbit-dup skip
    walk 45/64 |S|=24 orbit-dup skip
    walk 46/64 |S|=24 orbit-dup skip
    walk 47/64 |S|=24 orbit-dup skip
    walk 48/64 |S|=24 orbit-dup skip
    walk 49/64 |S|=24 orbit-dup skip
    walk 50/64 |S|=24 orbit-dup skip
    walk 51/64 |S|=24 orbit-dup skip
    walk 52/64 |S|=24 orbit-dup skip
    walk 53/64 |S|=24 orbit-dup skip
    walk 54/64 |S|=24 orbit-dup skip
    walk 55/64 |S|=24 orbit-dup skip
    walk 56/64 |S|=24 orbit-dup skip
    walk 57/64 |S|=24 orbit-dup skip
    walk 58/64 |S|=24 orbit-dup skip
    walk 59/64 |S|=24 orbit-dup skip
    walk 60/64 |S|=24 orbit-dup skip
    walk 61/64 |S|=24 orbit-dup skip
    walk 62/64 |S|=24 orbit-dup skip
    walk 63/64 |S|=24 orbit-dup skip
    walk 64/64 |S|=24 orbit-dup skip
  [5c] p=241 e=10 D1∪D6 pool=24 t=20
    walk 1/64 |S|=18 tri_free=True greedyα=23
    walk 2/64 |S|=18 tri_free=True greedyα=29
    walk 3/64 |S|=17 tri_free=True greedyα=33
    walk 4/64 |S|=17 tri_free=True greedyα=25
    walk 5/64 |S|=17 tri_free=True greedyα=27
    walk 6/64 |S|=17 tri_free=True greedyα=37
    walk 7/64 |S|=17 tri_free=True greedyα=24
    walk 8/64 |S|=17 tri_free=True greedyα=35
    walk 9/64 |S|=17 tri_free=True greedyα=28
    walk 10/64 |S|=17 tri_free=True greedyα=25
    walk 11/64 |S|=17 tri_free=True greedyα=26
    walk 12/64 |S|=18 tri_free=True greedyα=23
    walk 13/64 |S|=17 tri_free=True greedyα=22
    walk 14/64 |S|=17 tri_free=True greedyα=26
    walk 15/64 |S|=18 orbit-dup skip
    walk 16/64 |S|=17 tri_free=True greedyα=38
    walk 17/64 |S|=17 tri_free=True greedyα=25
    walk 18/64 |S|=17 orbit-dup skip
    walk 19/64 |S|=17 tri_free=True greedyα=25
    walk 20/64 |S|=17 tri_free=True greedyα=31
    walk 21/64 |S|=17 tri_free=True greedyα=28
    walk 22/64 |S|=18 orbit-dup skip
    walk 23/64 |S|=17 tri_free=True greedyα=34
    walk 24/64 |S|=17 tri_free=True greedyα=24
    walk 25/64 |S|=17 tri_free=True greedyα=22
    walk 26/64 |S|=17 tri_free=True greedyα=35
    walk 27/64 |S|=17 tri_free=True greedyα=23
    walk 28/64 |S|=17 tri_free=True greedyα=28
    walk 29/64 |S|=18 orbit-dup skip
    walk 30/64 |S|=18 tri_free=True greedyα=24
    walk 31/64 |S|=17 tri_free=True greedyα=25
    walk 32/64 |S|=17 orbit-dup skip
    walk 33/64 |S|=17 tri_free=True greedyα=27
    walk 34/64 |S|=17 orbit-dup skip
    walk 35/64 |S|=17 orbit-dup skip
    walk 36/64 |S|=17 orbit-dup skip
    walk 37/64 |S|=17 tri_free=True greedyα=30
    walk 38/64 |S|=17 orbit-dup skip
    walk 39/64 |S|=17 tri_free=True greedyα=29
    walk 40/64 |S|=17 tri_free=True greedyα=24
    walk 41/64 |S|=16 tri_free=True greedyα=26
    walk 42/64 |S|=17 orbit-dup skip
    walk 43/64 |S|=17 tri_free=True greedyα=26
    walk 44/64 |S|=17 orbit-dup skip
    walk 45/64 |S|=17 tri_free=True greedyα=26
    walk 46/64 |S|=17 orbit-dup skip
    walk 47/64 |S|=17 tri_free=True greedyα=25
    walk 48/64 |S|=17 tri_free=True greedyα=25
    walk 49/64 |S|=17 tri_free=True greedyα=34
    walk 50/64 |S|=16 tri_free=True greedyα=25
    walk 51/64 |S|=18 orbit-dup skip
    walk 52/64 |S|=18 orbit-dup skip
    walk 53/64 |S|=18 tri_free=True greedyα=24
    walk 54/64 |S|=17 tri_free=True greedyα=25
    walk 55/64 |S|=17 tri_free=True greedyα=30
    walk 56/64 |S|=17 tri_free=True greedyα=32
    walk 57/64 |S|=17 tri_free=True greedyα=27
    walk 58/64 |S|=17 orbit-dup skip
    walk 59/64 |S|=17 tri_free=True greedyα=27
    walk 60/64 |S|=18 orbit-dup skip
    walk 61/64 |S|=17 tri_free=True greedyα=25
    walk 62/64 |S|=17 orbit-dup skip
    walk 63/64 |S|=18 orbit-dup skip
    walk 64/64 |S|=17 tri_free=True greedyα=24
  [5c] p=241 e=10 D1∪D7 pool=24 t=20
    walk 1/64 |S|=24 tri_free=True greedyα=25
    walk 2/64 |S|=24 orbit-dup skip
    walk 3/64 |S|=24 orbit-dup skip
    walk 4/64 |S|=24 orbit-dup skip
    walk 5/64 |S|=24 orbit-dup skip
    walk 6/64 |S|=24 orbit-dup skip
    walk 7/64 |S|=24 orbit-dup skip
    walk 8/64 |S|=24 orbit-dup skip
    walk 9/64 |S|=24 orbit-dup skip
    walk 10/64 |S|=24 orbit-dup skip
    walk 11/64 |S|=24 orbit-dup skip
    walk 12/64 |S|=24 orbit-dup skip
    walk 13/64 |S|=24 orbit-dup skip
    walk 14/64 |S|=24 orbit-dup skip
    walk 15/64 |S|=24 orbit-dup skip
    walk 16/64 |S|=24 orbit-dup skip
    walk 17/64 |S|=24 orbit-dup skip
    walk 18/64 |S|=24 orbit-dup skip
    walk 19/64 |S|=24 orbit-dup skip
    walk 20/64 |S|=24 orbit-dup skip
    walk 21/64 |S|=24 orbit-dup skip
    walk 22/64 |S|=24 orbit-dup skip
    walk 23/64 |S|=24 orbit-dup skip
    walk 24/64 |S|=24 orbit-dup skip
    walk 25/64 |S|=24 orbit-dup skip
    walk 26/64 |S|=24 orbit-dup skip
    walk 27/64 |S|=24 orbit-dup skip
    walk 28/64 |S|=24 orbit-dup skip
    walk 29/64 |S|=24 orbit-dup skip
    walk 30/64 |S|=24 orbit-dup skip
    walk 31/64 |S|=24 orbit-dup skip
    walk 32/64 |S|=24 orbit-dup skip
    walk 33/64 |S|=24 orbit-dup skip
    walk 34/64 |S|=24 orbit-dup skip
    walk 35/64 |S|=24 orbit-dup skip
    walk 36/64 |S|=24 orbit-dup skip
    walk 37/64 |S|=24 orbit-dup skip
    walk 38/64 |S|=24 orbit-dup skip
    walk 39/64 |S|=24 orbit-dup skip
    walk 40/64 |S|=24 orbit-dup skip
    walk 41/64 |S|=24 orbit-dup skip
    walk 42/64 |S|=24 orbit-dup skip
    walk 43/64 |S|=24 orbit-dup skip
    walk 44/64 |S|=24 orbit-dup skip
    walk 45/64 |S|=24 orbit-dup skip
    walk 46/64 |S|=24 orbit-dup skip
    walk 47/64 |S|=24 orbit-dup skip
    walk 48/64 |S|=24 orbit-dup skip
    walk 49/64 |S|=24 orbit-dup skip
    walk 50/64 |S|=24 orbit-dup skip
    walk 51/64 |S|=24 orbit-dup skip
    walk 52/64 |S|=24 orbit-dup skip
    walk 53/64 |S|=24 orbit-dup skip
    walk 54/64 |S|=24 orbit-dup skip
    walk 55/64 |S|=24 orbit-dup skip
    walk 56/64 |S|=24 orbit-dup skip
    walk 57/64 |S|=24 orbit-dup skip
    walk 58/64 |S|=24 orbit-dup skip
    walk 59/64 |S|=24 orbit-dup skip
    walk 60/64 |S|=24 orbit-dup skip
    walk 61/64 |S|=24 orbit-dup skip
    walk 62/64 |S|=24 orbit-dup skip
    walk 63/64 |S|=24 orbit-dup skip
    walk 64/64 |S|=24 orbit-dup skip
  [5c] p=241 e=10 D1∪D8 pool=24 t=20
    walk 1/64 |S|=24 tri_free=True greedyα=25
    walk 2/64 |S|=24 orbit-dup skip
    walk 3/64 |S|=24 orbit-dup skip
    walk 4/64 |S|=24 orbit-dup skip
    walk 5/64 |S|=24 orbit-dup skip
    walk 6/64 |S|=24 orbit-dup skip
    walk 7/64 |S|=24 orbit-dup skip
    walk 8/64 |S|=24 orbit-dup skip
    walk 9/64 |S|=24 orbit-dup skip
    walk 10/64 |S|=24 orbit-dup skip
    walk 11/64 |S|=24 orbit-dup skip
    walk 12/64 |S|=24 orbit-dup skip
    walk 13/64 |S|=24 orbit-dup skip
    walk 14/64 |S|=24 orbit-dup skip
    walk 15/64 |S|=24 orbit-dup skip
    walk 16/64 |S|=24 orbit-dup skip
    walk 17/64 |S|=24 orbit-dup skip
    walk 18/64 |S|=24 orbit-dup skip
    walk 19/64 |S|=24 orbit-dup skip
    walk 20/64 |S|=24 orbit-dup skip
    walk 21/64 |S|=24 orbit-dup skip
    walk 22/64 |S|=24 orbit-dup skip
    walk 23/64 |S|=24 orbit-dup skip
    walk 24/64 |S|=24 orbit-dup skip
    walk 25/64 |S|=24 orbit-dup skip
    walk 26/64 |S|=24 orbit-dup skip
    walk 27/64 |S|=24 orbit-dup skip
    walk 28/64 |S|=24 orbit-dup skip
    walk 29/64 |S|=24 orbit-dup skip
    walk 30/64 |S|=24 orbit-dup skip
    walk 31/64 |S|=24 orbit-dup skip
    walk 32/64 |S|=24 orbit-dup skip
    walk 33/64 |S|=24 orbit-dup skip
    walk 34/64 |S|=24 orbit-dup skip
    walk 35/64 |S|=24 orbit-dup skip
    walk 36/64 |S|=24 orbit-dup skip
    walk 37/64 |S|=24 orbit-dup skip
    walk 38/64 |S|=24 orbit-dup skip
    walk 39/64 |S|=24 orbit-dup skip
    walk 40/64 |S|=24 orbit-dup skip
    walk 41/64 |S|=24 orbit-dup skip
    walk 42/64 |S|=24 orbit-dup skip
    walk 43/64 |S|=24 orbit-dup skip
    walk 44/64 |S|=24 orbit-dup skip
    walk 45/64 |S|=24 orbit-dup skip
    walk 46/64 |S|=24 orbit-dup skip
    walk 47/64 |S|=24 orbit-dup skip
    walk 48/64 |S|=24 orbit-dup skip
    walk 49/64 |S|=24 orbit-dup skip
    walk 50/64 |S|=24 orbit-dup skip
    walk 51/64 |S|=24 orbit-dup skip
    walk 52/64 |S|=24 orbit-dup skip
    walk 53/64 |S|=24 orbit-dup skip
    walk 54/64 |S|=24 orbit-dup skip
    walk 55/64 |S|=24 orbit-dup skip
    walk 56/64 |S|=24 orbit-dup skip
    walk 57/64 |S|=24 orbit-dup skip
    walk 58/64 |S|=24 orbit-dup skip
    walk 59/64 |S|=24 orbit-dup skip
    walk 60/64 |S|=24 orbit-dup skip
    walk 61/64 |S|=24 orbit-dup skip
    walk 62/64 |S|=24 orbit-dup skip
    walk 63/64 |S|=24 orbit-dup skip
    walk 64/64 |S|=24 orbit-dup skip
  [5c] p=241 e=10 D1∪D9 pool=24 t=20
    walk 1/64 |S|=15 tri_free=True greedyα=35
    walk 2/64 |S|=15 tri_free=True greedyα=36
    walk 3/64 |S|=15 tri_free=True greedyα=39
    walk 4/64 |S|=15 tri_free=True greedyα=52
    walk 5/64 |S|=15 tri_free=True greedyα=36
    walk 6/64 |S|=15 tri_free=True greedyα=29
    walk 7/64 |S|=14 tri_free=True greedyα=37
    walk 8/64 |S|=15 tri_free=True greedyα=26
    walk 9/64 |S|=15 tri_free=True greedyα=30
    walk 10/64 |S|=15 tri_free=True greedyα=27
    walk 11/64 |S|=15 tri_free=True greedyα=53
    walk 12/64 |S|=15 tri_free=True greedyα=29
    walk 13/64 |S|=14 tri_free=True greedyα=26
    walk 14/64 |S|=15 tri_free=True greedyα=30
    walk 15/64 |S|=15 tri_free=True greedyα=38
    walk 16/64 |S|=15 tri_free=True greedyα=35
    walk 17/64 |S|=15 tri_free=True greedyα=27
    walk 18/64 |S|=15 tri_free=True greedyα=35
    walk 19/64 |S|=15 tri_free=True greedyα=28
    walk 20/64 |S|=15 tri_free=True greedyα=28
    walk 21/64 |S|=14 tri_free=True greedyα=37
    walk 22/64 |S|=15 tri_free=True greedyα=29
    walk 23/64 |S|=15 tri_free=True greedyα=41
    walk 24/64 |S|=15 tri_free=True greedyα=32
    walk 25/64 |S|=14 tri_free=True greedyα=49
    walk 26/64 |S|=15 tri_free=True greedyα=30
    walk 27/64 |S|=15 tri_free=True greedyα=47
    walk 28/64 |S|=15 tri_free=True greedyα=31
    walk 29/64 |S|=15 tri_free=True greedyα=29
    walk 30/64 |S|=15 tri_free=True greedyα=29
    walk 31/64 |S|=15 orbit-dup skip
    walk 32/64 |S|=15 tri_free=True greedyα=28
    walk 33/64 |S|=15 tri_free=True greedyα=27
    walk 34/64 |S|=15 tri_free=True greedyα=43
    walk 35/64 |S|=16 tri_free=True greedyα=26
    walk 36/64 |S|=15 tri_free=True greedyα=29
    walk 37/64 |S|=15 tri_free=True greedyα=31
    walk 38/64 |S|=16 tri_free=True greedyα=24
    walk 39/64 |S|=15 tri_free=True greedyα=28
    walk 40/64 |S|=15 tri_free=True greedyα=27
    walk 41/64 |S|=14 tri_free=True greedyα=28
    walk 42/64 |S|=15 tri_free=True greedyα=32
    walk 43/64 |S|=15 tri_free=True greedyα=23
    walk 44/64 |S|=15 tri_free=True greedyα=30
    walk 45/64 |S|=16 tri_free=True greedyα=34
    walk 46/64 |S|=15 orbit-dup skip
    walk 47/64 |S|=15 orbit-dup skip
    walk 48/64 |S|=15 tri_free=True greedyα=27
    walk 49/64 |S|=15 tri_free=True greedyα=31
    walk 50/64 |S|=16 orbit-dup skip
    walk 51/64 |S|=15 orbit-dup skip
    walk 52/64 |S|=14 tri_free=True greedyα=29
    walk 53/64 |S|=16 orbit-dup skip
    walk 54/64 |S|=15 tri_free=True greedyα=26
    walk 55/64 |S|=15 tri_free=True greedyα=36
    walk 56/64 |S|=16 orbit-dup skip
    walk 57/64 |S|=14 tri_free=True greedyα=32
    walk 58/64 |S|=15 tri_free=True greedyα=34
    walk 59/64 |S|=16 tri_free=True greedyα=22
    walk 60/64 |S|=15 tri_free=True greedyα=30
    walk 61/64 |S|=16 orbit-dup skip
    walk 62/64 |S|=16 tri_free=True greedyα=24
    walk 63/64 |S|=15 orbit-dup skip
    walk 64/64 |S|=15 tri_free=True greedyα=37
  [5c] p=241 e=10 D2∪D3 pool=24 t=20
    walk 1/64 |S|=19 tri_free=True greedyα=35
    walk 2/64 |S|=19 orbit-dup skip
    walk 3/64 |S|=19 orbit-dup skip
    walk 4/64 |S|=18 tri_free=True greedyα=33
    walk 5/64 |S|=18 tri_free=True greedyα=23
    walk 6/64 |S|=18 tri_free=True greedyα=37
    walk 7/64 |S|=19 orbit-dup skip
    walk 8/64 |S|=19 orbit-dup skip
    walk 9/64 |S|=18 orbit-dup skip
    walk 10/64 |S|=17 tri_free=True greedyα=26
    walk 11/64 |S|=16 tri_free=True greedyα=36
    walk 12/64 |S|=19 orbit-dup skip
    walk 13/64 |S|=18 orbit-dup skip
    walk 14/64 |S|=19 tri_free=True greedyα=35
    walk 15/64 |S|=17 tri_free=True greedyα=37
    walk 16/64 |S|=19 orbit-dup skip
    walk 17/64 |S|=19 orbit-dup skip
    walk 18/64 |S|=16 tri_free=True greedyα=27
    walk 19/64 |S|=19 orbit-dup skip
    walk 20/64 |S|=17 orbit-dup skip
    walk 21/64 |S|=19 orbit-dup skip
    walk 22/64 |S|=19 orbit-dup skip
    walk 23/64 |S|=18 orbit-dup skip
    walk 24/64 |S|=19 orbit-dup skip
    walk 25/64 |S|=19 orbit-dup skip
    walk 26/64 |S|=17 tri_free=True greedyα=24
    walk 27/64 |S|=16 tri_free=True greedyα=27
    walk 28/64 |S|=16 orbit-dup skip
    walk 29/64 |S|=18 tri_free=True greedyα=21
    walk 30/64 |S|=19 orbit-dup skip
    walk 31/64 |S|=16 tri_free=True greedyα=28
    walk 32/64 |S|=19 orbit-dup skip
    walk 33/64 |S|=19 orbit-dup skip
    walk 34/64 |S|=18 orbit-dup skip
    walk 35/64 |S|=16 tri_free=True greedyα=28
    walk 36/64 |S|=18 tri_free=True greedyα=34
    walk 37/64 |S|=18 tri_free=True greedyα=27
    walk 38/64 |S|=19 orbit-dup skip
    walk 39/64 |S|=15 tri_free=True greedyα=31
    walk 40/64 |S|=18 orbit-dup skip
    walk 41/64 |S|=19 orbit-dup skip
    walk 42/64 |S|=17 tri_free=True greedyα=29
    walk 43/64 |S|=19 orbit-dup skip
    walk 44/64 |S|=15 tri_free=True greedyα=29
    walk 45/64 |S|=16 tri_free=True greedyα=27
    walk 46/64 |S|=19 orbit-dup skip
    walk 47/64 |S|=19 orbit-dup skip
    walk 48/64 |S|=17 orbit-dup skip
    walk 49/64 |S|=19 orbit-dup skip
    walk 50/64 |S|=16 orbit-dup skip
    walk 51/64 |S|=19 orbit-dup skip
    walk 52/64 |S|=18 orbit-dup skip
    walk 53/64 |S|=19 orbit-dup skip
    walk 54/64 |S|=17 orbit-dup skip
    walk 55/64 |S|=18 orbit-dup skip
    walk 56/64 |S|=16 tri_free=True greedyα=40
    walk 57/64 |S|=18 orbit-dup skip
    walk 58/64 |S|=18 orbit-dup skip
    walk 59/64 |S|=19 orbit-dup skip
    walk 60/64 |S|=19 orbit-dup skip
    walk 61/64 |S|=18 orbit-dup skip
    walk 62/64 |S|=19 orbit-dup skip
    walk 63/64 |S|=16 tri_free=True greedyα=26
    walk 64/64 |S|=16 tri_free=True greedyα=29
  [5c] p=241 e=10 D2∪D4 pool=24 t=20
    walk 1/64 |S|=15 tri_free=True greedyα=29
    walk 2/64 |S|=15 tri_free=True greedyα=28
    walk 3/64 |S|=15 tri_free=True greedyα=30
    walk 4/64 |S|=15 tri_free=True greedyα=31
    walk 5/64 |S|=15 tri_free=True greedyα=29
    walk 6/64 |S|=16 tri_free=True greedyα=23
    walk 7/64 |S|=15 tri_free=True greedyα=29
    walk 8/64 |S|=14 tri_free=True greedyα=33
    walk 9/64 |S|=15 tri_free=True greedyα=32
    walk 10/64 |S|=15 tri_free=True greedyα=27
    walk 11/64 |S|=14 tri_free=True greedyα=29
    walk 12/64 |S|=15 tri_free=True greedyα=34
    walk 13/64 |S|=14 tri_free=True greedyα=29
    walk 14/64 |S|=15 tri_free=True greedyα=34
    walk 15/64 |S|=15 tri_free=True greedyα=26
    walk 16/64 |S|=14 tri_free=True greedyα=32
    walk 17/64 |S|=14 tri_free=True greedyα=36
    walk 18/64 |S|=15 tri_free=True greedyα=28
    walk 19/64 |S|=15 orbit-dup skip
    walk 20/64 |S|=15 tri_free=True greedyα=49
    walk 21/64 |S|=14 tri_free=True greedyα=34
    walk 22/64 |S|=15 tri_free=True greedyα=34
    walk 23/64 |S|=15 tri_free=True greedyα=32
    walk 24/64 |S|=15 tri_free=True greedyα=51
    walk 25/64 |S|=15 tri_free=True greedyα=30
    walk 26/64 |S|=15 tri_free=True greedyα=31
    walk 27/64 |S|=15 tri_free=True greedyα=28
    walk 28/64 |S|=14 tri_free=True greedyα=30
    walk 29/64 |S|=15 tri_free=True greedyα=36
    walk 30/64 |S|=15 orbit-dup skip
    walk 31/64 |S|=15 tri_free=True greedyα=28
    walk 32/64 |S|=15 tri_free=True greedyα=29
    walk 33/64 |S|=16 tri_free=True greedyα=36
    walk 34/64 |S|=15 tri_free=True greedyα=27
    walk 35/64 |S|=15 tri_free=True greedyα=28
    walk 36/64 |S|=15 tri_free=True greedyα=28
    walk 37/64 |S|=14 tri_free=True greedyα=29
    walk 38/64 |S|=15 tri_free=True greedyα=27
    walk 39/64 |S|=15 orbit-dup skip
    walk 40/64 |S|=15 tri_free=True greedyα=31
    walk 41/64 |S|=15 tri_free=True greedyα=31
    walk 42/64 |S|=14 tri_free=True greedyα=27
    walk 43/64 |S|=15 tri_free=True greedyα=35
    walk 44/64 |S|=15 tri_free=True greedyα=59
    walk 45/64 |S|=14 tri_free=True greedyα=30
    walk 46/64 |S|=15 tri_free=True greedyα=31
    walk 47/64 |S|=15 tri_free=True greedyα=32
    walk 48/64 |S|=15 tri_free=True greedyα=29
    walk 49/64 |S|=15 tri_free=True greedyα=28
    walk 50/64 |S|=15 orbit-dup skip
    walk 51/64 |S|=15 tri_free=True greedyα=27
    walk 52/64 |S|=16 orbit-dup skip
    walk 53/64 |S|=15 tri_free=True greedyα=52
    walk 54/64 |S|=15 tri_free=True greedyα=35
    walk 55/64 |S|=15 tri_free=True greedyα=28
    walk 56/64 |S|=15 tri_free=True greedyα=26
    walk 57/64 |S|=15 tri_free=True greedyα=32
    walk 58/64 |S|=15 tri_free=True greedyα=29
    walk 59/64 |S|=15 orbit-dup skip
    walk 60/64 |S|=14 tri_free=True greedyα=26
    walk 61/64 |S|=15 tri_free=True greedyα=25
    walk 62/64 |S|=15 orbit-dup skip
    walk 63/64 |S|=14 tri_free=True greedyα=29
    walk 64/64 |S|=14 tri_free=True greedyα=36
  [5c] p=241 e=10 D2∪D5 pool=24 t=20
    walk 1/64 |S|=24 tri_free=True greedyα=25
    walk 2/64 |S|=24 orbit-dup skip
    walk 3/64 |S|=24 orbit-dup skip
    walk 4/64 |S|=24 orbit-dup skip
    walk 5/64 |S|=24 orbit-dup skip
    walk 6/64 |S|=24 orbit-dup skip
    walk 7/64 |S|=24 orbit-dup skip
    walk 8/64 |S|=24 orbit-dup skip
    walk 9/64 |S|=24 orbit-dup skip
    walk 10/64 |S|=24 orbit-dup skip
    walk 11/64 |S|=24 orbit-dup skip
    walk 12/64 |S|=24 orbit-dup skip
    walk 13/64 |S|=24 orbit-dup skip
    walk 14/64 |S|=24 orbit-dup skip
    walk 15/64 |S|=24 orbit-dup skip
    walk 16/64 |S|=24 orbit-dup skip
    walk 17/64 |S|=24 orbit-dup skip
    walk 18/64 |S|=24 orbit-dup skip
    walk 19/64 |S|=24 orbit-dup skip
    walk 20/64 |S|=24 orbit-dup skip
    walk 21/64 |S|=24 orbit-dup skip
    walk 22/64 |S|=24 orbit-dup skip
    walk 23/64 |S|=24 orbit-dup skip
    walk 24/64 |S|=24 orbit-dup skip
    walk 25/64 |S|=24 orbit-dup skip
    walk 26/64 |S|=24 orbit-dup skip
    walk 27/64 |S|=24 orbit-dup skip
    walk 28/64 |S|=24 orbit-dup skip
    walk 29/64 |S|=24 orbit-dup skip
    walk 30/64 |S|=24 orbit-dup skip
    walk 31/64 |S|=24 orbit-dup skip
    walk 32/64 |S|=24 orbit-dup skip
    walk 33/64 |S|=24 orbit-dup skip
    walk 34/64 |S|=24 orbit-dup skip
    walk 35/64 |S|=24 orbit-dup skip
    walk 36/64 |S|=24 orbit-dup skip
    walk 37/64 |S|=24 orbit-dup skip
    walk 38/64 |S|=24 orbit-dup skip
    walk 39/64 |S|=24 orbit-dup skip
    walk 40/64 |S|=24 orbit-dup skip
    walk 41/64 |S|=24 orbit-dup skip
    walk 42/64 |S|=24 orbit-dup skip
    walk 43/64 |S|=24 orbit-dup skip
    walk 44/64 |S|=24 orbit-dup skip
    walk 45/64 |S|=24 orbit-dup skip
    walk 46/64 |S|=24 orbit-dup skip
    walk 47/64 |S|=24 orbit-dup skip
    walk 48/64 |S|=24 orbit-dup skip
    walk 49/64 |S|=24 orbit-dup skip
    walk 50/64 |S|=24 orbit-dup skip
    walk 51/64 |S|=24 orbit-dup skip
    walk 52/64 |S|=24 orbit-dup skip
    walk 53/64 |S|=24 orbit-dup skip
    walk 54/64 |S|=24 orbit-dup skip
    walk 55/64 |S|=24 orbit-dup skip
    walk 56/64 |S|=24 orbit-dup skip
    walk 57/64 |S|=24 orbit-dup skip
    walk 58/64 |S|=24 orbit-dup skip
    walk 59/64 |S|=24 orbit-dup skip
    walk 60/64 |S|=24 orbit-dup skip
    walk 61/64 |S|=24 orbit-dup skip
    walk 62/64 |S|=24 orbit-dup skip
    walk 63/64 |S|=24 orbit-dup skip
    walk 64/64 |S|=24 orbit-dup skip
  [5c] p=241 e=10 D2∪D6 pool=24 t=20
    walk 1/64 |S|=24 tri_free=True greedyα=25
    walk 2/64 |S|=24 orbit-dup skip
    walk 3/64 |S|=24 orbit-dup skip
    walk 4/64 |S|=24 orbit-dup skip
    walk 5/64 |S|=24 orbit-dup skip
    walk 6/64 |S|=24 orbit-dup skip
    walk 7/64 |S|=24 orbit-dup skip
    walk 8/64 |S|=24 orbit-dup skip
    walk 9/64 |S|=24 orbit-dup skip
    walk 10/64 |S|=24 orbit-dup skip
    walk 11/64 |S|=24 orbit-dup skip
    walk 12/64 |S|=24 orbit-dup skip
    walk 13/64 |S|=24 orbit-dup skip
    walk 14/64 |S|=24 orbit-dup skip
    walk 15/64 |S|=24 orbit-dup skip
    walk 16/64 |S|=24 orbit-dup skip
    walk 17/64 |S|=24 orbit-dup skip
    walk 18/64 |S|=24 orbit-dup skip
    walk 19/64 |S|=24 orbit-dup skip
    walk 20/64 |S|=24 orbit-dup skip
    walk 21/64 |S|=24 orbit-dup skip
    walk 22/64 |S|=24 orbit-dup skip
    walk 23/64 |S|=24 orbit-dup skip
    walk 24/64 |S|=24 orbit-dup skip
    walk 25/64 |S|=24 orbit-dup skip
    walk 26/64 |S|=24 orbit-dup skip
    walk 27/64 |S|=24 orbit-dup skip
    walk 28/64 |S|=24 orbit-dup skip
    walk 29/64 |S|=24 orbit-dup skip
    walk 30/64 |S|=24 orbit-dup skip
    walk 31/64 |S|=24 orbit-dup skip
    walk 32/64 |S|=24 orbit-dup skip
    walk 33/64 |S|=24 orbit-dup skip
    walk 34/64 |S|=24 orbit-dup skip
    walk 35/64 |S|=24 orbit-dup skip
    walk 36/64 |S|=24 orbit-dup skip
    walk 37/64 |S|=24 orbit-dup skip
    walk 38/64 |S|=24 orbit-dup skip
    walk 39/64 |S|=24 orbit-dup skip
    walk 40/64 |S|=24 orbit-dup skip
    walk 41/64 |S|=24 orbit-dup skip
    walk 42/64 |S|=24 orbit-dup skip
    walk 43/64 |S|=24 orbit-dup skip
    walk 44/64 |S|=24 orbit-dup skip
    walk 45/64 |S|=24 orbit-dup skip
    walk 46/64 |S|=24 orbit-dup skip
    walk 47/64 |S|=24 orbit-dup skip
    walk 48/64 |S|=24 orbit-dup skip
    walk 49/64 |S|=24 orbit-dup skip
    walk 50/64 |S|=24 orbit-dup skip
    walk 51/64 |S|=24 orbit-dup skip
    walk 52/64 |S|=24 orbit-dup skip
    walk 53/64 |S|=24 orbit-dup skip
    walk 54/64 |S|=24 orbit-dup skip
    walk 55/64 |S|=24 orbit-dup skip
    walk 56/64 |S|=24 orbit-dup skip
    walk 57/64 |S|=24 orbit-dup skip
    walk 58/64 |S|=24 orbit-dup skip
    walk 59/64 |S|=24 orbit-dup skip
    walk 60/64 |S|=24 orbit-dup skip
    walk 61/64 |S|=24 orbit-dup skip
    walk 62/64 |S|=24 orbit-dup skip
    walk 63/64 |S|=24 orbit-dup skip
    walk 64/64 |S|=24 orbit-dup skip
  [5c] p=241 e=10 D2∪D7 pool=24 t=20
    walk 1/64 |S|=16 tri_free=True greedyα=28
    walk 2/64 |S|=18 tri_free=True greedyα=24
    walk 3/64 |S|=17 tri_free=True greedyα=23
    walk 4/64 |S|=17 tri_free=True greedyα=37
    walk 5/64 |S|=17 tri_free=True greedyα=28
    walk 6/64 |S|=17 tri_free=True greedyα=26
    walk 7/64 |S|=16 tri_free=True greedyα=29
    walk 8/64 |S|=17 tri_free=True greedyα=32
    walk 9/64 |S|=17 tri_free=True greedyα=26
    walk 10/64 |S|=17 tri_free=True greedyα=30
    walk 11/64 |S|=17 tri_free=True greedyα=25
    walk 12/64 |S|=17 tri_free=True greedyα=22
    walk 13/64 |S|=17 tri_free=True greedyα=26
    walk 14/64 |S|=18 tri_free=True greedyα=23
    walk 15/64 |S|=17 tri_free=True greedyα=29
    walk 16/64 |S|=17 tri_free=True greedyα=32
    walk 17/64 |S|=18 tri_free=True greedyα=22
    walk 18/64 |S|=17 tri_free=True greedyα=27
    walk 19/64 |S|=17 tri_free=True greedyα=22
    walk 20/64 |S|=17 orbit-dup skip
    walk 21/64 |S|=17 tri_free=True greedyα=23
    walk 22/64 |S|=18 orbit-dup skip
    walk 23/64 |S|=17 orbit-dup skip
    walk 24/64 |S|=17 tri_free=True greedyα=23
    walk 25/64 |S|=17 orbit-dup skip
    walk 26/64 |S|=17 tri_free=True greedyα=31
    walk 27/64 |S|=17 tri_free=True greedyα=26
    walk 28/64 |S|=17 tri_free=True greedyα=27
    walk 29/64 |S|=17 tri_free=True greedyα=28
    walk 30/64 |S|=17 orbit-dup skip
    walk 31/64 |S|=17 tri_free=True greedyα=30
    walk 32/64 |S|=17 tri_free=True greedyα=23
    walk 33/64 |S|=17 tri_free=True greedyα=21
    walk 34/64 |S|=17 orbit-dup skip
    walk 35/64 |S|=18 orbit-dup skip
    walk 36/64 |S|=17 tri_free=True greedyα=35
    walk 37/64 |S|=17 orbit-dup skip
    walk 38/64 |S|=17 tri_free=True greedyα=27
    walk 39/64 |S|=17 tri_free=True greedyα=25
    walk 40/64 |S|=17 tri_free=True greedyα=23
    walk 41/64 |S|=18 orbit-dup skip
    walk 42/64 |S|=17 orbit-dup skip
    walk 43/64 |S|=17 tri_free=True greedyα=28
    walk 44/64 |S|=17 tri_free=True greedyα=25
    walk 45/64 |S|=17 tri_free=True greedyα=27
    walk 46/64 |S|=17 orbit-dup skip
    walk 47/64 |S|=17 tri_free=True greedyα=29
    walk 48/64 |S|=17 tri_free=True greedyα=35
    walk 49/64 |S|=17 tri_free=True greedyα=29
    walk 50/64 |S|=17 tri_free=True greedyα=24
    walk 51/64 |S|=17 tri_free=True greedyα=25
    walk 52/64 |S|=18 orbit-dup skip
    walk 53/64 |S|=17 tri_free=True greedyα=29
    walk 54/64 |S|=16 tri_free=True greedyα=26
    walk 55/64 |S|=17 orbit-dup skip
    walk 56/64 |S|=17 tri_free=True greedyα=23
    walk 57/64 |S|=17 tri_free=True greedyα=23
    walk 58/64 |S|=17 tri_free=True greedyα=25
    walk 59/64 |S|=18 orbit-dup skip
    walk 60/64 |S|=18 tri_free=True greedyα=29
    walk 61/64 |S|=17 tri_free=True greedyα=22
    walk 62/64 |S|=17 tri_free=True greedyα=25
    walk 63/64 |S|=18 orbit-dup skip
    walk 64/64 |S|=17 orbit-dup skip
  [5c] p=241 e=10 D2∪D8 pool=24 t=20
    walk 1/64 |S|=24 tri_free=True greedyα=25
    walk 2/64 |S|=24 orbit-dup skip
    walk 3/64 |S|=24 orbit-dup skip
    walk 4/64 |S|=24 orbit-dup skip
    walk 5/64 |S|=24 orbit-dup skip
    walk 6/64 |S|=24 orbit-dup skip
    walk 7/64 |S|=24 orbit-dup skip
    walk 8/64 |S|=24 orbit-dup skip
    walk 9/64 |S|=24 orbit-dup skip
    walk 10/64 |S|=24 orbit-dup skip
    walk 11/64 |S|=24 orbit-dup skip
    walk 12/64 |S|=24 orbit-dup skip
    walk 13/64 |S|=24 orbit-dup skip
    walk 14/64 |S|=24 orbit-dup skip
    walk 15/64 |S|=24 orbit-dup skip
    walk 16/64 |S|=24 orbit-dup skip
    walk 17/64 |S|=24 orbit-dup skip
    walk 18/64 |S|=24 orbit-dup skip
    walk 19/64 |S|=24 orbit-dup skip
    walk 20/64 |S|=24 orbit-dup skip
    walk 21/64 |S|=24 orbit-dup skip
    walk 22/64 |S|=24 orbit-dup skip
    walk 23/64 |S|=24 orbit-dup skip
    walk 24/64 |S|=24 orbit-dup skip
    walk 25/64 |S|=24 orbit-dup skip
    walk 26/64 |S|=24 orbit-dup skip
    walk 27/64 |S|=24 orbit-dup skip
    walk 28/64 |S|=24 orbit-dup skip
    walk 29/64 |S|=24 orbit-dup skip
    walk 30/64 |S|=24 orbit-dup skip
    walk 31/64 |S|=24 orbit-dup skip
    walk 32/64 |S|=24 orbit-dup skip
    walk 33/64 |S|=24 orbit-dup skip
    walk 34/64 |S|=24 orbit-dup skip
    walk 35/64 |S|=24 orbit-dup skip
    walk 36/64 |S|=24 orbit-dup skip
    walk 37/64 |S|=24 orbit-dup skip
    walk 38/64 |S|=24 orbit-dup skip
    walk 39/64 |S|=24 orbit-dup skip
    walk 40/64 |S|=24 orbit-dup skip
    walk 41/64 |S|=24 orbit-dup skip
    walk 42/64 |S|=24 orbit-dup skip
    walk 43/64 |S|=24 orbit-dup skip
    walk 44/64 |S|=24 orbit-dup skip
    walk 45/64 |S|=24 orbit-dup skip
    walk 46/64 |S|=24 orbit-dup skip
    walk 47/64 |S|=24 orbit-dup skip
    walk 48/64 |S|=24 orbit-dup skip
    walk 49/64 |S|=24 orbit-dup skip
    walk 50/64 |S|=24 orbit-dup skip
    walk 51/64 |S|=24 orbit-dup skip
    walk 52/64 |S|=24 orbit-dup skip
    walk 53/64 |S|=24 orbit-dup skip
    walk 54/64 |S|=24 orbit-dup skip
    walk 55/64 |S|=24 orbit-dup skip
    walk 56/64 |S|=24 orbit-dup skip
    walk 57/64 |S|=24 orbit-dup skip
    walk 58/64 |S|=24 orbit-dup skip
    walk 59/64 |S|=24 orbit-dup skip
    walk 60/64 |S|=24 orbit-dup skip
    walk 61/64 |S|=24 orbit-dup skip
    walk 62/64 |S|=24 orbit-dup skip
    walk 63/64 |S|=24 orbit-dup skip
    walk 64/64 |S|=24 orbit-dup skip
  [5c] p=241 e=10 D2∪D9 pool=24 t=20
    walk 1/64 |S|=24 tri_free=True greedyα=25
    walk 2/64 |S|=24 orbit-dup skip
    walk 3/64 |S|=24 orbit-dup skip
    walk 4/64 |S|=24 orbit-dup skip
    walk 5/64 |S|=24 orbit-dup skip
    walk 6/64 |S|=24 orbit-dup skip
    walk 7/64 |S|=24 orbit-dup skip
    walk 8/64 |S|=24 orbit-dup skip
    walk 9/64 |S|=24 orbit-dup skip
    walk 10/64 |S|=24 orbit-dup skip
    walk 11/64 |S|=24 orbit-dup skip
    walk 12/64 |S|=24 orbit-dup skip
    walk 13/64 |S|=24 orbit-dup skip
    walk 14/64 |S|=24 orbit-dup skip
    walk 15/64 |S|=24 orbit-dup skip
    walk 16/64 |S|=24 orbit-dup skip
    walk 17/64 |S|=24 orbit-dup skip
    walk 18/64 |S|=24 orbit-dup skip
    walk 19/64 |S|=24 orbit-dup skip
    walk 20/64 |S|=24 orbit-dup skip
    walk 21/64 |S|=24 orbit-dup skip
    walk 22/64 |S|=24 orbit-dup skip
    walk 23/64 |S|=24 orbit-dup skip
    walk 24/64 |S|=24 orbit-dup skip
    walk 25/64 |S|=24 orbit-dup skip
    walk 26/64 |S|=24 orbit-dup skip
    walk 27/64 |S|=24 orbit-dup skip
    walk 28/64 |S|=24 orbit-dup skip
    walk 29/64 |S|=24 orbit-dup skip
    walk 30/64 |S|=24 orbit-dup skip
    walk 31/64 |S|=24 orbit-dup skip
    walk 32/64 |S|=24 orbit-dup skip
    walk 33/64 |S|=24 orbit-dup skip
    walk 34/64 |S|=24 orbit-dup skip
    walk 35/64 |S|=24 orbit-dup skip
    walk 36/64 |S|=24 orbit-dup skip
    walk 37/64 |S|=24 orbit-dup skip
    walk 38/64 |S|=24 orbit-dup skip
    walk 39/64 |S|=24 orbit-dup skip
    walk 40/64 |S|=24 orbit-dup skip
    walk 41/64 |S|=24 orbit-dup skip
    walk 42/64 |S|=24 orbit-dup skip
    walk 43/64 |S|=24 orbit-dup skip
    walk 44/64 |S|=24 orbit-dup skip
    walk 45/64 |S|=24 orbit-dup skip
    walk 46/64 |S|=24 orbit-dup skip
    walk 47/64 |S|=24 orbit-dup skip
    walk 48/64 |S|=24 orbit-dup skip
    walk 49/64 |S|=24 orbit-dup skip
    walk 50/64 |S|=24 orbit-dup skip
    walk 51/64 |S|=24 orbit-dup skip
    walk 52/64 |S|=24 orbit-dup skip
    walk 53/64 |S|=24 orbit-dup skip
    walk 54/64 |S|=24 orbit-dup skip
    walk 55/64 |S|=24 orbit-dup skip
    walk 56/64 |S|=24 orbit-dup skip
    walk 57/64 |S|=24 orbit-dup skip
    walk 58/64 |S|=24 orbit-dup skip
    walk 59/64 |S|=24 orbit-dup skip
    walk 60/64 |S|=24 orbit-dup skip
    walk 61/64 |S|=24 orbit-dup skip
    walk 62/64 |S|=24 orbit-dup skip
    walk 63/64 |S|=24 orbit-dup skip
    walk 64/64 |S|=24 orbit-dup skip
  [5c] p=241 e=10 D3∪D4 pool=24 t=20
    walk 1/64 |S|=17 tri_free=True greedyα=26
    walk 2/64 |S|=16 tri_free=True greedyα=25
    walk 3/64 |S|=15 tri_free=True greedyα=34
    walk 4/64 |S|=17 tri_free=True greedyα=29
    walk 5/64 |S|=17 tri_free=True greedyα=24
    walk 6/64 |S|=17 tri_free=True greedyα=30
    walk 7/64 |S|=15 tri_free=True greedyα=27
    walk 8/64 |S|=18 tri_free=True greedyα=20
    walk 9/64 |S|=17 orbit-dup skip
    walk 10/64 |S|=19 tri_free=True greedyα=35
    walk 11/64 |S|=19 tri_free=True greedyα=35
    walk 12/64 |S|=18 tri_free=True greedyα=21
    walk 13/64 |S|=17 tri_free=True greedyα=29
    walk 14/64 |S|=18 tri_free=True greedyα=33
    walk 15/64 |S|=19 orbit-dup skip
    walk 16/64 |S|=17 orbit-dup skip
    walk 17/64 |S|=18 tri_free=True greedyα=29
    walk 18/64 |S|=18 tri_free=True greedyα=27
    walk 19/64 |S|=18 orbit-dup skip
    walk 20/64 |S|=19 orbit-dup skip
    walk 21/64 |S|=18 orbit-dup skip
    walk 22/64 |S|=18 orbit-dup skip
    walk 23/64 |S|=18 orbit-dup skip
    walk 24/64 |S|=19 orbit-dup skip
    walk 25/64 |S|=18 tri_free=True greedyα=37
    walk 26/64 |S|=19 orbit-dup skip
    walk 27/64 |S|=17 tri_free=True greedyα=38
    walk 28/64 |S|=18 orbit-dup skip
    walk 29/64 |S|=19 orbit-dup skip
    walk 30/64 |S|=17 orbit-dup skip
    walk 31/64 |S|=18 tri_free=True greedyα=23
    walk 32/64 |S|=18 orbit-dup skip
    walk 33/64 |S|=17 orbit-dup skip
    walk 34/64 |S|=19 orbit-dup skip
    walk 35/64 |S|=17 tri_free=True greedyα=29
    walk 36/64 |S|=18 orbit-dup skip
    walk 37/64 |S|=18 orbit-dup skip
    walk 38/64 |S|=17 tri_free=True greedyα=24
    walk 39/64 |S|=19 orbit-dup skip
    walk 40/64 |S|=19 orbit-dup skip
    walk 41/64 |S|=17 orbit-dup skip
    walk 42/64 |S|=19 orbit-dup skip
    walk 43/64 |S|=18 orbit-dup skip
    walk 44/64 |S|=16 tri_free=True greedyα=39
    walk 45/64 |S|=18 orbit-dup skip
    walk 46/64 |S|=19 orbit-dup skip
    walk 47/64 |S|=17 orbit-dup skip
    walk 48/64 |S|=19 orbit-dup skip
    walk 49/64 |S|=19 orbit-dup skip
    walk 50/64 |S|=15 tri_free=True greedyα=30
    walk 51/64 |S|=18 orbit-dup skip
    walk 52/64 |S|=18 orbit-dup skip
    walk 53/64 |S|=19 orbit-dup skip
    walk 54/64 |S|=18 orbit-dup skip
    walk 55/64 |S|=19 orbit-dup skip
    walk 56/64 |S|=19 orbit-dup skip
    walk 57/64 |S|=19 orbit-dup skip
    walk 58/64 |S|=19 orbit-dup skip
    walk 59/64 |S|=17 orbit-dup skip
    walk 60/64 |S|=16 tri_free=True greedyα=40
    walk 61/64 |S|=18 orbit-dup skip
    walk 62/64 |S|=19 orbit-dup skip
    walk 63/64 |S|=18 orbit-dup skip
    walk 64/64 |S|=19 orbit-dup skip
  [5c] p=241 e=10 D3∪D5 pool=24 t=20
    walk 1/64 |S|=15 tri_free=True greedyα=31
    walk 2/64 |S|=16 tri_free=True greedyα=24
    walk 3/64 |S|=16 orbit-dup skip
    walk 4/64 |S|=15 tri_free=True greedyα=30
    walk 5/64 |S|=15 tri_free=True greedyα=24
    walk 6/64 |S|=15 tri_free=True greedyα=29
    walk 7/64 |S|=15 tri_free=True greedyα=34
    walk 8/64 |S|=15 tri_free=True greedyα=49
    walk 9/64 |S|=15 tri_free=True greedyα=28
    walk 10/64 |S|=15 tri_free=True greedyα=30
    walk 11/64 |S|=15 tri_free=True greedyα=31
    walk 12/64 |S|=14 tri_free=True greedyα=38
    walk 13/64 |S|=15 tri_free=True greedyα=28
    walk 14/64 |S|=15 tri_free=True greedyα=27
    walk 15/64 |S|=14 tri_free=True greedyα=33
    walk 16/64 |S|=16 tri_free=True greedyα=26
    walk 17/64 |S|=15 tri_free=True greedyα=29
    walk 18/64 |S|=15 tri_free=True greedyα=29
    walk 19/64 |S|=15 tri_free=True greedyα=24
    walk 20/64 |S|=15 tri_free=True greedyα=52
    walk 21/64 |S|=15 tri_free=True greedyα=29
    walk 22/64 |S|=15 tri_free=True greedyα=38
    walk 23/64 |S|=15 tri_free=True greedyα=32
    walk 24/64 |S|=15 tri_free=True greedyα=29
    walk 25/64 |S|=16 orbit-dup skip
    walk 26/64 |S|=15 tri_free=True greedyα=31
    walk 27/64 |S|=16 orbit-dup skip
    walk 28/64 |S|=13 tri_free=True greedyα=32
    walk 29/64 |S|=15 orbit-dup skip
    walk 30/64 |S|=15 tri_free=True greedyα=27
    walk 31/64 |S|=15 tri_free=True greedyα=25
    walk 32/64 |S|=15 tri_free=True greedyα=28
    walk 33/64 |S|=15 tri_free=True greedyα=32
    walk 34/64 |S|=15 tri_free=True greedyα=36
    walk 35/64 |S|=14 tri_free=True greedyα=30
    walk 36/64 |S|=14 tri_free=True greedyα=28
    walk 37/64 |S|=16 tri_free=True greedyα=36
    walk 38/64 |S|=16 orbit-dup skip
    walk 39/64 |S|=15 tri_free=True greedyα=30
    walk 40/64 |S|=15 tri_free=True greedyα=26
    walk 41/64 |S|=15 tri_free=True greedyα=53
    walk 42/64 |S|=16 orbit-dup skip
    walk 43/64 |S|=15 tri_free=True greedyα=29
    walk 44/64 |S|=16 tri_free=True greedyα=29
    walk 45/64 |S|=15 tri_free=True greedyα=27
    walk 46/64 |S|=15 tri_free=True greedyα=34
    walk 47/64 |S|=15 orbit-dup skip
    walk 48/64 |S|=14 tri_free=True greedyα=29
    walk 49/64 |S|=15 tri_free=True greedyα=30
    walk 50/64 |S|=15 tri_free=True greedyα=28
    walk 51/64 |S|=15 tri_free=True greedyα=34
    walk 52/64 |S|=14 tri_free=True greedyα=32
    walk 53/64 |S|=15 tri_free=True greedyα=34
    walk 54/64 |S|=15 tri_free=True greedyα=32
    walk 55/64 |S|=15 tri_free=True greedyα=39
    walk 56/64 |S|=14 tri_free=True greedyα=32
    walk 57/64 |S|=15 tri_free=True greedyα=27
    walk 58/64 |S|=16 orbit-dup skip
    walk 59/64 |S|=15 tri_free=True greedyα=28
    walk 60/64 |S|=15 tri_free=True greedyα=29
    walk 61/64 |S|=15 tri_free=True greedyα=29
    walk 62/64 |S|=14 tri_free=True greedyα=32
    walk 63/64 |S|=15 tri_free=True greedyα=38
    walk 64/64 |S|=15 tri_free=True greedyα=29
  [5c] p=241 e=10 D3∪D6 pool=24 t=20
    walk 1/64 |S|=24 tri_free=True greedyα=25
    walk 2/64 |S|=24 orbit-dup skip
    walk 3/64 |S|=24 orbit-dup skip
    walk 4/64 |S|=24 orbit-dup skip
    walk 5/64 |S|=24 orbit-dup skip
    walk 6/64 |S|=24 orbit-dup skip
    walk 7/64 |S|=24 orbit-dup skip
    walk 8/64 |S|=24 orbit-dup skip
    walk 9/64 |S|=24 orbit-dup skip
    walk 10/64 |S|=24 orbit-dup skip
    walk 11/64 |S|=24 orbit-dup skip
    walk 12/64 |S|=24 orbit-dup skip
    walk 13/64 |S|=24 orbit-dup skip
    walk 14/64 |S|=24 orbit-dup skip
    walk 15/64 |S|=24 orbit-dup skip
    walk 16/64 |S|=24 orbit-dup skip
    walk 17/64 |S|=24 orbit-dup skip
    walk 18/64 |S|=24 orbit-dup skip
    walk 19/64 |S|=24 orbit-dup skip
    walk 20/64 |S|=24 orbit-dup skip
    walk 21/64 |S|=24 orbit-dup skip
    walk 22/64 |S|=24 orbit-dup skip
    walk 23/64 |S|=24 orbit-dup skip
    walk 24/64 |S|=24 orbit-dup skip
    walk 25/64 |S|=24 orbit-dup skip
    walk 26/64 |S|=24 orbit-dup skip
    walk 27/64 |S|=24 orbit-dup skip
    walk 28/64 |S|=24 orbit-dup skip
    walk 29/64 |S|=24 orbit-dup skip
    walk 30/64 |S|=24 orbit-dup skip
    walk 31/64 |S|=24 orbit-dup skip
    walk 32/64 |S|=24 orbit-dup skip
    walk 33/64 |S|=24 orbit-dup skip
    walk 34/64 |S|=24 orbit-dup skip
    walk 35/64 |S|=24 orbit-dup skip
    walk 36/64 |S|=24 orbit-dup skip
    walk 37/64 |S|=24 orbit-dup skip
    walk 38/64 |S|=24 orbit-dup skip
    walk 39/64 |S|=24 orbit-dup skip
    walk 40/64 |S|=24 orbit-dup skip
    walk 41/64 |S|=24 orbit-dup skip
    walk 42/64 |S|=24 orbit-dup skip
    walk 43/64 |S|=24 orbit-dup skip
    walk 44/64 |S|=24 orbit-dup skip
    walk 45/64 |S|=24 orbit-dup skip
    walk 46/64 |S|=24 orbit-dup skip
    walk 47/64 |S|=24 orbit-dup skip
    walk 48/64 |S|=24 orbit-dup skip
    walk 49/64 |S|=24 orbit-dup skip
    walk 50/64 |S|=24 orbit-dup skip
    walk 51/64 |S|=24 orbit-dup skip
    walk 52/64 |S|=24 orbit-dup skip
    walk 53/64 |S|=24 orbit-dup skip
    walk 54/64 |S|=24 orbit-dup skip
    walk 55/64 |S|=24 orbit-dup skip
    walk 56/64 |S|=24 orbit-dup skip
    walk 57/64 |S|=24 orbit-dup skip
    walk 58/64 |S|=24 orbit-dup skip
    walk 59/64 |S|=24 orbit-dup skip
    walk 60/64 |S|=24 orbit-dup skip
    walk 61/64 |S|=24 orbit-dup skip
    walk 62/64 |S|=24 orbit-dup skip
    walk 63/64 |S|=24 orbit-dup skip
    walk 64/64 |S|=24 orbit-dup skip
  [5c] p=241 e=10 D3∪D7 pool=24 t=20
    walk 1/64 |S|=24 tri_free=True greedyα=25
    walk 2/64 |S|=24 orbit-dup skip
    walk 3/64 |S|=24 orbit-dup skip
    walk 4/64 |S|=24 orbit-dup skip
    walk 5/64 |S|=24 orbit-dup skip
    walk 6/64 |S|=24 orbit-dup skip
    walk 7/64 |S|=24 orbit-dup skip
    walk 8/64 |S|=24 orbit-dup skip
    walk 9/64 |S|=24 orbit-dup skip
    walk 10/64 |S|=24 orbit-dup skip
    walk 11/64 |S|=24 orbit-dup skip
    walk 12/64 |S|=24 orbit-dup skip
    walk 13/64 |S|=24 orbit-dup skip
    walk 14/64 |S|=24 orbit-dup skip
    walk 15/64 |S|=24 orbit-dup skip
    walk 16/64 |S|=24 orbit-dup skip
    walk 17/64 |S|=24 orbit-dup skip
    walk 18/64 |S|=24 orbit-dup skip
    walk 19/64 |S|=24 orbit-dup skip
    walk 20/64 |S|=24 orbit-dup skip
    walk 21/64 |S|=24 orbit-dup skip
    walk 22/64 |S|=24 orbit-dup skip
    walk 23/64 |S|=24 orbit-dup skip
    walk 24/64 |S|=24 orbit-dup skip
    walk 25/64 |S|=24 orbit-dup skip
    walk 26/64 |S|=24 orbit-dup skip
    walk 27/64 |S|=24 orbit-dup skip
    walk 28/64 |S|=24 orbit-dup skip
    walk 29/64 |S|=24 orbit-dup skip
    walk 30/64 |S|=24 orbit-dup skip
    walk 31/64 |S|=24 orbit-dup skip
    walk 32/64 |S|=24 orbit-dup skip
    walk 33/64 |S|=24 orbit-dup skip
    walk 34/64 |S|=24 orbit-dup skip
    walk 35/64 |S|=24 orbit-dup skip
    walk 36/64 |S|=24 orbit-dup skip
    walk 37/64 |S|=24 orbit-dup skip
    walk 38/64 |S|=24 orbit-dup skip
    walk 39/64 |S|=24 orbit-dup skip
    walk 40/64 |S|=24 orbit-dup skip
    walk 41/64 |S|=24 orbit-dup skip
    walk 42/64 |S|=24 orbit-dup skip
    walk 43/64 |S|=24 orbit-dup skip
    walk 44/64 |S|=24 orbit-dup skip
    walk 45/64 |S|=24 orbit-dup skip
    walk 46/64 |S|=24 orbit-dup skip
    walk 47/64 |S|=24 orbit-dup skip
    walk 48/64 |S|=24 orbit-dup skip
    walk 49/64 |S|=24 orbit-dup skip
    walk 50/64 |S|=24 orbit-dup skip
    walk 51/64 |S|=24 orbit-dup skip
    walk 52/64 |S|=24 orbit-dup skip
    walk 53/64 |S|=24 orbit-dup skip
    walk 54/64 |S|=24 orbit-dup skip
    walk 55/64 |S|=24 orbit-dup skip
    walk 56/64 |S|=24 orbit-dup skip
    walk 57/64 |S|=24 orbit-dup skip
    walk 58/64 |S|=24 orbit-dup skip
    walk 59/64 |S|=24 orbit-dup skip
    walk 60/64 |S|=24 orbit-dup skip
    walk 61/64 |S|=24 orbit-dup skip
    walk 62/64 |S|=24 orbit-dup skip
    walk 63/64 |S|=24 orbit-dup skip
    walk 64/64 |S|=24 orbit-dup skip
  [5c] p=241 e=10 D3∪D8 pool=24 t=20
    walk 1/64 |S|=18 tri_free=True greedyα=23
    walk 2/64 |S|=17 tri_free=True greedyα=29
    walk 3/64 |S|=17 tri_free=True greedyα=29
    walk 4/64 |S|=17 orbit-dup skip
    walk 5/64 |S|=17 tri_free=True greedyα=27
    walk 6/64 |S|=17 tri_free=True greedyα=25
    walk 7/64 |S|=18 tri_free=True greedyα=28
    walk 8/64 |S|=17 tri_free=True greedyα=38
    walk 9/64 |S|=17 tri_free=True greedyα=23
    walk 10/64 |S|=17 tri_free=True greedyα=41
    walk 11/64 |S|=17 tri_free=True greedyα=27
    walk 12/64 |S|=17 tri_free=True greedyα=23
    walk 13/64 |S|=18 tri_free=True greedyα=22
    walk 14/64 |S|=17 tri_free=True greedyα=31
    walk 15/64 |S|=18 tri_free=True greedyα=29
    walk 16/64 |S|=17 tri_free=True greedyα=31
    walk 17/64 |S|=17 tri_free=True greedyα=24
    walk 18/64 |S|=17 tri_free=True greedyα=23
    walk 19/64 |S|=16 tri_free=True greedyα=29
    walk 20/64 |S|=18 orbit-dup skip
    walk 21/64 |S|=17 orbit-dup skip
    walk 22/64 |S|=17 tri_free=True greedyα=27
    walk 23/64 |S|=17 tri_free=True greedyα=35
    walk 24/64 |S|=17 tri_free=True greedyα=37
    walk 25/64 |S|=18 orbit-dup skip
    walk 26/64 |S|=17 tri_free=True greedyα=28
    walk 27/64 |S|=18 orbit-dup skip
    walk 28/64 |S|=18 orbit-dup skip
    walk 29/64 |S|=17 tri_free=True greedyα=25
    walk 30/64 |S|=17 orbit-dup skip
    walk 31/64 |S|=17 orbit-dup skip
    walk 32/64 |S|=17 tri_free=True greedyα=28
    walk 33/64 |S|=18 orbit-dup skip
    walk 34/64 |S|=17 tri_free=True greedyα=27
    walk 35/64 |S|=18 orbit-dup skip
    walk 36/64 |S|=17 tri_free=True greedyα=26
    walk 37/64 |S|=17 tri_free=True greedyα=35
    walk 38/64 |S|=18 orbit-dup skip
    walk 39/64 |S|=17 tri_free=True greedyα=28
    walk 40/64 |S|=18 orbit-dup skip
    walk 41/64 |S|=17 tri_free=True greedyα=27
    walk 42/64 |S|=17 tri_free=True greedyα=29
    walk 43/64 |S|=17 tri_free=True greedyα=27
    walk 44/64 |S|=18 tri_free=True greedyα=24
    walk 45/64 |S|=17 tri_free=True greedyα=28
    walk 46/64 |S|=17 tri_free=True greedyα=23
    walk 47/64 |S|=18 orbit-dup skip
    walk 48/64 |S|=17 tri_free=True greedyα=36
    walk 49/64 |S|=18 orbit-dup skip
    walk 50/64 |S|=18 orbit-dup skip
    walk 51/64 |S|=17 tri_free=True greedyα=31
    walk 52/64 |S|=17 tri_free=True greedyα=24
    walk 53/64 |S|=18 orbit-dup skip
    walk 54/64 |S|=18 orbit-dup skip
    walk 55/64 |S|=17 tri_free=True greedyα=22
    walk 56/64 |S|=17 tri_free=True greedyα=31
    walk 57/64 |S|=17 orbit-dup skip
    walk 58/64 |S|=17 tri_free=True greedyα=30
    walk 59/64 |S|=17 tri_free=True greedyα=26
    walk 60/64 |S|=17 tri_free=True greedyα=25
    walk 61/64 |S|=18 tri_free=True greedyα=24
    walk 62/64 |S|=18 orbit-dup skip
    walk 63/64 |S|=17 tri_free=True greedyα=28
    walk 64/64 |S|=18 orbit-dup skip
  [5c] p=241 e=10 D3∪D9 pool=24 t=20
    walk 1/64 |S|=24 tri_free=True greedyα=25
    walk 2/64 |S|=24 orbit-dup skip
    walk 3/64 |S|=24 orbit-dup skip
    walk 4/64 |S|=24 orbit-dup skip
    walk 5/64 |S|=24 orbit-dup skip
    walk 6/64 |S|=24 orbit-dup skip
    walk 7/64 |S|=24 orbit-dup skip
    walk 8/64 |S|=24 orbit-dup skip
    walk 9/64 |S|=24 orbit-dup skip
    walk 10/64 |S|=24 orbit-dup skip
    walk 11/64 |S|=24 orbit-dup skip
    walk 12/64 |S|=24 orbit-dup skip
    walk 13/64 |S|=24 orbit-dup skip
    walk 14/64 |S|=24 orbit-dup skip
    walk 15/64 |S|=24 orbit-dup skip
    walk 16/64 |S|=24 orbit-dup skip
    walk 17/64 |S|=24 orbit-dup skip
    walk 18/64 |S|=24 orbit-dup skip
    walk 19/64 |S|=24 orbit-dup skip
    walk 20/64 |S|=24 orbit-dup skip
    walk 21/64 |S|=24 orbit-dup skip
    walk 22/64 |S|=24 orbit-dup skip
    walk 23/64 |S|=24 orbit-dup skip
    walk 24/64 |S|=24 orbit-dup skip
    walk 25/64 |S|=24 orbit-dup skip
    walk 26/64 |S|=24 orbit-dup skip
    walk 27/64 |S|=24 orbit-dup skip
    walk 28/64 |S|=24 orbit-dup skip
    walk 29/64 |S|=24 orbit-dup skip
    walk 30/64 |S|=24 orbit-dup skip
    walk 31/64 |S|=24 orbit-dup skip
    walk 32/64 |S|=24 orbit-dup skip
    walk 33/64 |S|=24 orbit-dup skip
    walk 34/64 |S|=24 orbit-dup skip
    walk 35/64 |S|=24 orbit-dup skip
    walk 36/64 |S|=24 orbit-dup skip
    walk 37/64 |S|=24 orbit-dup skip
    walk 38/64 |S|=24 orbit-dup skip
    walk 39/64 |S|=24 orbit-dup skip
    walk 40/64 |S|=24 orbit-dup skip
    walk 41/64 |S|=24 orbit-dup skip
    walk 42/64 |S|=24 orbit-dup skip
    walk 43/64 |S|=24 orbit-dup skip
    walk 44/64 |S|=24 orbit-dup skip
    walk 45/64 |S|=24 orbit-dup skip
    walk 46/64 |S|=24 orbit-dup skip
    walk 47/64 |S|=24 orbit-dup skip
    walk 48/64 |S|=24 orbit-dup skip
    walk 49/64 |S|=24 orbit-dup skip
    walk 50/64 |S|=24 orbit-dup skip
    walk 51/64 |S|=24 orbit-dup skip
    walk 52/64 |S|=24 orbit-dup skip
    walk 53/64 |S|=24 orbit-dup skip
    walk 54/64 |S|=24 orbit-dup skip
    walk 55/64 |S|=24 orbit-dup skip
    walk 56/64 |S|=24 orbit-dup skip
    walk 57/64 |S|=24 orbit-dup skip
    walk 58/64 |S|=24 orbit-dup skip
    walk 59/64 |S|=24 orbit-dup skip
    walk 60/64 |S|=24 orbit-dup skip
    walk 61/64 |S|=24 orbit-dup skip
    walk 62/64 |S|=24 orbit-dup skip
    walk 63/64 |S|=24 orbit-dup skip
    walk 64/64 |S|=24 orbit-dup skip
  [5c] p=241 e=10 D4∪D5 pool=24 t=20
    walk 1/64 |S|=15 tri_free=True greedyα=37
    walk 2/64 |S|=17 tri_free=True greedyα=37
    walk 3/64 |S|=18 tri_free=True greedyα=34
    walk 4/64 |S|=16 tri_free=True greedyα=26
    walk 5/64 |S|=14 tri_free=True greedyα=40
    walk 6/64 |S|=17 tri_free=True greedyα=26
    walk 7/64 |S|=19 tri_free=True greedyα=35
    walk 8/64 |S|=17 orbit-dup skip
    walk 9/64 |S|=18 tri_free=True greedyα=33
    walk 10/64 |S|=17 tri_free=True greedyα=26
    walk 11/64 |S|=16 tri_free=True greedyα=23
    walk 12/64 |S|=18 orbit-dup skip
    walk 13/64 |S|=19 tri_free=True greedyα=35
    walk 14/64 |S|=19 orbit-dup skip
    walk 15/64 |S|=18 tri_free=True greedyα=22
    walk 16/64 |S|=19 orbit-dup skip
    walk 17/64 |S|=19 orbit-dup skip
    walk 18/64 |S|=19 orbit-dup skip
    walk 19/64 |S|=19 orbit-dup skip
    walk 20/64 |S|=15 tri_free=True greedyα=34
    walk 21/64 |S|=18 tri_free=True greedyα=37
    walk 22/64 |S|=16 tri_free=True greedyα=26
    walk 23/64 |S|=17 tri_free=True greedyα=29
    walk 24/64 |S|=19 orbit-dup skip
    walk 25/64 |S|=18 tri_free=True greedyα=21
    walk 26/64 |S|=19 orbit-dup skip
    walk 27/64 |S|=16 orbit-dup skip
    walk 28/64 |S|=18 tri_free=True greedyα=28
    walk 29/64 |S|=17 tri_free=True greedyα=25
    walk 30/64 |S|=16 tri_free=True greedyα=26
    walk 31/64 |S|=18 orbit-dup skip
    walk 32/64 |S|=17 tri_free=True greedyα=28
    walk 33/64 |S|=16 tri_free=True greedyα=37
    walk 34/64 |S|=19 orbit-dup skip
    walk 35/64 |S|=17 tri_free=True greedyα=29
    walk 36/64 |S|=19 orbit-dup skip
    walk 37/64 |S|=19 orbit-dup skip
    walk 38/64 |S|=19 orbit-dup skip
    walk 39/64 |S|=15 tri_free=True greedyα=31
    walk 40/64 |S|=19 orbit-dup skip
    walk 41/64 |S|=18 tri_free=True greedyα=30
    walk 42/64 |S|=15 tri_free=True greedyα=37
    walk 43/64 |S|=15 tri_free=True greedyα=32
    walk 44/64 |S|=17 tri_free=True greedyα=26
    walk 45/64 |S|=18 orbit-dup skip
    walk 46/64 |S|=18 orbit-dup skip
    walk 47/64 |S|=19 orbit-dup skip
    walk 48/64 |S|=19 orbit-dup skip
    walk 49/64 |S|=18 orbit-dup skip
    walk 50/64 |S|=19 orbit-dup skip
    walk 51/64 |S|=15 tri_free=True greedyα=25
    walk 52/64 |S|=18 orbit-dup skip
    walk 53/64 |S|=17 orbit-dup skip
    walk 54/64 |S|=19 orbit-dup skip
    walk 55/64 |S|=18 orbit-dup skip
    walk 56/64 |S|=17 orbit-dup skip
    walk 57/64 |S|=15 tri_free=True greedyα=28
    walk 58/64 |S|=19 orbit-dup skip
    walk 59/64 |S|=16 tri_free=True greedyα=28
    walk 60/64 |S|=19 orbit-dup skip
    walk 61/64 |S|=17 tri_free=True greedyα=26
    walk 62/64 |S|=18 tri_free=True greedyα=23
    walk 63/64 |S|=18 orbit-dup skip
    walk 64/64 |S|=19 orbit-dup skip
  [5c] p=241 e=10 D4∪D6 pool=24 t=20
    walk 1/64 |S|=15 tri_free=True greedyα=37
    walk 2/64 |S|=16 tri_free=True greedyα=26
    walk 3/64 |S|=15 tri_free=True greedyα=33
    walk 4/64 |S|=15 tri_free=True greedyα=29
    walk 5/64 |S|=15 tri_free=True greedyα=29
    walk 6/64 |S|=16 tri_free=True greedyα=33
    walk 7/64 |S|=15 tri_free=True greedyα=31
    walk 8/64 |S|=15 tri_free=True greedyα=30
    walk 9/64 |S|=15 tri_free=True greedyα=27
    walk 10/64 |S|=15 tri_free=True greedyα=31
    walk 11/64 |S|=15 tri_free=True greedyα=36
    walk 12/64 |S|=14 tri_free=True greedyα=37
    walk 13/64 |S|=15 tri_free=True greedyα=32
    walk 14/64 |S|=15 orbit-dup skip
    walk 15/64 |S|=15 orbit-dup skip
    walk 16/64 |S|=15 tri_free=True greedyα=29
    walk 17/64 |S|=15 tri_free=True greedyα=27
    walk 18/64 |S|=15 tri_free=True greedyα=28
    walk 19/64 |S|=15 tri_free=True greedyα=26
    walk 20/64 |S|=15 tri_free=True greedyα=26
    walk 21/64 |S|=14 tri_free=True greedyα=30
    walk 22/64 |S|=15 tri_free=True greedyα=32
    walk 23/64 |S|=14 tri_free=True greedyα=28
    walk 24/64 |S|=15 tri_free=True greedyα=29
    walk 25/64 |S|=14 tri_free=True greedyα=37
    walk 26/64 |S|=15 tri_free=True greedyα=25
    walk 27/64 |S|=15 tri_free=True greedyα=28
    walk 28/64 |S|=15 tri_free=True greedyα=30
    walk 29/64 |S|=15 tri_free=True greedyα=33
    walk 30/64 |S|=15 tri_free=True greedyα=30
    walk 31/64 |S|=15 tri_free=True greedyα=30
    walk 32/64 |S|=15 tri_free=True greedyα=31
    walk 33/64 |S|=15 tri_free=True greedyα=31
    walk 34/64 |S|=14 tri_free=True greedyα=29
    walk 35/64 |S|=15 tri_free=True greedyα=27
    walk 36/64 |S|=15 tri_free=True greedyα=30
    walk 37/64 |S|=14 tri_free=True greedyα=30
    walk 38/64 |S|=15 tri_free=True greedyα=32
    walk 39/64 |S|=15 tri_free=True greedyα=28
    walk 40/64 |S|=15 orbit-dup skip
    walk 41/64 |S|=15 tri_free=True greedyα=34
    walk 42/64 |S|=15 orbit-dup skip
    walk 43/64 |S|=15 tri_free=True greedyα=26
    walk 44/64 |S|=16 tri_free=True greedyα=27
    walk 45/64 |S|=15 orbit-dup skip
    walk 46/64 |S|=15 orbit-dup skip
    walk 47/64 |S|=14 tri_free=True greedyα=33
    walk 48/64 |S|=13 tri_free=True greedyα=28
    walk 49/64 |S|=15 orbit-dup skip
    walk 50/64 |S|=15 tri_free=True greedyα=32
    walk 51/64 |S|=15 orbit-dup skip
    walk 52/64 |S|=15 tri_free=True greedyα=31
    walk 53/64 |S|=15 tri_free=True greedyα=29
    walk 54/64 |S|=15 orbit-dup skip
    walk 55/64 |S|=15 tri_free=True greedyα=27
    walk 56/64 |S|=15 orbit-dup skip
    walk 57/64 |S|=15 tri_free=True greedyα=33
    walk 58/64 |S|=15 tri_free=True greedyα=35
    walk 59/64 |S|=15 tri_free=True greedyα=34
    walk 60/64 |S|=16 tri_free=True greedyα=25
    walk 61/64 |S|=14 tri_free=True greedyα=30
    walk 62/64 |S|=15 tri_free=True greedyα=37
    walk 63/64 |S|=16 orbit-dup skip
    walk 64/64 |S|=14 tri_free=True greedyα=41
  [5c] p=241 e=10 D4∪D7 pool=24 t=20
    walk 1/64 |S|=24 tri_free=True greedyα=25
    walk 2/64 |S|=24 orbit-dup skip
    walk 3/64 |S|=24 orbit-dup skip
    walk 4/64 |S|=24 orbit-dup skip
    walk 5/64 |S|=24 orbit-dup skip
    walk 6/64 |S|=24 orbit-dup skip
    walk 7/64 |S|=24 orbit-dup skip
    walk 8/64 |S|=24 orbit-dup skip
    walk 9/64 |S|=24 orbit-dup skip
    walk 10/64 |S|=24 orbit-dup skip
    walk 11/64 |S|=24 orbit-dup skip
    walk 12/64 |S|=24 orbit-dup skip
    walk 13/64 |S|=24 orbit-dup skip
    walk 14/64 |S|=24 orbit-dup skip
    walk 15/64 |S|=24 orbit-dup skip
    walk 16/64 |S|=24 orbit-dup skip
    walk 17/64 |S|=24 orbit-dup skip
    walk 18/64 |S|=24 orbit-dup skip
    walk 19/64 |S|=24 orbit-dup skip
    walk 20/64 |S|=24 orbit-dup skip
    walk 21/64 |S|=24 orbit-dup skip
    walk 22/64 |S|=24 orbit-dup skip
    walk 23/64 |S|=24 orbit-dup skip
    walk 24/64 |S|=24 orbit-dup skip
    walk 25/64 |S|=24 orbit-dup skip
    walk 26/64 |S|=24 orbit-dup skip
    walk 27/64 |S|=24 orbit-dup skip
    walk 28/64 |S|=24 orbit-dup skip
    walk 29/64 |S|=24 orbit-dup skip
    walk 30/64 |S|=24 orbit-dup skip
    walk 31/64 |S|=24 orbit-dup skip
    walk 32/64 |S|=24 orbit-dup skip
    walk 33/64 |S|=24 orbit-dup skip
    walk 34/64 |S|=24 orbit-dup skip
    walk 35/64 |S|=24 orbit-dup skip
    walk 36/64 |S|=24 orbit-dup skip
    walk 37/64 |S|=24 orbit-dup skip
    walk 38/64 |S|=24 orbit-dup skip
    walk 39/64 |S|=24 orbit-dup skip
    walk 40/64 |S|=24 orbit-dup skip
    walk 41/64 |S|=24 orbit-dup skip
    walk 42/64 |S|=24 orbit-dup skip
    walk 43/64 |S|=24 orbit-dup skip
    walk 44/64 |S|=24 orbit-dup skip
    walk 45/64 |S|=24 orbit-dup skip
    walk 46/64 |S|=24 orbit-dup skip
    walk 47/64 |S|=24 orbit-dup skip
    walk 48/64 |S|=24 orbit-dup skip
    walk 49/64 |S|=24 orbit-dup skip
    walk 50/64 |S|=24 orbit-dup skip
    walk 51/64 |S|=24 orbit-dup skip
    walk 52/64 |S|=24 orbit-dup skip
    walk 53/64 |S|=24 orbit-dup skip
    walk 54/64 |S|=24 orbit-dup skip
    walk 55/64 |S|=24 orbit-dup skip
    walk 56/64 |S|=24 orbit-dup skip
    walk 57/64 |S|=24 orbit-dup skip
    walk 58/64 |S|=24 orbit-dup skip
    walk 59/64 |S|=24 orbit-dup skip
    walk 60/64 |S|=24 orbit-dup skip
    walk 61/64 |S|=24 orbit-dup skip
    walk 62/64 |S|=24 orbit-dup skip
    walk 63/64 |S|=24 orbit-dup skip
    walk 64/64 |S|=24 orbit-dup skip
  [5c] p=241 e=10 D4∪D8 pool=24 t=20
    walk 1/64 |S|=24 tri_free=True greedyα=25
    walk 2/64 |S|=24 orbit-dup skip
    walk 3/64 |S|=24 orbit-dup skip
    walk 4/64 |S|=24 orbit-dup skip
    walk 5/64 |S|=24 orbit-dup skip
    walk 6/64 |S|=24 orbit-dup skip
    walk 7/64 |S|=24 orbit-dup skip
    walk 8/64 |S|=24 orbit-dup skip
    walk 9/64 |S|=24 orbit-dup skip
    walk 10/64 |S|=24 orbit-dup skip
    walk 11/64 |S|=24 orbit-dup skip
    walk 12/64 |S|=24 orbit-dup skip
    walk 13/64 |S|=24 orbit-dup skip
    walk 14/64 |S|=24 orbit-dup skip
    walk 15/64 |S|=24 orbit-dup skip
    walk 16/64 |S|=24 orbit-dup skip
    walk 17/64 |S|=24 orbit-dup skip
    walk 18/64 |S|=24 orbit-dup skip
    walk 19/64 |S|=24 orbit-dup skip
    walk 20/64 |S|=24 orbit-dup skip
    walk 21/64 |S|=24 orbit-dup skip
    walk 22/64 |S|=24 orbit-dup skip
    walk 23/64 |S|=24 orbit-dup skip
    walk 24/64 |S|=24 orbit-dup skip
    walk 25/64 |S|=24 orbit-dup skip
    walk 26/64 |S|=24 orbit-dup skip
    walk 27/64 |S|=24 orbit-dup skip
    walk 28/64 |S|=24 orbit-dup skip
    walk 29/64 |S|=24 orbit-dup skip
    walk 30/64 |S|=24 orbit-dup skip
    walk 31/64 |S|=24 orbit-dup skip
    walk 32/64 |S|=24 orbit-dup skip
    walk 33/64 |S|=24 orbit-dup skip
    walk 34/64 |S|=24 orbit-dup skip
    walk 35/64 |S|=24 orbit-dup skip
    walk 36/64 |S|=24 orbit-dup skip
    walk 37/64 |S|=24 orbit-dup skip
    walk 38/64 |S|=24 orbit-dup skip
    walk 39/64 |S|=24 orbit-dup skip
    walk 40/64 |S|=24 orbit-dup skip
    walk 41/64 |S|=24 orbit-dup skip
    walk 42/64 |S|=24 orbit-dup skip
    walk 43/64 |S|=24 orbit-dup skip
    walk 44/64 |S|=24 orbit-dup skip
    walk 45/64 |S|=24 orbit-dup skip
    walk 46/64 |S|=24 orbit-dup skip
    walk 47/64 |S|=24 orbit-dup skip
    walk 48/64 |S|=24 orbit-dup skip
    walk 49/64 |S|=24 orbit-dup skip
    walk 50/64 |S|=24 orbit-dup skip
    walk 51/64 |S|=24 orbit-dup skip
    walk 52/64 |S|=24 orbit-dup skip
    walk 53/64 |S|=24 orbit-dup skip
    walk 54/64 |S|=24 orbit-dup skip
    walk 55/64 |S|=24 orbit-dup skip
    walk 56/64 |S|=24 orbit-dup skip
    walk 57/64 |S|=24 orbit-dup skip
    walk 58/64 |S|=24 orbit-dup skip
    walk 59/64 |S|=24 orbit-dup skip
    walk 60/64 |S|=24 orbit-dup skip
    walk 61/64 |S|=24 orbit-dup skip
    walk 62/64 |S|=24 orbit-dup skip
    walk 63/64 |S|=24 orbit-dup skip
    walk 64/64 |S|=24 orbit-dup skip
  [5c] p=241 e=10 D4∪D9 pool=24 t=20
    walk 1/64 |S|=17 tri_free=True greedyα=27
    walk 2/64 |S|=17 tri_free=True greedyα=23
    walk 3/64 |S|=17 tri_free=True greedyα=26
    walk 4/64 |S|=17 tri_free=True greedyα=22
    walk 5/64 |S|=17 tri_free=True greedyα=20
    walk 6/64 |S|=17 tri_free=True greedyα=24
    walk 7/64 |S|=17 tri_free=True greedyα=27
    walk 8/64 |S|=16 tri_free=True greedyα=29
    walk 9/64 |S|=17 tri_free=True greedyα=29
    walk 10/64 |S|=17 tri_free=True greedyα=31
    walk 11/64 |S|=17 tri_free=True greedyα=26
    walk 12/64 |S|=17 tri_free=True greedyα=24
    walk 13/64 |S|=17 tri_free=True greedyα=25
    walk 14/64 |S|=18 tri_free=True greedyα=25
    walk 15/64 |S|=17 tri_free=True greedyα=26
    walk 16/64 |S|=18 tri_free=True greedyα=27
    walk 17/64 |S|=17 tri_free=True greedyα=26
    walk 18/64 |S|=17 orbit-dup skip
    walk 19/64 |S|=18 orbit-dup skip
    walk 20/64 |S|=17 tri_free=True greedyα=40
    walk 21/64 |S|=17 tri_free=True greedyα=26
    walk 22/64 |S|=17 tri_free=True greedyα=28
    walk 23/64 |S|=18 tri_free=True greedyα=23
    walk 24/64 |S|=17 tri_free=True greedyα=32
    walk 25/64 |S|=18 tri_free=True greedyα=26
    walk 26/64 |S|=17 tri_free=True greedyα=30
    walk 27/64 |S|=17 tri_free=True greedyα=34
    walk 28/64 |S|=17 tri_free=True greedyα=25
    walk 29/64 |S|=17 tri_free=True greedyα=22
    walk 30/64 |S|=17 tri_free=True greedyα=28
    walk 31/64 |S|=17 tri_free=True greedyα=27
    walk 32/64 |S|=17 tri_free=True greedyα=28
    walk 33/64 |S|=17 orbit-dup skip
    walk 34/64 |S|=17 tri_free=True greedyα=30
    walk 35/64 |S|=17 tri_free=True greedyα=25
    walk 36/64 |S|=17 orbit-dup skip
    walk 37/64 |S|=17 tri_free=True greedyα=37
    walk 38/64 |S|=17 tri_free=True greedyα=26
    walk 39/64 |S|=17 orbit-dup skip
    walk 40/64 |S|=17 tri_free=True greedyα=27
    walk 41/64 |S|=18 orbit-dup skip
    walk 42/64 |S|=17 orbit-dup skip
    walk 43/64 |S|=18 orbit-dup skip
    walk 44/64 |S|=17 tri_free=True greedyα=29
    walk 45/64 |S|=17 orbit-dup skip
    walk 46/64 |S|=17 tri_free=True greedyα=30
    walk 47/64 |S|=18 orbit-dup skip
    walk 48/64 |S|=17 tri_free=True greedyα=29
    walk 49/64 |S|=17 tri_free=True greedyα=25
    walk 50/64 |S|=18 orbit-dup skip
    walk 51/64 |S|=18 orbit-dup skip
    walk 52/64 |S|=16 tri_free=True greedyα=29
    walk 53/64 |S|=18 orbit-dup skip
    walk 54/64 |S|=18 tri_free=True greedyα=29
    walk 55/64 |S|=17 tri_free=True greedyα=26
    walk 56/64 |S|=17 tri_free=True greedyα=27
    walk 57/64 |S|=18 tri_free=True greedyα=25
    walk 58/64 |S|=17 orbit-dup skip
    walk 59/64 |S|=17 tri_free=True greedyα=28
    walk 60/64 |S|=17 tri_free=True greedyα=24
    walk 61/64 |S|=17 tri_free=True greedyα=24
    walk 62/64 |S|=17 orbit-dup skip
    walk 63/64 |S|=17 orbit-dup skip
    walk 64/64 |S|=17 tri_free=True greedyα=24
  [5c] p=241 e=10 D5∪D6 pool=24 t=20
    walk 1/64 |S|=15 tri_free=True greedyα=28
    walk 2/64 |S|=18 tri_free=True greedyα=23
    walk 3/64 |S|=17 tri_free=True greedyα=28
    walk 4/64 |S|=14 tri_free=True greedyα=37
    walk 5/64 |S|=19 tri_free=True greedyα=33
    walk 6/64 |S|=19 tri_free=True greedyα=35
    walk 7/64 |S|=18 tri_free=True greedyα=36
    walk 8/64 |S|=19 orbit-dup skip
    walk 9/64 |S|=17 tri_free=True greedyα=24
    walk 10/64 |S|=18 tri_free=True greedyα=27
    walk 11/64 |S|=18 orbit-dup skip
    walk 12/64 |S|=17 orbit-dup skip
    walk 13/64 |S|=15 tri_free=True greedyα=36
    walk 14/64 |S|=16 tri_free=True greedyα=27
    walk 15/64 |S|=18 tri_free=True greedyα=33
    walk 16/64 |S|=19 orbit-dup skip
    walk 17/64 |S|=18 tri_free=True greedyα=28
    walk 18/64 |S|=18 tri_free=True greedyα=20
    walk 19/64 |S|=19 orbit-dup skip
    walk 20/64 |S|=19 orbit-dup skip
    walk 21/64 |S|=19 orbit-dup skip
    walk 22/64 |S|=17 tri_free=True greedyα=29
    walk 23/64 |S|=19 orbit-dup skip
    walk 24/64 |S|=16 tri_free=True greedyα=40
    walk 25/64 |S|=19 orbit-dup skip
    walk 26/64 |S|=18 orbit-dup skip
    walk 27/64 |S|=18 orbit-dup skip
    walk 28/64 |S|=18 orbit-dup skip
    walk 29/64 |S|=17 tri_free=True greedyα=26
    walk 30/64 |S|=17 tri_free=True greedyα=29
    walk 31/64 |S|=16 tri_free=True greedyα=25
    walk 32/64 |S|=19 orbit-dup skip
    walk 33/64 |S|=19 orbit-dup skip
    walk 34/64 |S|=17 tri_free=True greedyα=38
    walk 35/64 |S|=18 orbit-dup skip
    walk 36/64 |S|=19 orbit-dup skip
    walk 37/64 |S|=17 tri_free=True greedyα=26
    walk 38/64 |S|=19 orbit-dup skip
    walk 39/64 |S|=18 tri_free=True greedyα=34
    walk 40/64 |S|=19 orbit-dup skip
    walk 41/64 |S|=19 orbit-dup skip
    walk 42/64 |S|=19 orbit-dup skip
    walk 43/64 |S|=17 orbit-dup skip
    walk 44/64 |S|=15 tri_free=True greedyα=29
    walk 45/64 |S|=17 orbit-dup skip
    walk 46/64 |S|=16 tri_free=True greedyα=40
    walk 47/64 |S|=17 orbit-dup skip
    walk 48/64 |S|=19 orbit-dup skip
    walk 49/64 |S|=19 orbit-dup skip
    walk 50/64 |S|=16 tri_free=True greedyα=28
    walk 51/64 |S|=16 tri_free=True greedyα=25
    walk 52/64 |S|=16 orbit-dup skip
    walk 53/64 |S|=19 orbit-dup skip
    walk 54/64 |S|=19 orbit-dup skip
    walk 55/64 |S|=15 tri_free=True greedyα=28
    walk 56/64 |S|=19 orbit-dup skip
    walk 57/64 |S|=19 orbit-dup skip
    walk 58/64 |S|=17 orbit-dup skip
    walk 59/64 |S|=17 tri_free=True greedyα=37
    walk 60/64 |S|=18 orbit-dup skip
    walk 61/64 |S|=18 orbit-dup skip
    walk 62/64 |S|=17 orbit-dup skip
    walk 63/64 |S|=19 orbit-dup skip
    walk 64/64 |S|=17 orbit-dup skip
  [5c] p=241 e=10 D5∪D7 pool=24 t=20
    walk 1/64 |S|=14 tri_free=True greedyα=30
    walk 2/64 |S|=14 tri_free=True greedyα=30
    walk 3/64 |S|=15 tri_free=True greedyα=30
    walk 4/64 |S|=15 tri_free=True greedyα=27
    walk 5/64 |S|=15 tri_free=True greedyα=27
    walk 6/64 |S|=15 tri_free=True greedyα=31
    walk 7/64 |S|=15 tri_free=True greedyα=30
    walk 8/64 |S|=15 tri_free=True greedyα=29
    walk 9/64 |S|=15 tri_free=True greedyα=30
    walk 10/64 |S|=15 tri_free=True greedyα=26
    walk 11/64 |S|=15 tri_free=True greedyα=26
    walk 12/64 |S|=15 tri_free=True greedyα=27
    walk 13/64 |S|=15 tri_free=True greedyα=46
    walk 14/64 |S|=15 tri_free=True greedyα=30
    walk 15/64 |S|=16 tri_free=True greedyα=26
    walk 16/64 |S|=15 tri_free=True greedyα=45
    walk 17/64 |S|=15 tri_free=True greedyα=39
    walk 18/64 |S|=15 orbit-dup skip
    walk 19/64 |S|=15 tri_free=True greedyα=35
    walk 20/64 |S|=15 tri_free=True greedyα=29
    walk 21/64 |S|=15 tri_free=True greedyα=27
    walk 22/64 |S|=14 tri_free=True greedyα=34
    walk 23/64 |S|=15 orbit-dup skip
    walk 24/64 |S|=14 tri_free=True greedyα=41
    walk 25/64 |S|=14 tri_free=True greedyα=28
    walk 26/64 |S|=15 tri_free=True greedyα=30
    walk 27/64 |S|=15 tri_free=True greedyα=26
    walk 28/64 |S|=15 tri_free=True greedyα=43
    walk 29/64 |S|=15 tri_free=True greedyα=28
    walk 30/64 |S|=15 tri_free=True greedyα=27
    walk 31/64 |S|=15 tri_free=True greedyα=34
    walk 32/64 |S|=15 tri_free=True greedyα=24
    walk 33/64 |S|=15 tri_free=True greedyα=28
    walk 34/64 |S|=14 tri_free=True greedyα=26
    walk 35/64 |S|=15 orbit-dup skip
    walk 36/64 |S|=15 tri_free=True greedyα=28
    walk 37/64 |S|=16 tri_free=True greedyα=28
    walk 38/64 |S|=14 tri_free=True greedyα=40
    walk 39/64 |S|=15 orbit-dup skip
    walk 40/64 |S|=16 orbit-dup skip
    walk 41/64 |S|=16 orbit-dup skip
    walk 42/64 |S|=14 tri_free=True greedyα=30
    walk 43/64 |S|=15 tri_free=True greedyα=30
    walk 44/64 |S|=15 tri_free=True greedyα=29
    walk 45/64 |S|=15 tri_free=True greedyα=31
    walk 46/64 |S|=15 tri_free=True greedyα=30
    walk 47/64 |S|=15 tri_free=True greedyα=34
    walk 48/64 |S|=15 orbit-dup skip
    walk 49/64 |S|=14 tri_free=True greedyα=30
    walk 50/64 |S|=15 tri_free=True greedyα=30
    walk 51/64 |S|=14 tri_free=True greedyα=27
    walk 52/64 |S|=15 orbit-dup skip
    walk 53/64 |S|=14 tri_free=True greedyα=32
    walk 54/64 |S|=14 tri_free=True greedyα=25
    walk 55/64 |S|=14 tri_free=True greedyα=32
    walk 56/64 |S|=15 tri_free=True greedyα=30
    walk 57/64 |S|=15 tri_free=True greedyα=23
    walk 58/64 |S|=15 tri_free=True greedyα=29
    walk 59/64 |S|=15 tri_free=True greedyα=27
    walk 60/64 |S|=16 orbit-dup skip
    walk 61/64 |S|=14 tri_free=True greedyα=41
    walk 62/64 |S|=15 tri_free=True greedyα=41
    walk 63/64 |S|=15 tri_free=True greedyα=29
    walk 64/64 |S|=15 tri_free=True greedyα=31
  [5c] p=241 e=10 D5∪D8 pool=24 t=20
    walk 1/64 |S|=24 tri_free=True greedyα=25
    walk 2/64 |S|=24 orbit-dup skip
    walk 3/64 |S|=24 orbit-dup skip
    walk 4/64 |S|=24 orbit-dup skip
    walk 5/64 |S|=24 orbit-dup skip
    walk 6/64 |S|=24 orbit-dup skip
    walk 7/64 |S|=24 orbit-dup skip
    walk 8/64 |S|=24 orbit-dup skip
    walk 9/64 |S|=24 orbit-dup skip
    walk 10/64 |S|=24 orbit-dup skip
    walk 11/64 |S|=24 orbit-dup skip
    walk 12/64 |S|=24 orbit-dup skip
    walk 13/64 |S|=24 orbit-dup skip
    walk 14/64 |S|=24 orbit-dup skip
    walk 15/64 |S|=24 orbit-dup skip
    walk 16/64 |S|=24 orbit-dup skip
    walk 17/64 |S|=24 orbit-dup skip
    walk 18/64 |S|=24 orbit-dup skip
    walk 19/64 |S|=24 orbit-dup skip
    walk 20/64 |S|=24 orbit-dup skip
    walk 21/64 |S|=24 orbit-dup skip
    walk 22/64 |S|=24 orbit-dup skip
    walk 23/64 |S|=24 orbit-dup skip
    walk 24/64 |S|=24 orbit-dup skip
    walk 25/64 |S|=24 orbit-dup skip
    walk 26/64 |S|=24 orbit-dup skip
    walk 27/64 |S|=24 orbit-dup skip
    walk 28/64 |S|=24 orbit-dup skip
    walk 29/64 |S|=24 orbit-dup skip
    walk 30/64 |S|=24 orbit-dup skip
    walk 31/64 |S|=24 orbit-dup skip
    walk 32/64 |S|=24 orbit-dup skip
    walk 33/64 |S|=24 orbit-dup skip
    walk 34/64 |S|=24 orbit-dup skip
    walk 35/64 |S|=24 orbit-dup skip
    walk 36/64 |S|=24 orbit-dup skip
    walk 37/64 |S|=24 orbit-dup skip
    walk 38/64 |S|=24 orbit-dup skip
    walk 39/64 |S|=24 orbit-dup skip
    walk 40/64 |S|=24 orbit-dup skip
    walk 41/64 |S|=24 orbit-dup skip
    walk 42/64 |S|=24 orbit-dup skip
    walk 43/64 |S|=24 orbit-dup skip
    walk 44/64 |S|=24 orbit-dup skip
    walk 45/64 |S|=24 orbit-dup skip
    walk 46/64 |S|=24 orbit-dup skip
    walk 47/64 |S|=24 orbit-dup skip
    walk 48/64 |S|=24 orbit-dup skip
    walk 49/64 |S|=24 orbit-dup skip
    walk 50/64 |S|=24 orbit-dup skip
    walk 51/64 |S|=24 orbit-dup skip
    walk 52/64 |S|=24 orbit-dup skip
    walk 53/64 |S|=24 orbit-dup skip
    walk 54/64 |S|=24 orbit-dup skip
    walk 55/64 |S|=24 orbit-dup skip
    walk 56/64 |S|=24 orbit-dup skip
    walk 57/64 |S|=24 orbit-dup skip
    walk 58/64 |S|=24 orbit-dup skip
    walk 59/64 |S|=24 orbit-dup skip
    walk 60/64 |S|=24 orbit-dup skip
    walk 61/64 |S|=24 orbit-dup skip
    walk 62/64 |S|=24 orbit-dup skip
    walk 63/64 |S|=24 orbit-dup skip
    walk 64/64 |S|=24 orbit-dup skip
  [5c] p=241 e=10 D5∪D9 pool=24 t=20
    walk 1/64 |S|=24 tri_free=True greedyα=25
    walk 2/64 |S|=24 orbit-dup skip
    walk 3/64 |S|=24 orbit-dup skip
    walk 4/64 |S|=24 orbit-dup skip
    walk 5/64 |S|=24 orbit-dup skip
    walk 6/64 |S|=24 orbit-dup skip
    walk 7/64 |S|=24 orbit-dup skip
    walk 8/64 |S|=24 orbit-dup skip
    walk 9/64 |S|=24 orbit-dup skip
    walk 10/64 |S|=24 orbit-dup skip
    walk 11/64 |S|=24 orbit-dup skip
    walk 12/64 |S|=24 orbit-dup skip
    walk 13/64 |S|=24 orbit-dup skip
    walk 14/64 |S|=24 orbit-dup skip
    walk 15/64 |S|=24 orbit-dup skip
    walk 16/64 |S|=24 orbit-dup skip
    walk 17/64 |S|=24 orbit-dup skip
    walk 18/64 |S|=24 orbit-dup skip
    walk 19/64 |S|=24 orbit-dup skip
    walk 20/64 |S|=24 orbit-dup skip
    walk 21/64 |S|=24 orbit-dup skip
    walk 22/64 |S|=24 orbit-dup skip
    walk 23/64 |S|=24 orbit-dup skip
    walk 24/64 |S|=24 orbit-dup skip
    walk 25/64 |S|=24 orbit-dup skip
    walk 26/64 |S|=24 orbit-dup skip
    walk 27/64 |S|=24 orbit-dup skip
    walk 28/64 |S|=24 orbit-dup skip
    walk 29/64 |S|=24 orbit-dup skip
    walk 30/64 |S|=24 orbit-dup skip
    walk 31/64 |S|=24 orbit-dup skip
    walk 32/64 |S|=24 orbit-dup skip
    walk 33/64 |S|=24 orbit-dup skip
    walk 34/64 |S|=24 orbit-dup skip
    walk 35/64 |S|=24 orbit-dup skip
    walk 36/64 |S|=24 orbit-dup skip
    walk 37/64 |S|=24 orbit-dup skip
    walk 38/64 |S|=24 orbit-dup skip
    walk 39/64 |S|=24 orbit-dup skip
    walk 40/64 |S|=24 orbit-dup skip
    walk 41/64 |S|=24 orbit-dup skip
    walk 42/64 |S|=24 orbit-dup skip
    walk 43/64 |S|=24 orbit-dup skip
    walk 44/64 |S|=24 orbit-dup skip
    walk 45/64 |S|=24 orbit-dup skip
    walk 46/64 |S|=24 orbit-dup skip
    walk 47/64 |S|=24 orbit-dup skip
    walk 48/64 |S|=24 orbit-dup skip
    walk 49/64 |S|=24 orbit-dup skip
    walk 50/64 |S|=24 orbit-dup skip
    walk 51/64 |S|=24 orbit-dup skip
    walk 52/64 |S|=24 orbit-dup skip
    walk 53/64 |S|=24 orbit-dup skip
    walk 54/64 |S|=24 orbit-dup skip
    walk 55/64 |S|=24 orbit-dup skip
    walk 56/64 |S|=24 orbit-dup skip
    walk 57/64 |S|=24 orbit-dup skip
    walk 58/64 |S|=24 orbit-dup skip
    walk 59/64 |S|=24 orbit-dup skip
    walk 60/64 |S|=24 orbit-dup skip
    walk 61/64 |S|=24 orbit-dup skip
    walk 62/64 |S|=24 orbit-dup skip
    walk 63/64 |S|=24 orbit-dup skip
    walk 64/64 |S|=24 orbit-dup skip
  [5c] p=241 e=10 D6∪D7 pool=24 t=20
    walk 1/64 |S|=18 tri_free=True greedyα=23
    walk 2/64 |S|=16 tri_free=True greedyα=40
    walk 3/64 |S|=19 tri_free=True greedyα=35
    walk 4/64 |S|=18 tri_free=True greedyα=22
    walk 5/64 |S|=19 orbit-dup skip
    walk 6/64 |S|=19 orbit-dup skip
    walk 7/64 |S|=16 tri_free=True greedyα=26
    walk 8/64 |S|=19 tri_free=True greedyα=35
    walk 9/64 |S|=18 orbit-dup skip
    walk 10/64 |S|=16 tri_free=True greedyα=27
    walk 11/64 |S|=16 tri_free=True greedyα=36
    walk 12/64 |S|=17 tri_free=True greedyα=29
    walk 13/64 |S|=17 orbit-dup skip
    walk 14/64 |S|=17 tri_free=True greedyα=29
    walk 15/64 |S|=18 tri_free=True greedyα=34
    walk 16/64 |S|=19 orbit-dup skip
    walk 17/64 |S|=18 tri_free=True greedyα=33
    walk 18/64 |S|=17 tri_free=True greedyα=25
    walk 19/64 |S|=16 tri_free=True greedyα=39
    walk 20/64 |S|=19 orbit-dup skip
    walk 21/64 |S|=18 orbit-dup skip
    walk 22/64 |S|=19 orbit-dup skip
    walk 23/64 |S|=18 tri_free=True greedyα=37
    walk 24/64 |S|=18 tri_free=True greedyα=21
    walk 25/64 |S|=19 orbit-dup skip
    walk 26/64 |S|=19 orbit-dup skip
    walk 27/64 |S|=15 tri_free=True greedyα=25
    walk 28/64 |S|=19 orbit-dup skip
    walk 29/64 |S|=19 orbit-dup skip
    walk 30/64 |S|=18 tri_free=True greedyα=28
    walk 31/64 |S|=18 orbit-dup skip
    walk 32/64 |S|=19 orbit-dup skip
    walk 33/64 |S|=15 tri_free=True greedyα=32
    walk 34/64 |S|=19 orbit-dup skip
    walk 35/64 |S|=18 orbit-dup skip
    walk 36/64 |S|=19 orbit-dup skip
    walk 37/64 |S|=18 orbit-dup skip
    walk 38/64 |S|=16 orbit-dup skip
    walk 39/64 |S|=19 orbit-dup skip
    walk 40/64 |S|=18 orbit-dup skip
    walk 41/64 |S|=18 orbit-dup skip
    walk 42/64 |S|=17 tri_free=True greedyα=26
    walk 43/64 |S|=17 tri_free=True greedyα=25
    walk 44/64 |S|=17 tri_free=True greedyα=37
    walk 45/64 |S|=16 orbit-dup skip
    walk 46/64 |S|=18 orbit-dup skip
    walk 47/64 |S|=19 orbit-dup skip
    walk 48/64 |S|=19 orbit-dup skip
    walk 49/64 |S|=18 orbit-dup skip
    walk 50/64 |S|=18 orbit-dup skip
    walk 51/64 |S|=18 orbit-dup skip
    walk 52/64 |S|=17 tri_free=True greedyα=29
    walk 53/64 |S|=18 orbit-dup skip
    walk 54/64 |S|=17 orbit-dup skip
    walk 55/64 |S|=18 orbit-dup skip
    walk 56/64 |S|=15 tri_free=True greedyα=30
    walk 57/64 |S|=15 tri_free=True greedyα=32
    walk 58/64 |S|=16 tri_free=True greedyα=24
    walk 59/64 |S|=18 orbit-dup skip
    walk 60/64 |S|=18 orbit-dup skip
    walk 61/64 |S|=16 tri_free=True greedyα=28
    walk 62/64 |S|=18 orbit-dup skip
    walk 63/64 |S|=19 orbit-dup skip
    walk 64/64 |S|=19 orbit-dup skip
  [5c] p=241 e=10 D6∪D8 pool=24 t=20
    walk 1/64 |S|=15 tri_free=True greedyα=28
    walk 2/64 |S|=15 tri_free=True greedyα=28
    walk 3/64 |S|=14 tri_free=True greedyα=31
    walk 4/64 |S|=15 tri_free=True greedyα=27
    walk 5/64 |S|=15 tri_free=True greedyα=36
    walk 6/64 |S|=15 tri_free=True greedyα=33
    walk 7/64 |S|=15 tri_free=True greedyα=30
    walk 8/64 |S|=15 tri_free=True greedyα=30
    walk 9/64 |S|=15 tri_free=True greedyα=27
    walk 10/64 |S|=15 tri_free=True greedyα=37
    walk 11/64 |S|=15 tri_free=True greedyα=31
    walk 12/64 |S|=15 tri_free=True greedyα=53
    walk 13/64 |S|=15 tri_free=True greedyα=34
    walk 14/64 |S|=15 tri_free=True greedyα=30
    walk 15/64 |S|=15 tri_free=True greedyα=53
    walk 16/64 |S|=15 tri_free=True greedyα=32
    walk 17/64 |S|=14 tri_free=True greedyα=32
    walk 18/64 |S|=15 orbit-dup skip
    walk 19/64 |S|=14 tri_free=True greedyα=27
    walk 20/64 |S|=15 tri_free=True greedyα=26
    walk 21/64 |S|=15 tri_free=True greedyα=33
    walk 22/64 |S|=15 tri_free=True greedyα=29
    walk 23/64 |S|=14 tri_free=True greedyα=28
    walk 24/64 |S|=15 tri_free=True greedyα=35
    walk 25/64 |S|=15 tri_free=True greedyα=33
    walk 26/64 |S|=15 tri_free=True greedyα=29
    walk 27/64 |S|=15 tri_free=True greedyα=27
    walk 28/64 |S|=15 tri_free=True greedyα=28
    walk 29/64 |S|=15 orbit-dup skip
    walk 30/64 |S|=15 tri_free=True greedyα=37
    walk 31/64 |S|=15 tri_free=True greedyα=33
    walk 32/64 |S|=14 tri_free=True greedyα=28
    walk 33/64 |S|=15 tri_free=True greedyα=35
    walk 34/64 |S|=14 tri_free=True greedyα=37
    walk 35/64 |S|=15 tri_free=True greedyα=27
    walk 36/64 |S|=15 tri_free=True greedyα=27
    walk 37/64 |S|=15 orbit-dup skip
    walk 38/64 |S|=15 tri_free=True greedyα=40
    walk 39/64 |S|=15 orbit-dup skip
    walk 40/64 |S|=15 orbit-dup skip
    walk 41/64 |S|=14 tri_free=True greedyα=32
    walk 42/64 |S|=15 tri_free=True greedyα=29
    walk 43/64 |S|=14 tri_free=True greedyα=26
    walk 44/64 |S|=15 tri_free=True greedyα=29
    walk 45/64 |S|=15 orbit-dup skip
    walk 46/64 |S|=16 tri_free=True greedyα=35
    walk 47/64 |S|=15 tri_free=True greedyα=38
    walk 48/64 |S|=15 tri_free=True greedyα=28
    walk 49/64 |S|=15 tri_free=True greedyα=48
    walk 50/64 |S|=15 orbit-dup skip
    walk 51/64 |S|=15 tri_free=True greedyα=25
    walk 52/64 |S|=14 tri_free=True greedyα=33
    walk 53/64 |S|=15 tri_free=True greedyα=28
    walk 54/64 |S|=15 tri_free=True greedyα=30
    walk 55/64 |S|=15 orbit-dup skip
    walk 56/64 |S|=15 tri_free=True greedyα=43
    walk 57/64 |S|=15 tri_free=True greedyα=35
    walk 58/64 |S|=14 tri_free=True greedyα=29
    walk 59/64 |S|=15 tri_free=True greedyα=27
    walk 60/64 |S|=15 tri_free=True greedyα=29
    walk 61/64 |S|=14 tri_free=True greedyα=37
    walk 62/64 |S|=15 tri_free=True greedyα=37
    walk 63/64 |S|=15 tri_free=True greedyα=30
    walk 64/64 |S|=15 tri_free=True greedyα=28
  [5c] p=241 e=10 D6∪D9 pool=24 t=20
    walk 1/64 |S|=24 tri_free=True greedyα=25
    walk 2/64 |S|=24 orbit-dup skip
    walk 3/64 |S|=24 orbit-dup skip
    walk 4/64 |S|=24 orbit-dup skip
    walk 5/64 |S|=24 orbit-dup skip
    walk 6/64 |S|=24 orbit-dup skip
    walk 7/64 |S|=24 orbit-dup skip
    walk 8/64 |S|=24 orbit-dup skip
    walk 9/64 |S|=24 orbit-dup skip
    walk 10/64 |S|=24 orbit-dup skip
    walk 11/64 |S|=24 orbit-dup skip
    walk 12/64 |S|=24 orbit-dup skip
    walk 13/64 |S|=24 orbit-dup skip
    walk 14/64 |S|=24 orbit-dup skip
    walk 15/64 |S|=24 orbit-dup skip
    walk 16/64 |S|=24 orbit-dup skip
    walk 17/64 |S|=24 orbit-dup skip
    walk 18/64 |S|=24 orbit-dup skip
    walk 19/64 |S|=24 orbit-dup skip
    walk 20/64 |S|=24 orbit-dup skip
    walk 21/64 |S|=24 orbit-dup skip
    walk 22/64 |S|=24 orbit-dup skip
    walk 23/64 |S|=24 orbit-dup skip
    walk 24/64 |S|=24 orbit-dup skip
    walk 25/64 |S|=24 orbit-dup skip
    walk 26/64 |S|=24 orbit-dup skip
    walk 27/64 |S|=24 orbit-dup skip
    walk 28/64 |S|=24 orbit-dup skip
    walk 29/64 |S|=24 orbit-dup skip
    walk 30/64 |S|=24 orbit-dup skip
    walk 31/64 |S|=24 orbit-dup skip
    walk 32/64 |S|=24 orbit-dup skip
    walk 33/64 |S|=24 orbit-dup skip
    walk 34/64 |S|=24 orbit-dup skip
    walk 35/64 |S|=24 orbit-dup skip
    walk 36/64 |S|=24 orbit-dup skip
    walk 37/64 |S|=24 orbit-dup skip
    walk 38/64 |S|=24 orbit-dup skip
    walk 39/64 |S|=24 orbit-dup skip
    walk 40/64 |S|=24 orbit-dup skip
    walk 41/64 |S|=24 orbit-dup skip
    walk 42/64 |S|=24 orbit-dup skip
    walk 43/64 |S|=24 orbit-dup skip
    walk 44/64 |S|=24 orbit-dup skip
    walk 45/64 |S|=24 orbit-dup skip
    walk 46/64 |S|=24 orbit-dup skip
    walk 47/64 |S|=24 orbit-dup skip
    walk 48/64 |S|=24 orbit-dup skip
    walk 49/64 |S|=24 orbit-dup skip
    walk 50/64 |S|=24 orbit-dup skip
    walk 51/64 |S|=24 orbit-dup skip
    walk 52/64 |S|=24 orbit-dup skip
    walk 53/64 |S|=24 orbit-dup skip
    walk 54/64 |S|=24 orbit-dup skip
    walk 55/64 |S|=24 orbit-dup skip
    walk 56/64 |S|=24 orbit-dup skip
    walk 57/64 |S|=24 orbit-dup skip
    walk 58/64 |S|=24 orbit-dup skip
    walk 59/64 |S|=24 orbit-dup skip
    walk 60/64 |S|=24 orbit-dup skip
    walk 61/64 |S|=24 orbit-dup skip
    walk 62/64 |S|=24 orbit-dup skip
    walk 63/64 |S|=24 orbit-dup skip
    walk 64/64 |S|=24 orbit-dup skip
  [5c] p=241 e=10 D7∪D8 pool=24 t=20
    walk 1/64 |S|=19 tri_free=True greedyα=33
    walk 2/64 |S|=19 tri_free=True greedyα=35
    walk 3/64 |S|=14 tri_free=True greedyα=44
    walk 4/64 |S|=19 orbit-dup skip
    walk 5/64 |S|=19 orbit-dup skip
    walk 6/64 |S|=18 tri_free=True greedyα=21
    walk 7/64 |S|=17 tri_free=True greedyα=27
    walk 8/64 |S|=16 tri_free=True greedyα=40
    walk 9/64 |S|=16 tri_free=True greedyα=39
    walk 10/64 |S|=19 orbit-dup skip
    walk 11/64 |S|=17 tri_free=True greedyα=29
    walk 12/64 |S|=19 orbit-dup skip
    walk 13/64 |S|=19 orbit-dup skip
    walk 14/64 |S|=17 tri_free=True greedyα=39
    walk 15/64 |S|=18 tri_free=True greedyα=29
    walk 16/64 |S|=19 orbit-dup skip
    walk 17/64 |S|=17 tri_free=True greedyα=26
    walk 18/64 |S|=19 orbit-dup skip
    walk 19/64 |S|=19 orbit-dup skip
    walk 20/64 |S|=19 orbit-dup skip
    walk 21/64 |S|=18 orbit-dup skip
    walk 22/64 |S|=19 orbit-dup skip
    walk 23/64 |S|=17 tri_free=True greedyα=26
    walk 24/64 |S|=18 tri_free=True greedyα=33
    walk 25/64 |S|=19 orbit-dup skip
    walk 26/64 |S|=19 orbit-dup skip
    walk 27/64 |S|=19 orbit-dup skip
    walk 28/64 |S|=19 orbit-dup skip
    walk 29/64 |S|=14 tri_free=True greedyα=34
    walk 30/64 |S|=16 tri_free=True greedyα=36
    walk 31/64 |S|=19 orbit-dup skip
    walk 32/64 |S|=18 orbit-dup skip
    walk 33/64 |S|=18 tri_free=True greedyα=21
    walk 34/64 |S|=18 orbit-dup skip
    walk 35/64 |S|=18 orbit-dup skip
    walk 36/64 |S|=17 tri_free=True greedyα=29
    walk 37/64 |S|=18 tri_free=True greedyα=36
    walk 38/64 |S|=18 orbit-dup skip
    walk 39/64 |S|=17 orbit-dup skip
    walk 40/64 |S|=19 orbit-dup skip
    walk 41/64 |S|=18 orbit-dup skip
    walk 42/64 |S|=19 orbit-dup skip
    walk 43/64 |S|=15 tri_free=True greedyα=29
    walk 44/64 |S|=18 orbit-dup skip
    walk 45/64 |S|=19 orbit-dup skip
    walk 46/64 |S|=19 orbit-dup skip
    walk 47/64 |S|=18 tri_free=True greedyα=27
    walk 48/64 |S|=19 orbit-dup skip
    walk 49/64 |S|=15 tri_free=True greedyα=40
    walk 50/64 |S|=16 tri_free=True greedyα=30
    walk 51/64 |S|=15 tri_free=True greedyα=31
    walk 52/64 |S|=17 tri_free=True greedyα=29
    walk 53/64 |S|=15 tri_free=True greedyα=32
    walk 54/64 |S|=17 tri_free=True greedyα=25
    walk 55/64 |S|=17 orbit-dup skip
    walk 56/64 |S|=18 orbit-dup skip
    walk 57/64 |S|=16 tri_free=True greedyα=24
    walk 58/64 |S|=18 orbit-dup skip
    walk 59/64 |S|=18 orbit-dup skip
    walk 60/64 |S|=18 orbit-dup skip
    walk 61/64 |S|=17 orbit-dup skip
    walk 62/64 |S|=19 orbit-dup skip
    walk 63/64 |S|=19 orbit-dup skip
    walk 64/64 |S|=19 orbit-dup skip
  [5c] p=241 e=10 D7∪D9 pool=24 t=20
    walk 1/64 |S|=15 tri_free=True greedyα=28
    walk 2/64 |S|=15 tri_free=True greedyα=27
    walk 3/64 |S|=15 tri_free=True greedyα=32
    walk 4/64 |S|=14 tri_free=True greedyα=30
    walk 5/64 |S|=15 tri_free=True greedyα=31
    walk 6/64 |S|=15 tri_free=True greedyα=29
    walk 7/64 |S|=15 tri_free=True greedyα=25
    walk 8/64 |S|=15 orbit-dup skip
    walk 9/64 |S|=15 tri_free=True greedyα=37
    walk 10/64 |S|=14 tri_free=True greedyα=29
    walk 11/64 |S|=14 tri_free=True greedyα=33
    walk 12/64 |S|=16 tri_free=True greedyα=26
    walk 13/64 |S|=15 tri_free=True greedyα=32
    walk 14/64 |S|=15 tri_free=True greedyα=23
    walk 15/64 |S|=15 tri_free=True greedyα=31
    walk 16/64 |S|=14 tri_free=True greedyα=27
    walk 17/64 |S|=14 tri_free=True greedyα=36
    walk 18/64 |S|=15 tri_free=True greedyα=26
    walk 19/64 |S|=15 tri_free=True greedyα=41
    walk 20/64 |S|=15 tri_free=True greedyα=24
    walk 21/64 |S|=15 tri_free=True greedyα=26
    walk 22/64 |S|=15 tri_free=True greedyα=28
    walk 23/64 |S|=15 tri_free=True greedyα=28
    walk 24/64 |S|=16 tri_free=True greedyα=25
    walk 25/64 |S|=15 tri_free=True greedyα=29
    walk 26/64 |S|=15 tri_free=True greedyα=30
    walk 27/64 |S|=15 tri_free=True greedyα=27
    walk 28/64 |S|=15 tri_free=True greedyα=25
    walk 29/64 |S|=15 tri_free=True greedyα=27
    walk 30/64 |S|=14 tri_free=True greedyα=41
    walk 31/64 |S|=15 tri_free=True greedyα=34
    walk 32/64 |S|=15 tri_free=True greedyα=29
    walk 33/64 |S|=15 tri_free=True greedyα=29
    walk 34/64 |S|=15 tri_free=True greedyα=29
    walk 35/64 |S|=15 tri_free=True greedyα=28
    walk 36/64 |S|=15 tri_free=True greedyα=48
    walk 37/64 |S|=15 tri_free=True greedyα=47
    walk 38/64 |S|=14 tri_free=True greedyα=28
    walk 39/64 |S|=15 tri_free=True greedyα=26
    walk 40/64 |S|=15 tri_free=True greedyα=31
    walk 41/64 |S|=14 tri_free=True greedyα=34
    walk 42/64 |S|=14 tri_free=True greedyα=37
    walk 43/64 |S|=15 tri_free=True greedyα=29
    walk 44/64 |S|=14 tri_free=True greedyα=27
    walk 45/64 |S|=15 tri_free=True greedyα=36
    walk 46/64 |S|=16 tri_free=True greedyα=28
    walk 47/64 |S|=14 tri_free=True greedyα=32
    walk 48/64 |S|=15 tri_free=True greedyα=31
    walk 49/64 |S|=15 orbit-dup skip
    walk 50/64 |S|=16 tri_free=True greedyα=24
    walk 51/64 |S|=15 tri_free=True greedyα=28
    walk 52/64 |S|=14 tri_free=True greedyα=31
    walk 53/64 |S|=15 orbit-dup skip
    walk 54/64 |S|=16 orbit-dup skip
    walk 55/64 |S|=16 tri_free=True greedyα=36
    walk 56/64 |S|=15 orbit-dup skip
    walk 57/64 |S|=14 tri_free=True greedyα=28
    walk 58/64 |S|=15 tri_free=True greedyα=31
    walk 59/64 |S|=15 tri_free=True greedyα=28
    walk 60/64 |S|=14 tri_free=True greedyα=29
    walk 61/64 |S|=14 tri_free=True greedyα=35
    walk 62/64 |S|=15 tri_free=True greedyα=39
    walk 63/64 |S|=15 tri_free=True greedyα=28
    walk 64/64 |S|=15 orbit-dup skip
  [5c] p=241 e=10 D8∪D9 pool=24 t=20
    walk 1/64 |S|=19 tri_free=True greedyα=35
    walk 2/64 |S|=15 tri_free=True greedyα=32
    walk 3/64 |S|=18 tri_free=True greedyα=27
    walk 4/64 |S|=17 tri_free=True greedyα=36
    walk 5/64 |S|=19 tri_free=True greedyα=35
    walk 6/64 |S|=18 tri_free=True greedyα=21
    walk 7/64 |S|=17 tri_free=True greedyα=38
    walk 8/64 |S|=18 orbit-dup skip
    walk 9/64 |S|=19 orbit-dup skip
    walk 10/64 |S|=19 orbit-dup skip
    walk 11/64 |S|=17 orbit-dup skip
    walk 12/64 |S|=14 tri_free=True greedyα=27
    walk 13/64 |S|=19 orbit-dup skip
    walk 14/64 |S|=19 orbit-dup skip
    walk 15/64 |S|=17 orbit-dup skip
    walk 16/64 |S|=14 tri_free=True greedyα=29
    walk 17/64 |S|=16 tri_free=True greedyα=40
    walk 18/64 |S|=17 tri_free=True greedyα=26
    walk 19/64 |S|=18 orbit-dup skip
    walk 20/64 |S|=17 tri_free=True greedyα=26
    walk 21/64 |S|=16 tri_free=True greedyα=26
    walk 22/64 |S|=17 tri_free=True greedyα=26
    walk 23/64 |S|=17 tri_free=True greedyα=25
    walk 24/64 |S|=18 orbit-dup skip
    walk 25/64 |S|=18 tri_free=True greedyα=33
    walk 26/64 |S|=15 tri_free=True greedyα=38
    walk 27/64 |S|=12 tri_free=True greedyα=32
    walk 28/64 |S|=18 orbit-dup skip
    walk 29/64 |S|=19 orbit-dup skip
    walk 30/64 |S|=19 orbit-dup skip
    walk 31/64 |S|=19 orbit-dup skip
    walk 32/64 |S|=18 tri_free=True greedyα=28
    walk 33/64 |S|=17 tri_free=True greedyα=29
    walk 34/64 |S|=16 tri_free=True greedyα=27
    walk 35/64 |S|=18 tri_free=True greedyα=34
    walk 36/64 |S|=18 tri_free=True greedyα=37
    walk 37/64 |S|=19 orbit-dup skip
    walk 38/64 |S|=19 orbit-dup skip
    walk 39/64 |S|=19 orbit-dup skip
    walk 40/64 |S|=18 tri_free=True greedyα=23
    walk 41/64 |S|=17 orbit-dup skip
    walk 42/64 |S|=17 tri_free=True greedyα=29
    walk 43/64 |S|=17 orbit-dup skip
    walk 44/64 |S|=18 orbit-dup skip
    walk 45/64 |S|=17 orbit-dup skip
    walk 46/64 |S|=16 tri_free=True greedyα=27
    walk 47/64 |S|=17 orbit-dup skip
    walk 48/64 |S|=19 orbit-dup skip
    walk 49/64 |S|=18 orbit-dup skip
    walk 50/64 |S|=18 orbit-dup skip
    walk 51/64 |S|=19 orbit-dup skip
    walk 52/64 |S|=19 orbit-dup skip
    walk 53/64 |S|=16 tri_free=True greedyα=40
    walk 54/64 |S|=19 orbit-dup skip
    walk 55/64 |S|=18 orbit-dup skip
    walk 56/64 |S|=19 orbit-dup skip
    walk 57/64 |S|=16 tri_free=True greedyα=26
    walk 58/64 |S|=18 orbit-dup skip
    walk 59/64 |S|=17 tri_free=True greedyα=29
    walk 60/64 |S|=17 orbit-dup skip
    walk 61/64 |S|=19 orbit-dup skip
    walk 62/64 |S|=19 orbit-dup skip
    walk 63/64 |S|=19 orbit-dup skip
    walk 64/64 |S|=19 orbit-dup skip
  [5c] p=251 e=5 D0∪D1 pool=50 t=20
    walk 1/64 |S|=25 tri_free=True greedyα=25
    walk 2/64 |S|=24 tri_free=True greedyα=19
    walk 3/64 |S|=24 tri_free=True greedyα=23
    walk 4/64 |S|=25 tri_free=True greedyα=33
    walk 5/64 |S|=27 tri_free=True greedyα=24
    walk 6/64 |S|=25 tri_free=True greedyα=25
    walk 7/64 |S|=24 tri_free=True greedyα=21
    walk 8/64 |S|=26 tri_free=True greedyα=23
    walk 9/64 |S|=25 tri_free=True greedyα=25
    walk 10/64 |S|=22 tri_free=True greedyα=24
    walk 11/64 |S|=24 tri_free=True greedyα=30
    walk 12/64 |S|=24 tri_free=True greedyα=24
    walk 13/64 |S|=22 tri_free=True greedyα=25
    walk 14/64 |S|=25 tri_free=True greedyα=26
    walk 15/64 |S|=24 tri_free=True greedyα=24
    walk 16/64 |S|=26 tri_free=True greedyα=27
    walk 17/64 |S|=27 tri_free=True greedyα=24
    walk 18/64 |S|=28 tri_free=True greedyα=39
    walk 19/64 |S|=23 tri_free=True greedyα=19
    walk 20/64 |S|=26 tri_free=True greedyα=25
    walk 21/64 |S|=26 tri_free=True greedyα=30
    walk 22/64 |S|=25 tri_free=True greedyα=19
    walk 23/64 |S|=28 tri_free=True greedyα=50
    walk 24/64 |S|=24 tri_free=True greedyα=22
    walk 25/64 |S|=24 tri_free=True greedyα=27
    walk 26/64 |S|=22 tri_free=True greedyα=22
    walk 27/64 |S|=24 tri_free=True greedyα=22
    walk 28/64 |S|=28 tri_free=True greedyα=52
    walk 29/64 |S|=26 tri_free=True greedyα=29
    walk 30/64 |S|=23 tri_free=True greedyα=24
    walk 31/64 |S|=25 tri_free=True greedyα=33
    walk 32/64 |S|=23 tri_free=True greedyα=24
    walk 33/64 |S|=25 tri_free=True greedyα=24
    walk 34/64 |S|=24 tri_free=True greedyα=30
    walk 35/64 |S|=24 tri_free=True greedyα=25
    walk 36/64 |S|=24 tri_free=True greedyα=27
    walk 37/64 |S|=23 tri_free=True greedyα=25
    walk 38/64 |S|=27 tri_free=True greedyα=29
    walk 39/64 |S|=23 tri_free=True greedyα=20
    walk 40/64 |S|=26 tri_free=True greedyα=27
    walk 41/64 |S|=23 tri_free=True greedyα=23
    walk 42/64 |S|=28 tri_free=True greedyα=44
    walk 43/64 |S|=24 tri_free=True greedyα=22
    walk 44/64 |S|=27 tri_free=True greedyα=35
    walk 45/64 |S|=26 tri_free=True greedyα=47
    walk 46/64 |S|=23 tri_free=True greedyα=19
    walk 47/64 |S|=23 tri_free=True greedyα=24
    walk 48/64 |S|=26 tri_free=True greedyα=24
    walk 49/64 |S|=23 tri_free=True greedyα=25
    walk 50/64 |S|=26 tri_free=True greedyα=27
    walk 51/64 |S|=27 tri_free=True greedyα=24
    walk 52/64 |S|=24 tri_free=True greedyα=36
    walk 53/64 |S|=27 tri_free=True greedyα=44
    walk 54/64 |S|=24 tri_free=True greedyα=23
    walk 55/64 |S|=26 tri_free=True greedyα=28
    walk 56/64 |S|=25 tri_free=True greedyα=21
    walk 57/64 |S|=25 tri_free=True greedyα=29
    walk 58/64 |S|=24 tri_free=True greedyα=25
    walk 59/64 |S|=24 tri_free=True greedyα=24
    walk 60/64 |S|=25 tri_free=True greedyα=24
    walk 61/64 |S|=25 tri_free=True greedyα=21
    walk 62/64 |S|=25 tri_free=True greedyα=27
    walk 63/64 |S|=25 tri_free=True greedyα=24
    walk 64/64 |S|=26 tri_free=True greedyα=27
      MIS |S|=25 greedyα=19 residual IS ≥ 19 (α(G)≥20) {'found': True, 'lower': 19, 'exact': True, 'nodes': 21, 'seconds': 0.0005596429109573364, 'timed_out': False, 'backend': 'c-decide'}
      MIS |S|=24 greedyα=19 residual IS ≥ 19 (α(G)≥20) {'found': True, 'lower': 19, 'exact': True, 'nodes': 29, 'seconds': 0.0004200972616672516, 'timed_out': False, 'backend': 'c-decide'}
      MIS |S|=23 greedyα=19 residual IS ≥ 19 (α(G)≥20) {'found': True, 'lower': 19, 'exact': True, 'nodes': 50, 'seconds': 0.0004435442388057709, 'timed_out': False, 'backend': 'c-decide'}
      MIS |S|=23 greedyα=19 residual IS ≥ 19 (α(G)≥20) {'found': True, 'lower': 19, 'exact': True, 'nodes': 27, 'seconds': 0.0003715604543685913, 'timed_out': False, 'backend': 'c-decide'}
  [5c] p=251 e=5 D0∪D2 pool=50 t=20
    walk 1/64 |S|=28 tri_free=True greedyα=26
    walk 2/64 |S|=27 tri_free=True greedyα=24
    walk 3/64 |S|=28 tri_free=True greedyα=23
    walk 4/64 |S|=26 tri_free=True greedyα=16
    walk 5/64 |S|=29 tri_free=True greedyα=19
    walk 6/64 |S|=27 tri_free=True greedyα=23
    walk 7/64 |S|=30 tri_free=True greedyα=37
    walk 8/64 |S|=28 tri_free=True greedyα=24
    walk 9/64 |S|=29 tri_free=True greedyα=24
    walk 10/64 |S|=27 tri_free=True greedyα=24
    walk 11/64 |S|=30 tri_free=True greedyα=24
    walk 12/64 |S|=28 tri_free=True greedyα=19
    walk 13/64 |S|=28 tri_free=True greedyα=24
    walk 14/64 |S|=25 tri_free=True greedyα=18
    walk 15/64 |S|=27 tri_free=True greedyα=28
    walk 16/64 |S|=26 tri_free=True greedyα=18
    walk 17/64 |S|=30 tri_free=True greedyα=26
    walk 18/64 |S|=28 tri_free=True greedyα=15
    walk 19/64 |S|=30 tri_free=True greedyα=21
    walk 20/64 |S|=27 tri_free=True greedyα=18
    walk 21/64 |S|=27 tri_free=True greedyα=19
    walk 22/64 |S|=26 tri_free=True greedyα=21
    walk 23/64 |S|=27 tri_free=True greedyα=33
    walk 24/64 |S|=28 tri_free=True greedyα=18
    walk 25/64 |S|=26 tri_free=True greedyα=24
    walk 26/64 |S|=28 tri_free=True greedyα=19
    walk 27/64 |S|=28 tri_free=True greedyα=27
    walk 28/64 |S|=27 tri_free=True greedyα=30
    walk 29/64 |S|=26 tri_free=True greedyα=24
    walk 30/64 |S|=26 tri_free=True greedyα=20
    walk 31/64 |S|=27 tri_free=True greedyα=19
    walk 32/64 |S|=30 tri_free=True greedyα=32
    walk 33/64 |S|=29 tri_free=True greedyα=19
    walk 34/64 |S|=28 tri_free=True greedyα=24
    walk 35/64 |S|=27 tri_free=True greedyα=23
    walk 36/64 |S|=25 tri_free=True greedyα=23
    walk 37/64 |S|=25 tri_free=True greedyα=24
    walk 38/64 |S|=29 tri_free=True greedyα=21
    walk 39/64 |S|=28 tri_free=True greedyα=25
    walk 40/64 |S|=29 tri_free=True greedyα=28
    walk 41/64 |S|=25 tri_free=True greedyα=27
    walk 42/64 |S|=27 tri_free=True greedyα=22
    walk 43/64 |S|=27 tri_free=True greedyα=34
    walk 44/64 |S|=28 tri_free=True greedyα=37
    walk 45/64 |S|=28 tri_free=True greedyα=20
    walk 46/64 |S|=27 tri_free=True greedyα=22
    walk 47/64 |S|=27 tri_free=True greedyα=24
    walk 48/64 |S|=26 tri_free=True greedyα=19
    walk 49/64 |S|=27 tri_free=True greedyα=21
    walk 50/64 |S|=25 tri_free=True greedyα=17
    walk 51/64 |S|=27 tri_free=True greedyα=22
    walk 52/64 |S|=28 tri_free=True greedyα=19
    walk 53/64 |S|=25 tri_free=True greedyα=25
    walk 54/64 |S|=28 tri_free=True greedyα=19
    walk 55/64 |S|=26 tri_free=True greedyα=20
    walk 56/64 |S|=28 tri_free=True greedyα=23
    walk 57/64 |S|=29 tri_free=True greedyα=20
    walk 58/64 |S|=27 tri_free=True greedyα=23
    walk 59/64 |S|=28 tri_free=True greedyα=27
    walk 60/64 |S|=27 tri_free=True greedyα=24
    walk 61/64 |S|=29 tri_free=True greedyα=33
    walk 62/64 |S|=26 tri_free=True greedyα=24
    walk 63/64 |S|=31 tri_free=True greedyα=19
    walk 64/64 |S|=28 tri_free=True greedyα=23
      MIS |S|=28 greedyα=15 residual IS ≥ 19 (α(G)≥20) {'found': True, 'lower': 19, 'exact': True, 'nodes': 20, 'seconds': 0.0004579499363899231, 'timed_out': False, 'backend': 'c-decide'}
      MIS |S|=26 greedyα=16 residual IS ≥ 19 (α(G)≥20) {'found': True, 'lower': 19, 'exact': True, 'nodes': 56, 'seconds': 0.0004294589161872864, 'timed_out': False, 'backend': 'c-decide'}
      MIS |S|=25 greedyα=17 residual IS ≥ 19 (α(G)≥20) {'found': True, 'lower': 19, 'exact': True, 'nodes': 51, 'seconds': 0.000416778028011322, 'timed_out': False, 'backend': 'c-decide'}
      MIS |S|=28 greedyα=18 residual IS ≥ 19 (α(G)≥20) {'found': True, 'lower': 19, 'exact': True, 'nodes': 63, 'seconds': 0.00038664788007736206, 'timed_out': False, 'backend': 'c-decide'}
      MIS |S|=27 greedyα=18 residual IS ≥ 19 (α(G)≥20) {'found': True, 'lower': 19, 'exact': True, 'nodes': 29, 'seconds': 0.00036421045660972595, 'timed_out': False, 'backend': 'c-decide'}
      MIS |S|=26 greedyα=18 residual IS ≥ 19 (α(G)≥20) {'found': True, 'lower': 19, 'exact': True, 'nodes': 47, 'seconds': 0.00037166476249694824, 'timed_out': False, 'backend': 'c-decide'}
      MIS |S|=25 greedyα=18 residual IS ≥ 19 (α(G)≥20) {'found': True, 'lower': 19, 'exact': True, 'nodes': 29, 'seconds': 0.032714132219552994, 'timed_out': False, 'backend': 'c-decide'}
      MIS |S|=31 greedyα=19 residual IS ≥ 19 (α(G)≥20) {'found': True, 'lower': 19, 'exact': True, 'nodes': 25, 'seconds': 0.00046909600496292114, 'timed_out': False, 'backend': 'c-decide'}
  [5c] p=251 e=5 D0∪D3 pool=50 t=20
    walk 1/64 |S|=27 tri_free=True greedyα=22
    walk 2/64 |S|=29 tri_free=True greedyα=23
    walk 3/64 |S|=29 tri_free=True greedyα=26
    walk 4/64 |S|=29 tri_free=True greedyα=26
    walk 5/64 |S|=26 tri_free=True greedyα=19
    walk 6/64 |S|=28 tri_free=True greedyα=21
    walk 7/64 |S|=28 tri_free=True greedyα=31
    walk 8/64 |S|=27 tri_free=True greedyα=22
    walk 9/64 |S|=29 tri_free=True greedyα=22
    walk 10/64 |S|=26 tri_free=True greedyα=19
    walk 11/64 |S|=26 tri_free=True greedyα=23
    walk 12/64 |S|=28 tri_free=True greedyα=25
    walk 13/64 |S|=28 tri_free=True greedyα=23
    walk 14/64 |S|=29 tri_free=True greedyα=22
    walk 15/64 |S|=29 tri_free=True greedyα=24
    walk 16/64 |S|=29 tri_free=True greedyα=18
    walk 17/64 |S|=30 tri_free=True greedyα=27
    walk 18/64 |S|=28 tri_free=True greedyα=23
    walk 19/64 |S|=29 tri_free=True greedyα=22
    walk 20/64 |S|=29 tri_free=True greedyα=27
    walk 21/64 |S|=26 tri_free=True greedyα=25
    walk 22/64 |S|=25 tri_free=True greedyα=16
    walk 23/64 |S|=31 tri_free=True greedyα=27
    walk 24/64 |S|=28 tri_free=True greedyα=24
    walk 25/64 |S|=28 tri_free=True greedyα=19
    walk 26/64 |S|=28 tri_free=True greedyα=29
    walk 27/64 |S|=25 tri_free=True greedyα=22
    walk 28/64 |S|=30 tri_free=True greedyα=34
    walk 29/64 |S|=30 tri_free=True greedyα=21
    walk 30/64 |S|=27 tri_free=True greedyα=25
    walk 31/64 |S|=29 tri_free=True greedyα=31
    walk 32/64 |S|=27 tri_free=True greedyα=20
    walk 33/64 |S|=29 tri_free=True greedyα=24
    walk 34/64 |S|=28 tri_free=True greedyα=27
    walk 35/64 |S|=27 tri_free=True greedyα=31
    walk 36/64 |S|=28 tri_free=True greedyα=22
    walk 37/64 |S|=27 tri_free=True greedyα=19
    walk 38/64 |S|=29 tri_free=True greedyα=30
    walk 39/64 |S|=28 tri_free=True greedyα=21
    walk 40/64 |S|=27 tri_free=True greedyα=23
    walk 41/64 |S|=30 tri_free=True greedyα=25
    walk 42/64 |S|=27 tri_free=True greedyα=24
    walk 43/64 |S|=26 tri_free=True greedyα=19
    walk 44/64 |S|=28 tri_free=True greedyα=25
    walk 45/64 |S|=29 tri_free=True greedyα=30
    walk 46/64 |S|=27 tri_free=True greedyα=23
    walk 47/64 |S|=29 tri_free=True greedyα=39
    walk 48/64 |S|=26 tri_free=True greedyα=24
    walk 49/64 |S|=28 tri_free=True greedyα=21
    walk 50/64 |S|=32 tri_free=True greedyα=46
    walk 51/64 |S|=27 tri_free=True greedyα=21
    walk 52/64 |S|=28 tri_free=True greedyα=24
    walk 53/64 |S|=30 tri_free=True greedyα=22
    walk 54/64 |S|=28 tri_free=True greedyα=20
    walk 55/64 |S|=28 tri_free=True greedyα=22
    walk 56/64 |S|=27 tri_free=True greedyα=19
    walk 57/64 |S|=28 tri_free=True greedyα=17
    walk 58/64 |S|=29 tri_free=True greedyα=28
    walk 59/64 |S|=26 tri_free=True greedyα=24
    walk 60/64 |S|=25 tri_free=True greedyα=19
    walk 61/64 |S|=28 tri_free=True greedyα=23
    walk 62/64 |S|=28 tri_free=True greedyα=19
    walk 63/64 |S|=27 tri_free=True greedyα=19
    walk 64/64 |S|=28 tri_free=True greedyα=22
      MIS |S|=25 greedyα=16 residual IS ≥ 19 (α(G)≥20) {'found': True, 'lower': 19, 'exact': True, 'nodes': 21, 'seconds': 0.0004956945776939392, 'timed_out': False, 'backend': 'c-decide'}
      MIS |S|=28 greedyα=17 residual IS ≥ 19 (α(G)≥20) {'found': True, 'lower': 19, 'exact': True, 'nodes': 19, 'seconds': 0.0004206225275993347, 'timed_out': False, 'backend': 'c-decide'}
      MIS |S|=29 greedyα=18 residual IS ≥ 19 (α(G)≥20) {'found': True, 'lower': 19, 'exact': True, 'nodes': 56, 'seconds': 0.0004027038812637329, 'timed_out': False, 'backend': 'c-decide'}
      MIS |S|=28 greedyα=19 residual IS ≥ 19 (α(G)≥20) {'found': True, 'lower': 19, 'exact': True, 'nodes': 51, 'seconds': 0.00043385475873947144, 'timed_out': False, 'backend': 'c-decide'}
      MIS |S|=28 greedyα=19 residual IS ≥ 19 (α(G)≥20) {'found': True, 'lower': 19, 'exact': True, 'nodes': 35, 'seconds': 0.00035824626684188843, 'timed_out': False, 'backend': 'c-decide'}
      MIS |S|=27 greedyα=19 residual IS ≥ 19 (α(G)≥20) {'found': True, 'lower': 19, 'exact': True, 'nodes': 37, 'seconds': 0.0004535950720310211, 'timed_out': False, 'backend': 'c-decide'}
      MIS |S|=27 greedyα=19 residual IS ≥ 19 (α(G)≥20) {'found': True, 'lower': 19, 'exact': True, 'nodes': 19, 'seconds': 0.024955451488494873, 'timed_out': False, 'backend': 'c-decide'}
      MIS |S|=27 greedyα=19 residual IS ≥ 19 (α(G)≥20) {'found': True, 'lower': 19, 'exact': True, 'nodes': 20, 'seconds': 0.00042811036109924316, 'timed_out': False, 'backend': 'c-decide'}
  [5c] p=251 e=5 D0∪D4 pool=50 t=20
    walk 1/64 |S|=25 tri_free=True greedyα=27
    walk 2/64 |S|=26 tri_free=True greedyα=52
    walk 3/64 |S|=25 tri_free=True greedyα=25
    walk 4/64 |S|=23 tri_free=True greedyα=19
    walk 5/64 |S|=23 tri_free=True greedyα=24
    walk 6/64 |S|=25 tri_free=True greedyα=23
    walk 7/64 |S|=23 tri_free=True greedyα=20
    walk 8/64 |S|=23 tri_free=True greedyα=28
    walk 9/64 |S|=22 tri_free=True greedyα=24
    walk 10/64 |S|=24 tri_free=True greedyα=26
    walk 11/64 |S|=26 tri_free=True greedyα=38
    walk 12/64 |S|=26 tri_free=True greedyα=24
    walk 13/64 |S|=24 tri_free=True greedyα=22
    walk 14/64 |S|=27 tri_free=True greedyα=34
    walk 15/64 |S|=24 tri_free=True greedyα=25
    walk 16/64 |S|=25 tri_free=True greedyα=28
    walk 17/64 |S|=26 tri_free=True greedyα=23
    walk 18/64 |S|=23 tri_free=True greedyα=23
    walk 19/64 |S|=25 tri_free=True greedyα=23
    walk 20/64 |S|=25 tri_free=True greedyα=25
    walk 21/64 |S|=26 tri_free=True greedyα=29
    walk 22/64 |S|=25 tri_free=True greedyα=28
    walk 23/64 |S|=25 tri_free=True greedyα=19
    walk 24/64 |S|=24 tri_free=True greedyα=21
    walk 25/64 |S|=25 tri_free=True greedyα=25
    walk 26/64 |S|=27 tri_free=True greedyα=26
    walk 27/64 |S|=24 tri_free=True greedyα=23
    walk 28/64 |S|=24 tri_free=True greedyα=25
    walk 29/64 |S|=26 tri_free=True greedyα=26
    walk 30/64 |S|=23 tri_free=True greedyα=28
    walk 31/64 |S|=24 tri_free=True greedyα=28
    walk 32/64 |S|=24 tri_free=True greedyα=23
    walk 33/64 |S|=25 tri_free=True greedyα=22
    walk 34/64 |S|=22 tri_free=True greedyα=24
    walk 35/64 |S|=25 tri_free=True greedyα=25
    walk 36/64 |S|=23 tri_free=True greedyα=25
    walk 37/64 |S|=24 tri_free=True greedyα=21
    walk 38/64 |S|=26 tri_free=True greedyα=29
    walk 39/64 |S|=27 tri_free=True greedyα=18
    walk 40/64 |S|=23 tri_free=True greedyα=31
    walk 41/64 |S|=26 tri_free=True greedyα=17
    walk 42/64 |S|=25 tri_free=True greedyα=24
    walk 43/64 |S|=25 tri_free=True greedyα=25
    walk 44/64 |S|=25 tri_free=True greedyα=24
    walk 45/64 |S|=26 tri_free=True greedyα=21
    walk 46/64 |S|=23 tri_free=True greedyα=27
    walk 47/64 |S|=25 tri_free=True greedyα=23
    walk 48/64 |S|=25 tri_free=True greedyα=23
    walk 49/64 |S|=27 tri_free=True greedyα=32
    walk 50/64 |S|=27 tri_free=True greedyα=31
    walk 51/64 |S|=26 tri_free=True greedyα=28
    walk 52/64 |S|=26 tri_free=True greedyα=21
    walk 53/64 |S|=25 tri_free=True greedyα=17
    walk 54/64 |S|=25 tri_free=True greedyα=24
    walk 55/64 |S|=26 tri_free=True greedyα=30
    walk 56/64 |S|=24 tri_free=True greedyα=21
    walk 57/64 |S|=25 tri_free=True greedyα=26
    walk 58/64 |S|=25 tri_free=True greedyα=20
    walk 59/64 |S|=24 tri_free=True greedyα=26
    walk 60/64 |S|=23 tri_free=True greedyα=24
    walk 61/64 |S|=26 tri_free=True greedyα=19
    walk 62/64 |S|=25 tri_free=True greedyα=21
    walk 63/64 |S|=23 tri_free=True greedyα=31
    walk 64/64 |S|=23 tri_free=True greedyα=22
      MIS |S|=26 greedyα=17 residual IS ≥ 19 (α(G)≥20) {'found': True, 'lower': 19, 'exact': True, 'nodes': 18, 'seconds': 0.0004960894584655762, 'timed_out': False, 'backend': 'c-decide'}
      MIS |S|=25 greedyα=17 residual IS ≥ 19 (α(G)≥20) {'found': True, 'lower': 19, 'exact': True, 'nodes': 23, 'seconds': 0.00044379010796546936, 'timed_out': False, 'backend': 'c-decide'}
      MIS |S|=27 greedyα=18 residual IS ≥ 19 (α(G)≥20) {'found': True, 'lower': 19, 'exact': True, 'nodes': 50, 'seconds': 0.00043670833110809326, 'timed_out': False, 'backend': 'c-decide'}
      MIS |S|=26 greedyα=19 residual IS ≥ 19 (α(G)≥20) {'found': True, 'lower': 19, 'exact': True, 'nodes': 39, 'seconds': 0.0004125051200389862, 'timed_out': False, 'backend': 'c-decide'}
      MIS |S|=25 greedyα=19 residual IS ≥ 19 (α(G)≥20) {'found': True, 'lower': 19, 'exact': True, 'nodes': 29, 'seconds': 0.000356968492269516, 'timed_out': False, 'backend': 'c-decide'}
      MIS |S|=23 greedyα=19 residual IS ≥ 19 (α(G)≥20) {'found': True, 'lower': 19, 'exact': True, 'nodes': 53, 'seconds': 0.0004157833755016327, 'timed_out': False, 'backend': 'c-decide'}
  [5c] p=251 e=5 D1∪D2 pool=50 t=20
    walk 1/64 |S|=27 tri_free=True greedyα=31
    walk 2/64 |S|=24 tri_free=True greedyα=31
    walk 3/64 |S|=27 tri_free=True greedyα=26
    walk 4/64 |S|=23 tri_free=True greedyα=30
    walk 5/64 |S|=23 tri_free=True greedyα=24
    walk 6/64 |S|=26 tri_free=True greedyα=27
    walk 7/64 |S|=26 tri_free=True greedyα=29
    walk 8/64 |S|=24 tri_free=True greedyα=25
    walk 9/64 |S|=23 tri_free=True greedyα=24
    walk 10/64 |S|=24 tri_free=True greedyα=26
    walk 11/64 |S|=26 tri_free=True greedyα=23
    walk 12/64 |S|=26 tri_free=True greedyα=27
    walk 13/64 |S|=27 tri_free=True greedyα=39
    walk 14/64 |S|=24 tri_free=True greedyα=23
    walk 15/64 |S|=25 tri_free=True greedyα=26
    walk 16/64 |S|=24 tri_free=True greedyα=22
    walk 17/64 |S|=25 tri_free=True greedyα=25
    walk 18/64 |S|=25 tri_free=True greedyα=29
    walk 19/64 |S|=27 tri_free=True greedyα=30
    walk 20/64 |S|=25 tri_free=True greedyα=28
    walk 21/64 |S|=23 tri_free=True greedyα=35
    walk 22/64 |S|=26 tri_free=True greedyα=26
    walk 23/64 |S|=25 tri_free=True greedyα=27
    walk 24/64 |S|=23 tri_free=True greedyα=22
    walk 25/64 |S|=26 tri_free=True greedyα=20
    walk 26/64 |S|=23 tri_free=True greedyα=21
    walk 27/64 |S|=23 tri_free=True greedyα=22
    walk 28/64 |S|=24 tri_free=True greedyα=26
    walk 29/64 |S|=25 tri_free=True greedyα=22
    walk 30/64 |S|=24 tri_free=True greedyα=22
    walk 31/64 |S|=24 tri_free=True greedyα=21
    walk 32/64 |S|=24 tri_free=True greedyα=25
    walk 33/64 |S|=26 tri_free=True greedyα=31
    walk 34/64 |S|=26 tri_free=True greedyα=33
    walk 35/64 |S|=29 tri_free=True greedyα=49
    walk 36/64 |S|=27 tri_free=True greedyα=40
    walk 37/64 |S|=24 tri_free=True greedyα=30
    walk 38/64 |S|=25 tri_free=True greedyα=24
    walk 39/64 |S|=25 tri_free=True greedyα=24
    walk 40/64 |S|=23 tri_free=True greedyα=32
    walk 41/64 |S|=23 tri_free=True greedyα=20
    walk 42/64 |S|=24 tri_free=True greedyα=24
    walk 43/64 |S|=25 tri_free=True greedyα=24
    walk 44/64 |S|=25 tri_free=True greedyα=25
    walk 45/64 |S|=23 tri_free=True greedyα=23
    walk 46/64 |S|=24 tri_free=True greedyα=25
    walk 47/64 |S|=24 tri_free=True greedyα=22
    walk 48/64 |S|=25 tri_free=True greedyα=26
    walk 49/64 |S|=26 tri_free=True greedyα=30
    walk 50/64 |S|=24 tri_free=True greedyα=23
    walk 51/64 |S|=27 tri_free=True greedyα=30
    walk 52/64 |S|=26 tri_free=True greedyα=21
    walk 53/64 |S|=26 tri_free=True greedyα=26
    walk 54/64 |S|=26 tri_free=True greedyα=33
    walk 55/64 |S|=24 tri_free=True greedyα=24
    walk 56/64 |S|=24 tri_free=True greedyα=23
    walk 57/64 |S|=27 tri_free=True greedyα=33
    walk 58/64 |S|=25 tri_free=True greedyα=26
    walk 59/64 |S|=23 tri_free=True greedyα=22
    walk 60/64 |S|=24 tri_free=True greedyα=25
    walk 61/64 |S|=25 tri_free=True greedyα=17
    walk 62/64 |S|=25 tri_free=True greedyα=26
    walk 63/64 |S|=25 tri_free=True greedyα=24
    walk 64/64 |S|=25 tri_free=True greedyα=23
      MIS |S|=25 greedyα=17 residual IS ≥ 19 (α(G)≥20) {'found': True, 'lower': 19, 'exact': True, 'nodes': 25, 'seconds': 0.000491410493850708, 'timed_out': False, 'backend': 'c-decide'}
  [5c] p=251 e=5 D1∪D3 pool=50 t=20
    walk 1/64 |S|=28 tri_free=True greedyα=17
    walk 2/64 |S|=27 tri_free=True greedyα=36
    walk 3/64 |S|=27 tri_free=True greedyα=26
    walk 4/64 |S|=28 tri_free=True greedyα=21
    walk 5/64 |S|=28 tri_free=True greedyα=21
    walk 6/64 |S|=28 tri_free=True greedyα=29
    walk 7/64 |S|=27 tri_free=True greedyα=24
    walk 8/64 |S|=28 tri_free=True greedyα=20
    walk 9/64 |S|=29 tri_free=True greedyα=21
    walk 10/64 |S|=27 tri_free=True greedyα=23
    walk 11/64 |S|=30 tri_free=True greedyα=37
    walk 12/64 |S|=27 tri_free=True greedyα=20
    walk 13/64 |S|=25 tri_free=True greedyα=22
    walk 14/64 |S|=30 tri_free=True greedyα=29
    walk 15/64 |S|=29 tri_free=True greedyα=22
    walk 16/64 |S|=27 tri_free=True greedyα=19
    walk 17/64 |S|=29 tri_free=True greedyα=20
    walk 18/64 |S|=27 tri_free=True greedyα=21
    walk 19/64 |S|=29 tri_free=True greedyα=23
    walk 20/64 |S|=25 tri_free=True greedyα=18
    walk 21/64 |S|=28 tri_free=True greedyα=35
    walk 22/64 |S|=28 tri_free=True greedyα=22
    walk 23/64 |S|=31 tri_free=True greedyα=37
    walk 24/64 |S|=25 tri_free=True greedyα=19
    walk 25/64 |S|=28 tri_free=True greedyα=21
    walk 26/64 |S|=29 tri_free=True greedyα=20
    walk 27/64 |S|=27 tri_free=True greedyα=24
    walk 28/64 |S|=28 tri_free=True greedyα=20
    walk 29/64 |S|=28 tri_free=True greedyα=29
    walk 30/64 |S|=27 tri_free=True greedyα=17
    walk 31/64 |S|=29 tri_free=True greedyα=34
    walk 32/64 |S|=29 tri_free=True greedyα=28
    walk 33/64 |S|=26 tri_free=True greedyα=20
    walk 34/64 |S|=28 tri_free=True greedyα=17
    walk 35/64 |S|=26 tri_free=True greedyα=23
    walk 36/64 |S|=28 tri_free=True greedyα=23
    walk 37/64 |S|=28 tri_free=True greedyα=25
    walk 38/64 |S|=27 tri_free=True greedyα=22
    walk 39/64 |S|=28 tri_free=True greedyα=29
    walk 40/64 |S|=28 tri_free=True greedyα=19
    walk 41/64 |S|=27 tri_free=True greedyα=22
    walk 42/64 |S|=28 tri_free=True greedyα=31
    walk 43/64 |S|=27 tri_free=True greedyα=27
    walk 44/64 |S|=29 tri_free=True greedyα=25
    walk 45/64 |S|=27 tri_free=True greedyα=17
    walk 46/64 |S|=29 tri_free=True greedyα=26
    walk 47/64 |S|=27 tri_free=True greedyα=21
    walk 48/64 |S|=27 tri_free=True greedyα=24
    walk 49/64 |S|=28 tri_free=True greedyα=25
    walk 50/64 |S|=30 tri_free=True greedyα=23
    walk 51/64 |S|=31 tri_free=True greedyα=22
    walk 52/64 |S|=27 tri_free=True greedyα=21
    walk 53/64 |S|=28 tri_free=True greedyα=24
    walk 54/64 |S|=26 tri_free=True greedyα=19
    walk 55/64 |S|=27 tri_free=True greedyα=19
    walk 56/64 |S|=26 tri_free=True greedyα=22
    walk 57/64 |S|=29 tri_free=True greedyα=24
    walk 58/64 |S|=29 tri_free=True greedyα=25
    walk 59/64 |S|=27 tri_free=True greedyα=26
    walk 60/64 |S|=28 tri_free=True greedyα=19
    walk 61/64 |S|=28 tri_free=True greedyα=26
    walk 62/64 |S|=29 tri_free=True greedyα=19
    walk 63/64 |S|=28 tri_free=True greedyα=24
    walk 64/64 |S|=27 tri_free=True greedyα=27
      MIS |S|=28 greedyα=17 residual IS ≥ 19 (α(G)≥20) {'found': True, 'lower': 19, 'exact': True, 'nodes': 20, 'seconds': 0.0004933588206768036, 'timed_out': False, 'backend': 'c-decide'}
      MIS |S|=28 greedyα=17 residual IS ≥ 19 (α(G)≥20) {'found': True, 'lower': 19, 'exact': True, 'nodes': 34, 'seconds': 0.00045258551836013794, 'timed_out': False, 'backend': 'c-decide'}
      MIS |S|=27 greedyα=17 residual IS ≥ 19 (α(G)≥20) {'found': True, 'lower': 19, 'exact': True, 'nodes': 51, 'seconds': 0.0003866329789161682, 'timed_out': False, 'backend': 'c-decide'}
      MIS |S|=27 greedyα=17 residual IS ≥ 19 (α(G)≥20) {'found': True, 'lower': 19, 'exact': True, 'nodes': 42, 'seconds': 0.0003809593617916107, 'timed_out': False, 'backend': 'c-decide'}
      MIS |S|=25 greedyα=18 residual IS ≥ 19 (α(G)≥20) {'found': True, 'lower': 19, 'exact': True, 'nodes': 26, 'seconds': 0.00035187602043151855, 'timed_out': False, 'backend': 'c-decide'}
      MIS |S|=29 greedyα=19 residual IS ≥ 19 (α(G)≥20) {'found': True, 'lower': 19, 'exact': True, 'nodes': 60, 'seconds': 0.0003872215747833252, 'timed_out': False, 'backend': 'c-decide'}
      MIS |S|=28 greedyα=19 residual IS ≥ 19 (α(G)≥20) {'found': True, 'lower': 19, 'exact': True, 'nodes': 24, 'seconds': 0.0004232637584209442, 'timed_out': False, 'backend': 'c-decide'}
      MIS |S|=28 greedyα=19 residual IS ≥ 19 (α(G)≥20) {'found': True, 'lower': 19, 'exact': True, 'nodes': 24, 'seconds': 0.00043876469135284424, 'timed_out': False, 'backend': 'c-decide'}
  [5c] p=251 e=5 D1∪D4 pool=50 t=20
    walk 1/64 |S|=27 tri_free=True greedyα=21
    walk 2/64 |S|=26 tri_free=True greedyα=22
    walk 3/64 |S|=27 tri_free=True greedyα=35
    walk 4/64 |S|=29 tri_free=True greedyα=30
    walk 5/64 |S|=27 tri_free=True greedyα=24
    walk 6/64 |S|=27 tri_free=True greedyα=28
    walk 7/64 |S|=27 tri_free=True greedyα=17
    walk 8/64 |S|=28 tri_free=True greedyα=27
    walk 9/64 |S|=28 tri_free=True greedyα=20
    walk 10/64 |S|=27 tri_free=True greedyα=22
    walk 11/64 |S|=28 tri_free=True greedyα=24
    walk 12/64 |S|=29 tri_free=True greedyα=32
    walk 13/64 |S|=28 tri_free=True greedyα=24
    walk 14/64 |S|=28 tri_free=True greedyα=26
    walk 15/64 |S|=32 tri_free=True greedyα=33
    walk 16/64 |S|=26 tri_free=True greedyα=20
    walk 17/64 |S|=29 tri_free=True greedyα=28
    walk 18/64 |S|=30 tri_free=True greedyα=22
    walk 19/64 |S|=27 tri_free=True greedyα=26
    walk 20/64 |S|=27 tri_free=True greedyα=18
    walk 21/64 |S|=27 tri_free=True greedyα=22
    walk 22/64 |S|=28 tri_free=True greedyα=23
    walk 23/64 |S|=28 tri_free=True greedyα=28
    walk 24/64 |S|=30 tri_free=True greedyα=25
    walk 25/64 |S|=29 tri_free=True greedyα=24
    walk 26/64 |S|=25 tri_free=True greedyα=18
    walk 27/64 |S|=28 tri_free=True greedyα=20
    walk 28/64 |S|=27 tri_free=True greedyα=20
    walk 29/64 |S|=25 tri_free=True greedyα=20
    walk 30/64 |S|=29 tri_free=True greedyα=23
    walk 31/64 |S|=31 tri_free=True greedyα=28
    walk 32/64 |S|=28 tri_free=True greedyα=24
    walk 33/64 |S|=29 tri_free=True greedyα=22
    walk 34/64 |S|=27 tri_free=True greedyα=33
    walk 35/64 |S|=28 tri_free=True greedyα=23
    walk 36/64 |S|=28 tri_free=True greedyα=25
    walk 37/64 |S|=28 tri_free=True greedyα=26
    walk 38/64 |S|=28 tri_free=True greedyα=24
    walk 39/64 |S|=28 tri_free=True greedyα=24
    walk 40/64 |S|=30 tri_free=True greedyα=35
    walk 41/64 |S|=27 tri_free=True greedyα=21
    walk 42/64 |S|=26 tri_free=True greedyα=22
    walk 43/64 |S|=26 tri_free=True greedyα=22
    walk 44/64 |S|=25 tri_free=True greedyα=23
    walk 45/64 |S|=26 tri_free=True greedyα=23
    walk 46/64 |S|=27 tri_free=True greedyα=28
    walk 47/64 |S|=30 tri_free=True greedyα=25
    walk 48/64 |S|=28 tri_free=True greedyα=23
    walk 49/64 |S|=28 tri_free=True greedyα=23
    walk 50/64 |S|=26 tri_free=True greedyα=27
    walk 51/64 |S|=26 tri_free=True greedyα=22
    walk 52/64 |S|=29 tri_free=True greedyα=22
    walk 53/64 |S|=27 tri_free=True greedyα=24
    walk 54/64 |S|=28 tri_free=True greedyα=21
    walk 55/64 |S|=27 tri_free=True greedyα=17
    walk 56/64 |S|=27 tri_free=True greedyα=19
    walk 57/64 |S|=26 tri_free=True greedyα=24
    walk 58/64 |S|=28 tri_free=True greedyα=25
    walk 59/64 |S|=27 tri_free=True greedyα=25
    walk 60/64 |S|=28 tri_free=True greedyα=19
    walk 61/64 |S|=27 tri_free=True greedyα=24
    walk 62/64 |S|=26 tri_free=True greedyα=26
    walk 63/64 |S|=28 tri_free=True greedyα=20
    walk 64/64 |S|=26 tri_free=True greedyα=19
      MIS |S|=27 greedyα=17 residual IS ≥ 19 (α(G)≥20) {'found': True, 'lower': 19, 'exact': True, 'nodes': 23, 'seconds': 0.000501193106174469, 'timed_out': False, 'backend': 'c-decide'}
      MIS |S|=27 greedyα=17 residual IS ≥ 19 (α(G)≥20) {'found': True, 'lower': 19, 'exact': True, 'nodes': 29, 'seconds': 0.0004349946975708008, 'timed_out': False, 'backend': 'c-decide'}
      MIS |S|=27 greedyα=18 residual IS ≥ 19 (α(G)≥20) {'found': True, 'lower': 19, 'exact': True, 'nodes': 47, 'seconds': 0.0004003159701824188, 'timed_out': False, 'backend': 'c-decide'}
      MIS |S|=25 greedyα=18 residual IS ≥ 19 (α(G)≥20) {'found': True, 'lower': 19, 'exact': True, 'nodes': 29, 'seconds': 0.00041722506284713745, 'timed_out': False, 'backend': 'c-decide'}
      MIS |S|=28 greedyα=19 residual IS ≥ 19 (α(G)≥20) {'found': True, 'lower': 19, 'exact': True, 'nodes': 58, 'seconds': 0.0003709867596626282, 'timed_out': False, 'backend': 'c-decide'}
      MIS |S|=27 greedyα=19 residual IS ≥ 19 (α(G)≥20) {'found': True, 'lower': 19, 'exact': True, 'nodes': 40, 'seconds': 0.0004071667790412903, 'timed_out': False, 'backend': 'c-decide'}
      MIS |S|=26 greedyα=19 residual IS ≥ 19 (α(G)≥20) {'found': True, 'lower': 19, 'exact': True, 'nodes': 29, 'seconds': 0.0004422813653945923, 'timed_out': False, 'backend': 'c-decide'}
  [5c] p=251 e=5 D2∪D3 pool=50 t=20
    walk 1/64 |S|=25 tri_free=True greedyα=20
    walk 2/64 |S|=25 tri_free=True greedyα=23
    walk 3/64 |S|=25 tri_free=True greedyα=20
    walk 4/64 |S|=26 tri_free=True greedyα=27
    walk 5/64 |S|=23 tri_free=True greedyα=25
    walk 6/64 |S|=28 tri_free=True greedyα=51
    walk 7/64 |S|=24 tri_free=True greedyα=25
    walk 8/64 |S|=24 tri_free=True greedyα=23
    walk 9/64 |S|=26 tri_free=True greedyα=22
    walk 10/64 |S|=22 tri_free=True greedyα=24
    walk 11/64 |S|=22 tri_free=True greedyα=26
    walk 12/64 |S|=23 tri_free=True greedyα=26
    walk 13/64 |S|=25 tri_free=True greedyα=23
    walk 14/64 |S|=27 tri_free=True greedyα=28
    walk 15/64 |S|=24 tri_free=True greedyα=33
    walk 16/64 |S|=22 tri_free=True greedyα=30
    walk 17/64 |S|=23 tri_free=True greedyα=24
    walk 18/64 |S|=25 tri_free=True greedyα=23
    walk 19/64 |S|=23 tri_free=True greedyα=23
    walk 20/64 |S|=24 tri_free=True greedyα=31
    walk 21/64 |S|=27 tri_free=True greedyα=26
    walk 22/64 |S|=25 tri_free=True greedyα=24
    walk 23/64 |S|=25 tri_free=True greedyα=23
    walk 24/64 |S|=26 tri_free=True greedyα=24
    walk 25/64 |S|=25 tri_free=True greedyα=25
    walk 26/64 |S|=23 tri_free=True greedyα=24
    walk 27/64 |S|=22 tri_free=True greedyα=25
    walk 28/64 |S|=23 tri_free=True greedyα=23
    walk 29/64 |S|=25 tri_free=True greedyα=26
    walk 30/64 |S|=24 tri_free=True greedyα=25
    walk 31/64 |S|=25 tri_free=True greedyα=29
    walk 32/64 |S|=24 tri_free=True greedyα=20
    walk 33/64 |S|=24 tri_free=True greedyα=24
    walk 34/64 |S|=25 tri_free=True greedyα=25
    walk 35/64 |S|=27 tri_free=True greedyα=22
    walk 36/64 |S|=24 tri_free=True greedyα=21
    walk 37/64 |S|=26 tri_free=True greedyα=25
    walk 38/64 |S|=27 tri_free=True greedyα=28
    walk 39/64 |S|=25 tri_free=True greedyα=35
    walk 40/64 |S|=26 tri_free=True greedyα=25
    walk 41/64 |S|=25 tri_free=True greedyα=22
    walk 42/64 |S|=24 tri_free=True greedyα=26
    walk 43/64 |S|=26 tri_free=True greedyα=23
    walk 44/64 |S|=24 tri_free=True greedyα=23
    walk 45/64 |S|=26 tri_free=True greedyα=18
    walk 46/64 |S|=25 tri_free=True greedyα=26
    walk 47/64 |S|=24 tri_free=True greedyα=24
    walk 48/64 |S|=24 tri_free=True greedyα=32
    walk 49/64 |S|=26 tri_free=True greedyα=21
    walk 50/64 |S|=25 tri_free=True greedyα=26
    walk 51/64 |S|=27 tri_free=True greedyα=32
    walk 52/64 |S|=24 tri_free=True greedyα=26
    walk 53/64 |S|=24 tri_free=True greedyα=25
    walk 54/64 |S|=24 tri_free=True greedyα=28
    walk 55/64 |S|=24 tri_free=True greedyα=29
    walk 56/64 |S|=24 tri_free=True greedyα=23
    walk 57/64 |S|=24 tri_free=True greedyα=29
    walk 58/64 |S|=25 tri_free=True greedyα=21
    walk 59/64 |S|=24 tri_free=True greedyα=25
    walk 60/64 |S|=26 tri_free=True greedyα=34
    walk 61/64 |S|=24 tri_free=True greedyα=22
    walk 62/64 |S|=27 tri_free=True greedyα=27
    walk 63/64 |S|=24 tri_free=True greedyα=23
    walk 64/64 |S|=24 tri_free=True greedyα=23
      MIS |S|=26 greedyα=18 residual IS ≥ 19 (α(G)≥20) {'found': True, 'lower': 19, 'exact': True, 'nodes': 21, 'seconds': 0.0004983134567737579, 'timed_out': False, 'backend': 'c-decide'}
  [5c] p=251 e=5 D2∪D4 pool=50 t=20
    walk 1/64 |S|=27 tri_free=True greedyα=22
    walk 2/64 |S|=28 tri_free=True greedyα=23
    walk 3/64 |S|=29 tri_free=True greedyα=23
    walk 4/64 |S|=28 tri_free=True greedyα=25
    walk 5/64 |S|=28 tri_free=True greedyα=22
    walk 6/64 |S|=29 tri_free=True greedyα=25
    walk 7/64 |S|=26 tri_free=True greedyα=24
    walk 8/64 |S|=27 tri_free=True greedyα=23
    walk 9/64 |S|=29 tri_free=True greedyα=27
    walk 10/64 |S|=27 tri_free=True greedyα=27
    walk 11/64 |S|=27 tri_free=True greedyα=18
    walk 12/64 |S|=28 tri_free=True greedyα=24
    walk 13/64 |S|=27 tri_free=True greedyα=23
    walk 14/64 |S|=27 tri_free=True greedyα=24
    walk 15/64 |S|=30 tri_free=True greedyα=27
    walk 16/64 |S|=29 tri_free=True greedyα=21
    walk 17/64 |S|=28 tri_free=True greedyα=25
    walk 18/64 |S|=26 tri_free=True greedyα=29
    walk 19/64 |S|=27 tri_free=True greedyα=21
    walk 20/64 |S|=33 tri_free=True greedyα=57
    walk 21/64 |S|=28 tri_free=True greedyα=21
    walk 22/64 |S|=27 tri_free=True greedyα=19
    walk 23/64 |S|=28 tri_free=True greedyα=26
    walk 24/64 |S|=30 tri_free=True greedyα=31
    walk 25/64 |S|=29 tri_free=True greedyα=19
    walk 26/64 |S|=27 tri_free=True greedyα=23
    walk 27/64 |S|=26 tri_free=True greedyα=25
    walk 28/64 |S|=30 tri_free=True greedyα=28
    walk 29/64 |S|=26 tri_free=True greedyα=23
    walk 30/64 |S|=28 tri_free=True greedyα=20
    walk 31/64 |S|=27 tri_free=True greedyα=23
    walk 32/64 |S|=28 tri_free=True greedyα=20
    walk 33/64 |S|=26 tri_free=True greedyα=23
    walk 34/64 |S|=29 tri_free=True greedyα=25
    walk 35/64 |S|=28 tri_free=True greedyα=30
    walk 36/64 |S|=28 tri_free=True greedyα=19
    walk 37/64 |S|=27 tri_free=True greedyα=25
    walk 38/64 |S|=29 tri_free=True greedyα=33
    walk 39/64 |S|=28 tri_free=True greedyα=19
    walk 40/64 |S|=26 tri_free=True greedyα=19
    walk 41/64 |S|=27 tri_free=True greedyα=23
    walk 42/64 |S|=28 tri_free=True greedyα=29
    walk 43/64 |S|=27 tri_free=True greedyα=23
    walk 44/64 |S|=29 tri_free=True greedyα=25
    walk 45/64 |S|=28 tri_free=True greedyα=23
    walk 46/64 |S|=28 tri_free=True greedyα=28
    walk 47/64 |S|=27 tri_free=True greedyα=30
    walk 48/64 |S|=26 tri_free=True greedyα=21
    walk 49/64 |S|=26 tri_free=True greedyα=21
    walk 50/64 |S|=29 tri_free=True greedyα=27
    walk 51/64 |S|=29 tri_free=True greedyα=24
    walk 52/64 |S|=27 tri_free=True greedyα=20
    walk 53/64 |S|=30 tri_free=True greedyα=21
    walk 54/64 |S|=30 tri_free=True greedyα=41
    walk 55/64 |S|=26 tri_free=True greedyα=19
    walk 56/64 |S|=28 tri_free=True greedyα=23
    walk 57/64 |S|=28 tri_free=True greedyα=21
    walk 58/64 |S|=30 tri_free=True greedyα=29
    walk 59/64 |S|=24 tri_free=True greedyα=26
    walk 60/64 |S|=31 tri_free=True greedyα=31
    walk 61/64 |S|=26 tri_free=True greedyα=21
    walk 62/64 |S|=28 tri_free=True greedyα=25
    walk 63/64 |S|=27 tri_free=True greedyα=19
    walk 64/64 |S|=27 tri_free=True greedyα=21
      MIS |S|=27 greedyα=18 residual IS ≥ 19 (α(G)≥20) {'found': True, 'lower': 19, 'exact': True, 'nodes': 24, 'seconds': 0.0005215704441070557, 'timed_out': False, 'backend': 'c-decide'}
      MIS |S|=29 greedyα=19 residual IS ≥ 19 (α(G)≥20) {'found': True, 'lower': 19, 'exact': True, 'nodes': 57, 'seconds': 0.00038913264870643616, 'timed_out': False, 'backend': 'c-decide'}
      MIS |S|=28 greedyα=19 residual IS ≥ 19 (α(G)≥20) {'found': True, 'lower': 19, 'exact': True, 'nodes': 28, 'seconds': 0.00035436078906059265, 'timed_out': False, 'backend': 'c-decide'}
      MIS |S|=28 greedyα=19 residual IS ≥ 19 (α(G)≥20) {'found': True, 'lower': 19, 'exact': True, 'nodes': 50, 'seconds': 0.0003752075135707855, 'timed_out': False, 'backend': 'c-decide'}
      MIS |S|=27 greedyα=19 residual IS ≥ 19 (α(G)≥20) {'found': True, 'lower': 19, 'exact': True, 'nodes': 49, 'seconds': 0.000370662659406662, 'timed_out': False, 'backend': 'c-decide'}
      MIS |S|=27 greedyα=19 residual IS ≥ 19 (α(G)≥20) {'found': True, 'lower': 19, 'exact': True, 'nodes': 40, 'seconds': 0.00044621899724006653, 'timed_out': False, 'backend': 'c-decide'}
      MIS |S|=26 greedyα=19 residual IS ≥ 19 (α(G)≥20) {'found': True, 'lower': 19, 'exact': True, 'nodes': 24, 'seconds': 0.0004644840955734253, 'timed_out': False, 'backend': 'c-decide'}
      MIS |S|=26 greedyα=19 residual IS ≥ 19 (α(G)≥20) {'found': True, 'lower': 19, 'exact': True, 'nodes': 22, 'seconds': 0.0004557296633720398, 'timed_out': False, 'backend': 'c-decide'}
  [5c] p=251 e=5 D3∪D4 pool=50 t=20
    walk 1/64 |S|=22 tri_free=True greedyα=19
    walk 2/64 |S|=25 tri_free=True greedyα=22
    walk 3/64 |S|=25 tri_free=True greedyα=25
    walk 4/64 |S|=26 tri_free=True greedyα=22
    walk 5/64 |S|=24 tri_free=True greedyα=26
    walk 6/64 |S|=25 tri_free=True greedyα=18
    walk 7/64 |S|=26 tri_free=True greedyα=21
    walk 8/64 |S|=23 tri_free=True greedyα=31
    walk 9/64 |S|=24 tri_free=True greedyα=24
    walk 10/64 |S|=22 tri_free=True greedyα=29
    walk 11/64 |S|=23 tri_free=True greedyα=24
    walk 12/64 |S|=25 tri_free=True greedyα=29
    walk 13/64 |S|=25 tri_free=True greedyα=28
    walk 14/64 |S|=24 tri_free=True greedyα=17
    walk 15/64 |S|=25 tri_free=True greedyα=20
    walk 16/64 |S|=24 tri_free=True greedyα=28
    walk 17/64 |S|=24 tri_free=True greedyα=22
    walk 18/64 |S|=21 tri_free=True greedyα=29
    walk 19/64 |S|=23 tri_free=True greedyα=23
    walk 20/64 |S|=26 tri_free=True greedyα=23
    walk 21/64 |S|=24 tri_free=True greedyα=23
    walk 22/64 |S|=26 tri_free=True greedyα=27
    walk 23/64 |S|=25 tri_free=True greedyα=23
    walk 24/64 |S|=23 tri_free=True greedyα=25
    walk 25/64 |S|=24 tri_free=True greedyα=22
    walk 26/64 |S|=24 tri_free=True greedyα=25
    walk 27/64 |S|=23 tri_free=True greedyα=25
    walk 28/64 |S|=25 tri_free=True greedyα=33
    walk 29/64 |S|=26 tri_free=True greedyα=26
    walk 30/64 |S|=26 tri_free=True greedyα=23
    walk 31/64 |S|=24 tri_free=True greedyα=23
    walk 32/64 |S|=25 tri_free=True greedyα=24
    walk 33/64 |S|=28 tri_free=True greedyα=37
    walk 34/64 |S|=25 tri_free=True greedyα=25
    walk 35/64 |S|=26 tri_free=True greedyα=26
    walk 36/64 |S|=25 tri_free=True greedyα=28
    walk 37/64 |S|=24 tri_free=True greedyα=28
    walk 38/64 |S|=26 tri_free=True greedyα=19
    walk 39/64 |S|=21 tri_free=True greedyα=24
    walk 40/64 |S|=25 tri_free=True greedyα=24
    walk 41/64 |S|=24 tri_free=True greedyα=20
    walk 42/64 |S|=26 tri_free=True greedyα=27
    walk 43/64 |S|=25 tri_free=True greedyα=22
    walk 44/64 |S|=26 tri_free=True greedyα=27
    walk 45/64 |S|=26 tri_free=True greedyα=33
    walk 46/64 |S|=25 tri_free=True greedyα=29
    walk 47/64 |S|=23 tri_free=True greedyα=27
    walk 48/64 |S|=22 tri_free=True greedyα=24
    walk 49/64 |S|=24 tri_free=True greedyα=23
    walk 50/64 |S|=26 tri_free=True greedyα=23
    walk 51/64 |S|=25 tri_free=True greedyα=28
    walk 52/64 |S|=28 tri_free=True greedyα=47
    walk 53/64 |S|=25 tri_free=True greedyα=26
    walk 54/64 |S|=22 tri_free=True greedyα=23
    walk 55/64 |S|=27 tri_free=True greedyα=32
    walk 56/64 |S|=27 tri_free=True greedyα=26
    walk 57/64 |S|=25 tri_free=True greedyα=28
    walk 58/64 |S|=25 tri_free=True greedyα=25
    walk 59/64 |S|=25 tri_free=True greedyα=28
    walk 60/64 |S|=26 tri_free=True greedyα=23
    walk 61/64 |S|=26 tri_free=True greedyα=24
    walk 62/64 |S|=24 tri_free=True greedyα=22
    walk 63/64 |S|=25 tri_free=True greedyα=24
    walk 64/64 |S|=24 tri_free=True greedyα=32
      MIS |S|=24 greedyα=17 residual IS ≥ 19 (α(G)≥20) {'found': True, 'lower': 19, 'exact': True, 'nodes': 18, 'seconds': 0.000504516065120697, 'timed_out': False, 'backend': 'c-decide'}
      MIS |S|=25 greedyα=18 residual IS ≥ 19 (α(G)≥20) {'found': True, 'lower': 19, 'exact': True, 'nodes': 18, 'seconds': 0.0004538819193840027, 'timed_out': False, 'backend': 'c-decide'}
      MIS |S|=26 greedyα=19 residual IS ≥ 19 (α(G)≥20) {'found': True, 'lower': 19, 'exact': True, 'nodes': 56, 'seconds': 0.0003819465637207031, 'timed_out': False, 'backend': 'c-decide'}
      MIS |S|=22 greedyα=19 residual IS ≥ 19 (α(G)≥20) {'found': True, 'lower': 19, 'exact': True, 'nodes': 59, 'seconds': 0.00048561394214630127, 'timed_out': False, 'backend': 'c-decide'}
  [5c] p=257 e=4 D0∪D1 pool=64 t=20
    walk 1/64 |S|=27 tri_free=True greedyα=25
    walk 2/64 |S|=29 tri_free=True greedyα=32
    walk 3/64 |S|=28 tri_free=True greedyα=27
    walk 4/64 |S|=27 tri_free=True greedyα=27
    walk 5/64 |S|=26 tri_free=True greedyα=20
    walk 6/64 |S|=28 tri_free=True greedyα=21
    walk 7/64 |S|=30 tri_free=True greedyα=25
    walk 8/64 |S|=28 tri_free=True greedyα=22
    walk 9/64 |S|=29 tri_free=True greedyα=29
    walk 10/64 |S|=28 tri_free=True greedyα=24
    walk 11/64 |S|=28 tri_free=True greedyα=22
    walk 12/64 |S|=27 tri_free=True greedyα=27
    walk 13/64 |S|=24 tri_free=True greedyα=27
    walk 14/64 |S|=27 tri_free=True greedyα=25
    walk 15/64 |S|=26 tri_free=True greedyα=18
    walk 16/64 |S|=29 tri_free=True greedyα=24
    walk 17/64 |S|=27 tri_free=True greedyα=21
    walk 18/64 |S|=30 tri_free=True greedyα=33
    walk 19/64 |S|=29 tri_free=True greedyα=28
    walk 20/64 |S|=26 tri_free=True greedyα=24
    walk 21/64 |S|=25 tri_free=True greedyα=21
    walk 22/64 |S|=26 tri_free=True greedyα=24
    walk 23/64 |S|=30 tri_free=True greedyα=27
    walk 24/64 |S|=30 tri_free=True greedyα=28
    walk 25/64 |S|=28 tri_free=True greedyα=25
    walk 26/64 |S|=30 tri_free=True greedyα=27
    walk 27/64 |S|=26 tri_free=True greedyα=20
    walk 28/64 |S|=30 tri_free=True greedyα=20
    walk 29/64 |S|=27 tri_free=True greedyα=24
    walk 30/64 |S|=26 tri_free=True greedyα=19
    walk 31/64 |S|=29 tri_free=True greedyα=24
    walk 32/64 |S|=27 tri_free=True greedyα=24
    walk 33/64 |S|=30 tri_free=True greedyα=28
    walk 34/64 |S|=27 tri_free=True greedyα=25
    walk 35/64 |S|=26 tri_free=True greedyα=24
    walk 36/64 |S|=27 tri_free=True greedyα=18
    walk 37/64 |S|=29 tri_free=True greedyα=37
    walk 38/64 |S|=28 tri_free=True greedyα=19
    walk 39/64 |S|=30 tri_free=True greedyα=22
    walk 40/64 |S|=29 tri_free=True greedyα=20
    walk 41/64 |S|=25 tri_free=True greedyα=21
    walk 42/64 |S|=29 tri_free=True greedyα=26
    walk 43/64 |S|=30 tri_free=True greedyα=24
    walk 44/64 |S|=27 tri_free=True greedyα=30
    walk 45/64 |S|=31 tri_free=True greedyα=27
    walk 46/64 |S|=27 tri_free=True greedyα=24
    walk 47/64 |S|=29 tri_free=True greedyα=23
    walk 48/64 |S|=28 tri_free=True greedyα=31
    walk 49/64 |S|=28 tri_free=True greedyα=29
    walk 50/64 |S|=29 tri_free=True greedyα=24
    walk 51/64 |S|=29 tri_free=True greedyα=28
    walk 52/64 |S|=26 tri_free=True greedyα=22
    walk 53/64 |S|=28 tri_free=True greedyα=19
    walk 54/64 |S|=25 tri_free=True greedyα=22
    walk 55/64 |S|=28 tri_free=True greedyα=27
    walk 56/64 |S|=26 tri_free=True greedyα=25
    walk 57/64 |S|=28 tri_free=True greedyα=22
    walk 58/64 |S|=27 tri_free=True greedyα=21
    walk 59/64 |S|=32 tri_free=True greedyα=35
    walk 60/64 |S|=27 tri_free=True greedyα=25
    walk 61/64 |S|=27 tri_free=True greedyα=32
    walk 62/64 |S|=28 tri_free=True greedyα=31
    walk 63/64 |S|=29 tri_free=True greedyα=25
    walk 64/64 |S|=27 tri_free=True greedyα=28
      MIS |S|=27 greedyα=18 residual IS ≥ 19 (α(G)≥20) {'found': True, 'lower': 19, 'exact': True, 'nodes': 22, 'seconds': 0.000419028103351593, 'timed_out': False, 'backend': 'c-decide'}
      MIS |S|=26 greedyα=18 residual IS ≥ 19 (α(G)≥20) {'found': True, 'lower': 19, 'exact': True, 'nodes': 52, 'seconds': 0.00046377256512641907, 'timed_out': False, 'backend': 'c-decide'}
      MIS |S|=28 greedyα=19 residual IS ≥ 19 (α(G)≥20) {'found': True, 'lower': 19, 'exact': True, 'nodes': 40, 'seconds': 0.00042575597763061523, 'timed_out': False, 'backend': 'c-decide'}
      MIS |S|=28 greedyα=19 residual IS ≥ 19 (α(G)≥20) {'found': True, 'lower': 19, 'exact': True, 'nodes': 33, 'seconds': 0.0004429854452610016, 'timed_out': False, 'backend': 'c-decide'}
      MIS |S|=26 greedyα=19 residual IS ≥ 19 (α(G)≥20) {'found': True, 'lower': 19, 'exact': True, 'nodes': 55, 'seconds': 0.0004147142171859741, 'timed_out': False, 'backend': 'c-decide'}
  [5c] p=257 e=4 D0∪D2 pool=64 t=20
    walk 1/64 |S|=28 tri_free=True greedyα=23
    walk 2/64 |S|=32 tri_free=True greedyα=41
    walk 3/64 |S|=26 tri_free=True greedyα=23
    walk 4/64 |S|=26 tri_free=True greedyα=26
    walk 5/64 |S|=31 tri_free=True greedyα=43
    walk 6/64 |S|=29 tri_free=True greedyα=22
    walk 7/64 |S|=31 tri_free=True greedyα=37
    walk 8/64 |S|=30 tri_free=True greedyα=26
    walk 9/64 |S|=32 tri_free=True greedyα=38
    walk 10/64 |S|=30 tri_free=True greedyα=25
    walk 11/64 |S|=30 tri_free=True greedyα=26
    walk 12/64 |S|=29 tri_free=True greedyα=25
    walk 13/64 |S|=28 tri_free=True greedyα=18
    walk 14/64 |S|=24 tri_free=True greedyα=20
    walk 15/64 |S|=26 tri_free=True greedyα=23
    walk 16/64 |S|=31 tri_free=True greedyα=35
    walk 17/64 |S|=27 tri_free=True greedyα=21
    walk 18/64 |S|=30 tri_free=True greedyα=29
    walk 19/64 |S|=30 tri_free=True greedyα=25
    walk 20/64 |S|=28 tri_free=True greedyα=29
    walk 21/64 |S|=27 tri_free=True greedyα=19
    walk 22/64 |S|=28 tri_free=True greedyα=22
    walk 23/64 |S|=27 tri_free=True greedyα=24
    walk 24/64 |S|=31 tri_free=True greedyα=26
    walk 25/64 |S|=28 tri_free=True greedyα=21
    walk 26/64 |S|=31 tri_free=True greedyα=26
    walk 27/64 |S|=27 tri_free=True greedyα=24
    walk 28/64 |S|=28 tri_free=True greedyα=23
    walk 29/64 |S|=28 tri_free=True greedyα=17
    walk 30/64 |S|=31 tri_free=True greedyα=25
    walk 31/64 |S|=27 tri_free=True greedyα=22
    walk 32/64 |S|=28 tri_free=True greedyα=24
    walk 33/64 |S|=27 tri_free=True greedyα=21
    walk 34/64 |S|=30 tri_free=True greedyα=35
    walk 35/64 |S|=28 tri_free=True greedyα=19
    walk 36/64 |S|=31 tri_free=True greedyα=39
    walk 37/64 |S|=30 tri_free=True greedyα=25
    walk 38/64 |S|=26 tri_free=True greedyα=27
    walk 39/64 |S|=28 tri_free=True greedyα=23
    walk 40/64 |S|=29 tri_free=True greedyα=33
    walk 41/64 |S|=29 tri_free=True greedyα=22
    walk 42/64 |S|=28 tri_free=True greedyα=29
    walk 43/64 |S|=25 tri_free=True greedyα=19
    walk 44/64 |S|=28 tri_free=True greedyα=24
    walk 45/64 |S|=27 tri_free=True greedyα=31
    walk 46/64 |S|=28 tri_free=True greedyα=23
    walk 47/64 |S|=27 tri_free=True greedyα=22
    walk 48/64 |S|=27 tri_free=True greedyα=22
    walk 49/64 |S|=29 tri_free=True greedyα=22
    walk 50/64 |S|=29 tri_free=True greedyα=25
    walk 51/64 |S|=28 tri_free=True greedyα=23
    walk 52/64 |S|=30 tri_free=True greedyα=36
    walk 53/64 |S|=28 tri_free=True greedyα=26
    walk 54/64 |S|=33 tri_free=True greedyα=31
    walk 55/64 |S|=27 tri_free=True greedyα=25
    walk 56/64 |S|=29 tri_free=True greedyα=25
    walk 57/64 |S|=30 tri_free=True greedyα=28
    walk 58/64 |S|=28 tri_free=True greedyα=21
    walk 59/64 |S|=29 tri_free=True greedyα=18
    walk 60/64 |S|=29 tri_free=True greedyα=23
    walk 61/64 |S|=28 tri_free=True greedyα=28
    walk 62/64 |S|=29 tri_free=True greedyα=37
    walk 63/64 |S|=34 tri_free=True greedyα=47
    walk 64/64 |S|=29 tri_free=True greedyα=22
      MIS |S|=28 greedyα=17 residual IS ≥ 19 (α(G)≥20) {'found': True, 'lower': 19, 'exact': True, 'nodes': 23, 'seconds': 0.0004727765917778015, 'timed_out': False, 'backend': 'c-decide'}
      MIS |S|=29 greedyα=18 residual IS ≥ 19 (α(G)≥20) {'found': True, 'lower': 19, 'exact': True, 'nodes': 52, 'seconds': 0.00043265894055366516, 'timed_out': False, 'backend': 'c-decide'}
      MIS |S|=28 greedyα=18 residual IS ≥ 19 (α(G)≥20) {'found': True, 'lower': 19, 'exact': True, 'nodes': 34, 'seconds': 0.0004908256232738495, 'timed_out': False, 'backend': 'c-decide'}
      MIS |S|=28 greedyα=19 residual IS ≥ 19 (α(G)≥20) {'found': True, 'lower': 19, 'exact': True, 'nodes': 41, 'seconds': 0.0004493109881877899, 'timed_out': False, 'backend': 'c-decide'}
      MIS |S|=27 greedyα=19 residual IS ≥ 19 (α(G)≥20) {'found': True, 'lower': 19, 'exact': True, 'nodes': 49, 'seconds': 0.0004584603011608124, 'timed_out': False, 'backend': 'c-decide'}
      MIS |S|=25 greedyα=19 residual IS ≥ 19 (α(G)≥20) {'found': True, 'lower': 19, 'exact': True, 'nodes': 29, 'seconds': 0.00045381486415863037, 'timed_out': False, 'backend': 'c-decide'}
  [5c] p=257 e=4 D0∪D3 pool=64 t=20
    walk 1/64 |S|=28 tri_free=True greedyα=24
    walk 2/64 |S|=30 tri_free=True greedyα=38
    walk 3/64 |S|=28 tri_free=True greedyα=19
    walk 4/64 |S|=28 tri_free=True greedyα=27
    walk 5/64 |S|=27 tri_free=True greedyα=21
    walk 6/64 |S|=26 tri_free=True greedyα=21
    walk 7/64 |S|=29 tri_free=True greedyα=27
    walk 8/64 |S|=27 tri_free=True greedyα=21
    walk 9/64 |S|=26 tri_free=True greedyα=27
    walk 10/64 |S|=29 tri_free=True greedyα=30
    walk 11/64 |S|=28 tri_free=True greedyα=22
    walk 12/64 |S|=28 tri_free=True greedyα=26
    walk 13/64 |S|=28 tri_free=True greedyα=28
    walk 14/64 |S|=27 tri_free=True greedyα=21
    walk 15/64 |S|=27 tri_free=True greedyα=17
    walk 16/64 |S|=27 tri_free=True greedyα=26
    walk 17/64 |S|=29 tri_free=True greedyα=23
    walk 18/64 |S|=27 tri_free=True greedyα=31
    walk 19/64 |S|=28 tri_free=True greedyα=22
    walk 20/64 |S|=29 tri_free=True greedyα=20
    walk 21/64 |S|=28 tri_free=True greedyα=25
    walk 22/64 |S|=30 tri_free=True greedyα=21
    walk 23/64 |S|=26 tri_free=True greedyα=25
    walk 24/64 |S|=28 tri_free=True greedyα=23
    walk 25/64 |S|=28 tri_free=True greedyα=25
    walk 26/64 |S|=29 tri_free=True greedyα=22
    walk 27/64 |S|=27 tri_free=True greedyα=28
    walk 28/64 |S|=29 tri_free=True greedyα=27
    walk 29/64 |S|=27 tri_free=True greedyα=27
    walk 30/64 |S|=32 tri_free=True greedyα=41
    walk 31/64 |S|=28 tri_free=True greedyα=19
    walk 32/64 |S|=25 tri_free=True greedyα=19
    walk 33/64 |S|=30 tri_free=True greedyα=33
    walk 34/64 |S|=26 tri_free=True greedyα=20
    walk 35/64 |S|=27 tri_free=True greedyα=18
    walk 36/64 |S|=29 tri_free=True greedyα=23
    walk 37/64 |S|=29 tri_free=True greedyα=31
    walk 38/64 |S|=29 tri_free=True greedyα=36
    walk 39/64 |S|=28 tri_free=True greedyα=29
    walk 40/64 |S|=24 tri_free=True greedyα=19
    walk 41/64 |S|=27 tri_free=True greedyα=28
    walk 42/64 |S|=28 tri_free=True greedyα=22
    walk 43/64 |S|=28 tri_free=True greedyα=26
    walk 44/64 |S|=26 tri_free=True greedyα=22
    walk 45/64 |S|=28 tri_free=True greedyα=25
    walk 46/64 |S|=27 tri_free=True greedyα=21
    walk 47/64 |S|=30 tri_free=True greedyα=29
    walk 48/64 |S|=28 tri_free=True greedyα=23
    walk 49/64 |S|=26 tri_free=True greedyα=17
    walk 50/64 |S|=28 tri_free=True greedyα=26
    walk 51/64 |S|=27 tri_free=True greedyα=23
    walk 52/64 |S|=27 tri_free=True greedyα=23
    walk 53/64 |S|=28 tri_free=True greedyα=19
    walk 54/64 |S|=30 tri_free=True greedyα=29
    walk 55/64 |S|=28 tri_free=True greedyα=22
    walk 56/64 |S|=28 tri_free=True greedyα=27
    walk 57/64 |S|=28 tri_free=True greedyα=24
    walk 58/64 |S|=26 tri_free=True greedyα=27
    walk 59/64 |S|=27 tri_free=True greedyα=29
    walk 60/64 |S|=27 tri_free=True greedyα=20
    walk 61/64 |S|=29 tri_free=True greedyα=19
    walk 62/64 |S|=30 tri_free=True greedyα=29
    walk 63/64 |S|=27 tri_free=True greedyα=21
    walk 64/64 |S|=27 tri_free=True greedyα=23
      MIS |S|=27 greedyα=17 residual IS ≥ 19 (α(G)≥20) {'found': True, 'lower': 19, 'exact': True, 'nodes': 21, 'seconds': 0.0005191713571548462, 'timed_out': False, 'backend': 'c-decide'}
      MIS |S|=26 greedyα=17 residual IS ≥ 19 (α(G)≥20) {'found': True, 'lower': 19, 'exact': True, 'nodes': 31, 'seconds': 0.00045417994260787964, 'timed_out': False, 'backend': 'c-decide'}
      MIS |S|=27 greedyα=18 residual IS ≥ 19 (α(G)≥20) {'found': True, 'lower': 19, 'exact': True, 'nodes': 36, 'seconds': 0.00046124309301376343, 'timed_out': False, 'backend': 'c-decide'}
      MIS |S|=29 greedyα=19 residual IS ≥ 19 (α(G)≥20) {'found': True, 'lower': 19, 'exact': True, 'nodes': 43, 'seconds': 0.00042076408863067627, 'timed_out': False, 'backend': 'c-decide'}
      MIS |S|=28 greedyα=19 residual IS ≥ 19 (α(G)≥20) {'found': True, 'lower': 19, 'exact': True, 'nodes': 29, 'seconds': 0.00042714178562164307, 'timed_out': False, 'backend': 'c-decide'}
      MIS |S|=28 greedyα=19 residual IS ≥ 19 (α(G)≥20) {'found': True, 'lower': 19, 'exact': True, 'nodes': 37, 'seconds': 0.0004575103521347046, 'timed_out': False, 'backend': 'c-decide'}
      MIS |S|=28 greedyα=19 residual IS ≥ 19 (α(G)≥20) {'found': True, 'lower': 19, 'exact': True, 'nodes': 19, 'seconds': 0.00044390931725502014, 'timed_out': False, 'backend': 'c-decide'}
      MIS |S|=25 greedyα=19 residual IS ≥ 19 (α(G)≥20) {'found': True, 'lower': 19, 'exact': True, 'nodes': 21, 'seconds': 0.00046218186616897583, 'timed_out': False, 'backend': 'c-decide'}
  [5c] p=257 e=4 D1∪D2 pool=64 t=20
    walk 1/64 |S|=27 tri_free=True greedyα=23
    walk 2/64 |S|=28 tri_free=True greedyα=21
    walk 3/64 |S|=27 tri_free=True greedyα=26
    walk 4/64 |S|=28 tri_free=True greedyα=21
    walk 5/64 |S|=32 tri_free=True greedyα=46
    walk 6/64 |S|=26 tri_free=True greedyα=25
    walk 7/64 |S|=29 tri_free=True greedyα=19
    walk 8/64 |S|=30 tri_free=True greedyα=19
    walk 9/64 |S|=26 tri_free=True greedyα=29
    walk 10/64 |S|=28 tri_free=True greedyα=31
    walk 11/64 |S|=28 tri_free=True greedyα=27
    walk 12/64 |S|=28 tri_free=True greedyα=27
    walk 13/64 |S|=33 tri_free=True greedyα=34
    walk 14/64 |S|=30 tri_free=True greedyα=36
    walk 15/64 |S|=28 tri_free=True greedyα=23
    walk 16/64 |S|=30 tri_free=True greedyα=20
    walk 17/64 |S|=27 tri_free=True greedyα=24
    walk 18/64 |S|=30 tri_free=True greedyα=36
    walk 19/64 |S|=30 tri_free=True greedyα=21
    walk 20/64 |S|=30 tri_free=True greedyα=34
    walk 21/64 |S|=29 tri_free=True greedyα=24
    walk 22/64 |S|=30 tri_free=True greedyα=24
    walk 23/64 |S|=27 tri_free=True greedyα=25
    walk 24/64 |S|=30 tri_free=True greedyα=37
    walk 25/64 |S|=29 tri_free=True greedyα=22
    walk 26/64 |S|=28 tri_free=True greedyα=17
    walk 27/64 |S|=29 tri_free=True greedyα=20
    walk 28/64 |S|=27 tri_free=True greedyα=33
    walk 29/64 |S|=25 tri_free=True greedyα=22
    walk 30/64 |S|=28 tri_free=True greedyα=37
    walk 31/64 |S|=27 tri_free=True greedyα=26
    walk 32/64 |S|=28 tri_free=True greedyα=32
    walk 33/64 |S|=27 tri_free=True greedyα=20
    walk 34/64 |S|=28 tri_free=True greedyα=21
    walk 35/64 |S|=27 tri_free=True greedyα=22
    walk 36/64 |S|=25 tri_free=True greedyα=22
    walk 37/64 |S|=26 tri_free=True greedyα=18
    walk 38/64 |S|=27 tri_free=True greedyα=22
    walk 39/64 |S|=27 tri_free=True greedyα=23
    walk 40/64 |S|=27 tri_free=True greedyα=18
    walk 41/64 |S|=26 tri_free=True greedyα=22
    walk 42/64 |S|=27 tri_free=True greedyα=22
    walk 43/64 |S|=28 tri_free=True greedyα=23
    walk 44/64 |S|=24 tri_free=True greedyα=23
    walk 45/64 |S|=27 tri_free=True greedyα=30
    walk 46/64 |S|=28 tri_free=True greedyα=19
    walk 47/64 |S|=29 tri_free=True greedyα=25
    walk 48/64 |S|=28 tri_free=True greedyα=18
    walk 49/64 |S|=28 tri_free=True greedyα=21
    walk 50/64 |S|=28 tri_free=True greedyα=20
    walk 51/64 |S|=26 tri_free=True greedyα=24
    walk 52/64 |S|=29 tri_free=True greedyα=31
    walk 53/64 |S|=27 tri_free=True greedyα=27
    walk 54/64 |S|=27 tri_free=True greedyα=26
    walk 55/64 |S|=28 tri_free=True greedyα=25
    walk 56/64 |S|=27 tri_free=True greedyα=30
    walk 57/64 |S|=28 tri_free=True greedyα=20
    walk 58/64 |S|=29 tri_free=True greedyα=29
    walk 59/64 |S|=27 tri_free=True greedyα=28
    walk 60/64 |S|=28 tri_free=True greedyα=20
    walk 61/64 |S|=31 tri_free=True greedyα=33
    walk 62/64 |S|=27 tri_free=True greedyα=26
    walk 63/64 |S|=27 tri_free=True greedyα=27
    walk 64/64 |S|=26 tri_free=True greedyα=25
      MIS |S|=28 greedyα=17 residual IS ≥ 19 (α(G)≥20) {'found': True, 'lower': 19, 'exact': True, 'nodes': 22, 'seconds': 0.0004870370030403137, 'timed_out': False, 'backend': 'c-decide'}
      MIS |S|=28 greedyα=18 residual IS ≥ 19 (α(G)≥20) {'found': True, 'lower': 19, 'exact': True, 'nodes': 36, 'seconds': 0.00045627355575561523, 'timed_out': False, 'backend': 'c-decide'}
      MIS |S|=27 greedyα=18 residual IS ≥ 19 (α(G)≥20) {'found': True, 'lower': 19, 'exact': True, 'nodes': 59, 'seconds': 0.0004525594413280487, 'timed_out': False, 'backend': 'c-decide'}
      MIS |S|=26 greedyα=18 residual IS ≥ 19 (α(G)≥20) {'found': True, 'lower': 19, 'exact': True, 'nodes': 51, 'seconds': 0.00042155012488365173, 'timed_out': False, 'backend': 'c-decide'}
      MIS |S|=30 greedyα=19 residual IS ≥ 19 (α(G)≥20) {'found': True, 'lower': 19, 'exact': True, 'nodes': 52, 'seconds': 0.0004093274474143982, 'timed_out': False, 'backend': 'c-decide'}
      MIS |S|=29 greedyα=19 residual IS ≥ 19 (α(G)≥20) {'found': True, 'lower': 19, 'exact': True, 'nodes': 50, 'seconds': 0.00044034793972969055, 'timed_out': False, 'backend': 'c-decide'}
      MIS |S|=28 greedyα=19 residual IS ≥ 19 (α(G)≥20) {'found': True, 'lower': 19, 'exact': True, 'nodes': 29, 'seconds': 0.000443778932094574, 'timed_out': False, 'backend': 'c-decide'}
  [5c] p=257 e=4 D1∪D3 pool=64 t=20
    walk 1/64 |S|=28 tri_free=True greedyα=21
    walk 2/64 |S|=30 tri_free=True greedyα=26
    walk 3/64 |S|=30 tri_free=True greedyα=37
    walk 4/64 |S|=25 tri_free=True greedyα=25
    walk 5/64 |S|=29 tri_free=True greedyα=24
    walk 6/64 |S|=28 tri_free=True greedyα=24
    walk 7/64 |S|=28 tri_free=True greedyα=25
    walk 8/64 |S|=29 tri_free=True greedyα=23
    walk 9/64 |S|=30 tri_free=True greedyα=28
    walk 10/64 |S|=29 tri_free=True greedyα=21
    walk 11/64 |S|=30 tri_free=True greedyα=26
    walk 12/64 |S|=29 tri_free=True greedyα=28
    walk 13/64 |S|=30 tri_free=True greedyα=23
    walk 14/64 |S|=26 tri_free=True greedyα=24
    walk 15/64 |S|=31 tri_free=True greedyα=39
    walk 16/64 |S|=29 tri_free=True greedyα=27
    walk 17/64 |S|=28 tri_free=True greedyα=27
    walk 18/64 |S|=36 tri_free=True greedyα=54
    walk 19/64 |S|=30 tri_free=True greedyα=26
    walk 20/64 |S|=27 tri_free=True greedyα=26
    walk 21/64 |S|=35 tri_free=True greedyα=46
    walk 22/64 |S|=28 tri_free=True greedyα=23
    walk 23/64 |S|=28 tri_free=True greedyα=28
    walk 24/64 |S|=26 tri_free=True greedyα=19
    walk 25/64 |S|=29 tri_free=True greedyα=23
    walk 26/64 |S|=28 tri_free=True greedyα=26
    walk 27/64 |S|=27 tri_free=True greedyα=20
    walk 28/64 |S|=27 tri_free=True greedyα=34
    walk 29/64 |S|=29 tri_free=True greedyα=23
    walk 30/64 |S|=30 tri_free=True greedyα=35
    walk 31/64 |S|=28 tri_free=True greedyα=25
    walk 32/64 |S|=30 tri_free=True greedyα=33
    walk 33/64 |S|=29 tri_free=True greedyα=24
    walk 34/64 |S|=30 tri_free=True greedyα=23
    walk 35/64 |S|=28 tri_free=True greedyα=30
    walk 36/64 |S|=30 tri_free=True greedyα=32
    walk 37/64 |S|=29 tri_free=True greedyα=31
    walk 38/64 |S|=29 tri_free=True greedyα=28
    walk 39/64 |S|=29 tri_free=True greedyα=26
    walk 40/64 |S|=32 tri_free=True greedyα=24
    walk 41/64 |S|=30 tri_free=True greedyα=34
    walk 42/64 |S|=28 tri_free=True greedyα=27
    walk 43/64 |S|=27 tri_free=True greedyα=22
    walk 44/64 |S|=34 tri_free=True greedyα=48
    walk 45/64 |S|=26 tri_free=True greedyα=22
    walk 46/64 |S|=29 tri_free=True greedyα=23
    walk 47/64 |S|=27 tri_free=True greedyα=27
    walk 48/64 |S|=29 tri_free=True greedyα=25
    walk 49/64 |S|=28 tri_free=True greedyα=26
    walk 50/64 |S|=29 tri_free=True greedyα=29
    walk 51/64 |S|=34 tri_free=True greedyα=47
    walk 52/64 |S|=27 tri_free=True greedyα=23
    walk 53/64 |S|=30 tri_free=True greedyα=26
    walk 54/64 |S|=27 tri_free=True greedyα=25
    walk 55/64 |S|=25 tri_free=True greedyα=22
    walk 56/64 |S|=25 tri_free=True greedyα=20
    walk 57/64 |S|=29 tri_free=True greedyα=21
    walk 58/64 |S|=27 tri_free=True greedyα=19
    walk 59/64 |S|=31 tri_free=True greedyα=30
    walk 60/64 |S|=27 tri_free=True greedyα=26
    walk 61/64 |S|=29 tri_free=True greedyα=35
    walk 62/64 |S|=25 tri_free=True greedyα=19
    walk 63/64 |S|=27 tri_free=True greedyα=17
    walk 64/64 |S|=28 tri_free=True greedyα=36
      MIS |S|=27 greedyα=17 residual IS ≥ 19 (α(G)≥20) {'found': True, 'lower': 19, 'exact': True, 'nodes': 21, 'seconds': 0.0005141720175743103, 'timed_out': False, 'backend': 'c-decide'}
      MIS |S|=27 greedyα=19 residual IS ≥ 19 (α(G)≥20) {'found': True, 'lower': 19, 'exact': True, 'nodes': 22, 'seconds': 0.0005247145891189575, 'timed_out': False, 'backend': 'c-decide'}
      MIS |S|=26 greedyα=19 residual IS ≥ 19 (α(G)≥20) {'found': True, 'lower': 19, 'exact': True, 'nodes': 51, 'seconds': 0.00046494603157043457, 'timed_out': False, 'backend': 'c-decide'}
      MIS |S|=25 greedyα=19 residual IS ≥ 19 (α(G)≥20) {'found': True, 'lower': 19, 'exact': True, 'nodes': 28, 'seconds': 0.0004631839692592621, 'timed_out': False, 'backend': 'c-decide'}
  [5c] p=257 e=4 D2∪D3 pool=64 t=20
    walk 1/64 |S|=29 tri_free=True greedyα=21
    walk 2/64 |S|=28 tri_free=True greedyα=22
    walk 3/64 |S|=29 tri_free=True greedyα=25
    walk 4/64 |S|=28 tri_free=True greedyα=28
    walk 5/64 |S|=27 tri_free=True greedyα=20
    walk 6/64 |S|=28 tri_free=True greedyα=22
    walk 7/64 |S|=32 tri_free=True greedyα=35
    walk 8/64 |S|=29 tri_free=True greedyα=24
    walk 9/64 |S|=28 tri_free=True greedyα=20
    walk 10/64 |S|=26 tri_free=True greedyα=21
    walk 11/64 |S|=28 tri_free=True greedyα=19
    walk 12/64 |S|=30 tri_free=True greedyα=49
    walk 13/64 |S|=29 tri_free=True greedyα=27
    walk 14/64 |S|=26 tri_free=True greedyα=23
    walk 15/64 |S|=30 tri_free=True greedyα=21
    walk 16/64 |S|=30 tri_free=True greedyα=29
    walk 17/64 |S|=26 tri_free=True greedyα=19
    walk 18/64 |S|=27 tri_free=True greedyα=27
    walk 19/64 |S|=29 tri_free=True greedyα=23
    walk 20/64 |S|=29 tri_free=True greedyα=25
    walk 21/64 |S|=31 tri_free=True greedyα=37
    walk 22/64 |S|=28 tri_free=True greedyα=30
    walk 23/64 |S|=28 tri_free=True greedyα=28
    walk 24/64 |S|=29 tri_free=True greedyα=30
    walk 25/64 |S|=28 tri_free=True greedyα=27
    walk 26/64 |S|=30 tri_free=True greedyα=23
    walk 27/64 |S|=31 tri_free=True greedyα=31
    walk 28/64 |S|=27 tri_free=True greedyα=19
    walk 29/64 |S|=29 tri_free=True greedyα=30
    walk 30/64 |S|=28 tri_free=True greedyα=22
    walk 31/64 |S|=27 tri_free=True greedyα=24
    walk 32/64 |S|=26 tri_free=True greedyα=25
    walk 33/64 |S|=27 tri_free=True greedyα=20
    walk 34/64 |S|=31 tri_free=True greedyα=29
    walk 35/64 |S|=25 tri_free=True greedyα=25
    walk 36/64 |S|=28 tri_free=True greedyα=34
    walk 37/64 |S|=28 tri_free=True greedyα=22
    walk 38/64 |S|=31 tri_free=True greedyα=32
    walk 39/64 |S|=25 tri_free=True greedyα=24
    walk 40/64 |S|=30 tri_free=True greedyα=28
    walk 41/64 |S|=27 tri_free=True greedyα=23
    walk 42/64 |S|=26 tri_free=True greedyα=20
    walk 43/64 |S|=25 tri_free=True greedyα=25
    walk 44/64 |S|=24 tri_free=True greedyα=27
    walk 45/64 |S|=27 tri_free=True greedyα=31
    walk 46/64 |S|=25 tri_free=True greedyα=23
    walk 47/64 |S|=29 tri_free=True greedyα=22
    walk 48/64 |S|=28 tri_free=True greedyα=29
    walk 49/64 |S|=28 tri_free=True greedyα=28
    walk 50/64 |S|=27 tri_free=True greedyα=32
    walk 51/64 |S|=29 tri_free=True greedyα=26
    walk 52/64 |S|=26 tri_free=True greedyα=21
    walk 53/64 |S|=27 tri_free=True greedyα=27
    walk 54/64 |S|=29 tri_free=True greedyα=19
    walk 55/64 |S|=27 tri_free=True greedyα=31
    walk 56/64 |S|=27 tri_free=True greedyα=23
    walk 57/64 |S|=28 tri_free=True greedyα=22
    walk 58/64 |S|=27 tri_free=True greedyα=22
    walk 59/64 |S|=28 tri_free=True greedyα=27
    walk 60/64 |S|=27 tri_free=True greedyα=21
    walk 61/64 |S|=29 tri_free=True greedyα=26
    walk 62/64 |S|=28 tri_free=True greedyα=26
    walk 63/64 |S|=29 tri_free=True greedyα=29
    walk 64/64 |S|=30 tri_free=True greedyα=27
      MIS |S|=29 greedyα=19 residual IS ≥ 19 (α(G)≥20) {'found': True, 'lower': 19, 'exact': True, 'nodes': 22, 'seconds': 0.000543251633644104, 'timed_out': False, 'backend': 'c-decide'}
      MIS |S|=28 greedyα=19 residual IS ≥ 19 (α(G)≥20) {'found': True, 'lower': 19, 'exact': True, 'nodes': 47, 'seconds': 0.00045304372906684875, 'timed_out': False, 'backend': 'c-decide'}
      MIS |S|=27 greedyα=19 residual IS ≥ 19 (α(G)≥20) {'found': True, 'lower': 19, 'exact': True, 'nodes': 29, 'seconds': 0.00038179755210876465, 'timed_out': False, 'backend': 'c-decide'}
      MIS |S|=26 greedyα=19 residual IS ≥ 19 (α(G)≥20) {'found': True, 'lower': 19, 'exact': True, 'nodes': 28, 'seconds': 0.0003717653453350067, 'timed_out': False, 'backend': 'c-decide'}
  [5c] p=257 e=8 D0∪D1 pool=32 t=20
    walk 1/64 |S|=20 tri_free=True greedyα=33
    walk 2/64 |S|=21 tri_free=True greedyα=40
    walk 3/64 |S|=18 tri_free=True greedyα=27
    walk 4/64 |S|=19 tri_free=True greedyα=37
    walk 5/64 |S|=20 tri_free=True greedyα=40
    walk 6/64 |S|=20 tri_free=True greedyα=29
    walk 7/64 |S|=18 tri_free=True greedyα=33
    walk 8/64 |S|=20 tri_free=True greedyα=28
    walk 9/64 |S|=20 tri_free=True greedyα=28
    walk 10/64 |S|=19 tri_free=True greedyα=22
    walk 11/64 |S|=20 tri_free=True greedyα=25
    walk 12/64 |S|=18 tri_free=True greedyα=27
    walk 13/64 |S|=18 tri_free=True greedyα=25
    walk 14/64 |S|=18 tri_free=True greedyα=30
    walk 15/64 |S|=19 tri_free=True greedyα=42
    walk 16/64 |S|=19 tri_free=True greedyα=24
    walk 17/64 |S|=18 tri_free=True greedyα=35
    walk 18/64 |S|=19 tri_free=True greedyα=34
    walk 19/64 |S|=17 tri_free=True greedyα=29
    walk 20/64 |S|=19 tri_free=True greedyα=23
    walk 21/64 |S|=18 tri_free=True greedyα=25
    walk 22/64 |S|=19 tri_free=True greedyα=28
    walk 23/64 |S|=19 tri_free=True greedyα=27
    walk 24/64 |S|=19 tri_free=True greedyα=23
    walk 25/64 |S|=20 tri_free=True greedyα=25
    walk 26/64 |S|=18 tri_free=True greedyα=30
    walk 27/64 |S|=19 tri_free=True greedyα=26
    walk 28/64 |S|=21 tri_free=True greedyα=44
    walk 29/64 |S|=19 tri_free=True greedyα=34
    walk 30/64 |S|=19 tri_free=True greedyα=26
    walk 31/64 |S|=19 tri_free=True greedyα=28
    walk 32/64 |S|=18 tri_free=True greedyα=31
    walk 33/64 |S|=17 tri_free=True greedyα=31
    walk 34/64 |S|=20 tri_free=True greedyα=25
    walk 35/64 |S|=19 tri_free=True greedyα=29
    walk 36/64 |S|=20 tri_free=True greedyα=29
    walk 37/64 |S|=18 tri_free=True greedyα=26
    walk 38/64 |S|=19 tri_free=True greedyα=31
    walk 39/64 |S|=18 tri_free=True greedyα=27
    walk 40/64 |S|=19 tri_free=True greedyα=34
    walk 41/64 |S|=20 tri_free=True greedyα=39
    walk 42/64 |S|=20 tri_free=True greedyα=24
    walk 43/64 |S|=18 tri_free=True greedyα=29
    walk 44/64 |S|=19 tri_free=True greedyα=29
    walk 45/64 |S|=19 tri_free=True greedyα=27
    walk 46/64 |S|=19 tri_free=True greedyα=31
    walk 47/64 |S|=19 tri_free=True greedyα=36
    walk 48/64 |S|=20 tri_free=True greedyα=25
    walk 49/64 |S|=19 tri_free=True greedyα=28
    walk 50/64 |S|=20 tri_free=True greedyα=41
    walk 51/64 |S|=19 tri_free=True greedyα=28
    walk 52/64 |S|=21 orbit-dup skip
    walk 53/64 |S|=20 tri_free=True greedyα=23
    walk 54/64 |S|=19 tri_free=True greedyα=30
    walk 55/64 |S|=19 tri_free=True greedyα=28
    walk 56/64 |S|=19 tri_free=True greedyα=30
    walk 57/64 |S|=20 tri_free=True greedyα=38
    walk 58/64 |S|=19 tri_free=True greedyα=25
    walk 59/64 |S|=20 orbit-dup skip
    walk 60/64 |S|=18 tri_free=True greedyα=38
    walk 61/64 |S|=20 tri_free=True greedyα=25
    walk 62/64 |S|=19 tri_free=True greedyα=43
    walk 63/64 |S|=20 tri_free=True greedyα=40
    walk 64/64 |S|=19 tri_free=True greedyα=23
  [5c] p=257 e=8 D0∪D2 pool=32 t=20
    walk 1/64 |S|=19 tri_free=True greedyα=29
    walk 2/64 |S|=20 tri_free=True greedyα=27
    walk 3/64 |S|=21 tri_free=True greedyα=26
    walk 4/64 |S|=20 tri_free=True greedyα=28
    walk 5/64 |S|=19 tri_free=True greedyα=33
    walk 6/64 |S|=20 tri_free=True greedyα=22
    walk 7/64 |S|=22 tri_free=True greedyα=41
    walk 8/64 |S|=20 tri_free=True greedyα=48
    walk 9/64 |S|=18 tri_free=True greedyα=25
    walk 10/64 |S|=20 tri_free=True greedyα=29
    walk 11/64 |S|=20 tri_free=True greedyα=25
    walk 12/64 |S|=19 tri_free=True greedyα=24
    walk 13/64 |S|=20 tri_free=True greedyα=29
    walk 14/64 |S|=22 tri_free=True greedyα=43
    walk 15/64 |S|=18 tri_free=True greedyα=26
    walk 16/64 |S|=20 tri_free=True greedyα=39
    walk 17/64 |S|=19 tri_free=True greedyα=26
    walk 18/64 |S|=20 tri_free=True greedyα=24
    walk 19/64 |S|=18 tri_free=True greedyα=23
    walk 20/64 |S|=20 tri_free=True greedyα=23
    walk 21/64 |S|=19 tri_free=True greedyα=25
    walk 22/64 |S|=20 tri_free=True greedyα=49
    walk 23/64 |S|=19 tri_free=True greedyα=34
    walk 24/64 |S|=22 tri_free=True greedyα=44
    walk 25/64 |S|=20 tri_free=True greedyα=29
    walk 26/64 |S|=22 orbit-dup skip
    walk 27/64 |S|=18 tri_free=True greedyα=29
    walk 28/64 |S|=20 tri_free=True greedyα=34
    walk 29/64 |S|=20 tri_free=True greedyα=27
    walk 30/64 |S|=20 tri_free=True greedyα=33
    walk 31/64 |S|=22 tri_free=True greedyα=35
    walk 32/64 |S|=21 tri_free=True greedyα=35
    walk 33/64 |S|=19 tri_free=True greedyα=26
    walk 34/64 |S|=20 tri_free=True greedyα=26
    walk 35/64 |S|=19 tri_free=True greedyα=28
    walk 36/64 |S|=20 tri_free=True greedyα=26
    walk 37/64 |S|=19 tri_free=True greedyα=27
    walk 38/64 |S|=20 tri_free=True greedyα=27
    walk 39/64 |S|=18 tri_free=True greedyα=29
    walk 40/64 |S|=20 tri_free=True greedyα=30
    walk 41/64 |S|=19 tri_free=True greedyα=23
    walk 42/64 |S|=19 tri_free=True greedyα=34
    walk 43/64 |S|=19 tri_free=True greedyα=22
    walk 44/64 |S|=19 tri_free=True greedyα=34
    walk 45/64 |S|=19 tri_free=True greedyα=26
    walk 46/64 |S|=19 tri_free=True greedyα=23
    walk 47/64 |S|=20 tri_free=True greedyα=28
    walk 48/64 |S|=19 tri_free=True greedyα=30
    walk 49/64 |S|=20 tri_free=True greedyα=25
    walk 50/64 |S|=20 orbit-dup skip
    walk 51/64 |S|=20 tri_free=True greedyα=23
    walk 52/64 |S|=19 tri_free=True greedyα=27
    walk 53/64 |S|=20 tri_free=True greedyα=23
    walk 54/64 |S|=20 tri_free=True greedyα=28
    walk 55/64 |S|=19 tri_free=True greedyα=28
    walk 56/64 |S|=21 tri_free=True greedyα=31
    walk 57/64 |S|=18 tri_free=True greedyα=25
    walk 58/64 |S|=19 tri_free=True greedyα=26
    walk 59/64 |S|=21 tri_free=True greedyα=28
    walk 60/64 |S|=20 tri_free=True greedyα=35
    walk 61/64 |S|=19 tri_free=True greedyα=28
    walk 62/64 |S|=20 tri_free=True greedyα=34
    walk 63/64 |S|=19 tri_free=True greedyα=26
    walk 64/64 |S|=20 tri_free=True greedyα=29
  [5c] p=257 e=8 D0∪D3 pool=32 t=20
    walk 1/64 |S|=20 tri_free=True greedyα=25
    walk 2/64 |S|=21 tri_free=True greedyα=27
    walk 3/64 |S|=21 tri_free=True greedyα=27
    walk 4/64 |S|=21 tri_free=True greedyα=33
    walk 5/64 |S|=20 tri_free=True greedyα=26
    walk 6/64 |S|=21 tri_free=True greedyα=27
    walk 7/64 |S|=18 tri_free=True greedyα=26
    walk 8/64 |S|=20 tri_free=True greedyα=29
    walk 9/64 |S|=22 tri_free=True greedyα=31
    walk 10/64 |S|=21 tri_free=True greedyα=26
    walk 11/64 |S|=19 tri_free=True greedyα=37
    walk 12/64 |S|=22 tri_free=True greedyα=27
    walk 13/64 |S|=20 tri_free=True greedyα=27
    walk 14/64 |S|=17 tri_free=True greedyα=25
    walk 15/64 |S|=21 tri_free=True greedyα=41
    walk 16/64 |S|=19 tri_free=True greedyα=30
    walk 17/64 |S|=21 tri_free=True greedyα=35
    walk 18/64 |S|=19 tri_free=True greedyα=26
    walk 19/64 |S|=22 tri_free=True greedyα=26
    walk 20/64 |S|=20 tri_free=True greedyα=22
    walk 21/64 |S|=20 tri_free=True greedyα=31
    walk 22/64 |S|=20 tri_free=True greedyα=25
    walk 23/64 |S|=20 tri_free=True greedyα=38
    walk 24/64 |S|=19 tri_free=True greedyα=34
    walk 25/64 |S|=21 tri_free=True greedyα=26
    walk 26/64 |S|=21 tri_free=True greedyα=35
    walk 27/64 |S|=22 tri_free=True greedyα=33
    walk 28/64 |S|=21 tri_free=True greedyα=26
    walk 29/64 |S|=21 tri_free=True greedyα=31
    walk 30/64 |S|=19 tri_free=True greedyα=23
    walk 31/64 |S|=20 tri_free=True greedyα=30
    walk 32/64 |S|=20 tri_free=True greedyα=37
    walk 33/64 |S|=20 tri_free=True greedyα=27
    walk 34/64 |S|=20 tri_free=True greedyα=26
    walk 35/64 |S|=19 tri_free=True greedyα=26
    walk 36/64 |S|=20 tri_free=True greedyα=24
    walk 37/64 |S|=20 tri_free=True greedyα=24
    walk 38/64 |S|=21 tri_free=True greedyα=38
    walk 39/64 |S|=22 tri_free=True greedyα=23
    walk 40/64 |S|=21 tri_free=True greedyα=32
    walk 41/64 |S|=22 tri_free=True greedyα=23
    walk 42/64 |S|=19 tri_free=True greedyα=28
    walk 43/64 |S|=22 tri_free=True greedyα=24
    walk 44/64 |S|=22 tri_free=True greedyα=24
    walk 45/64 |S|=20 tri_free=True greedyα=28
    walk 46/64 |S|=22 tri_free=True greedyα=35
    walk 47/64 |S|=22 tri_free=True greedyα=25
    walk 48/64 |S|=22 tri_free=True greedyα=23
    walk 49/64 |S|=19 tri_free=True greedyα=26
    walk 50/64 |S|=21 tri_free=True greedyα=29
    walk 51/64 |S|=22 tri_free=True greedyα=24
    walk 52/64 |S|=22 orbit-dup skip
    walk 53/64 |S|=20 tri_free=True greedyα=26
    walk 54/64 |S|=19 tri_free=True greedyα=29
    walk 55/64 |S|=21 tri_free=True greedyα=30
    walk 56/64 |S|=20 tri_free=True greedyα=24
    walk 57/64 |S|=20 tri_free=True greedyα=26
    walk 58/64 |S|=21 tri_free=True greedyα=46
    walk 59/64 |S|=20 tri_free=True greedyα=30
    walk 60/64 |S|=20 tri_free=True greedyα=35
    walk 61/64 |S|=19 tri_free=True greedyα=29
    walk 62/64 |S|=22 tri_free=True greedyα=25
    walk 63/64 |S|=20 tri_free=True greedyα=36
    walk 64/64 |S|=22 tri_free=True greedyα=23
  [5c] p=257 e=8 D0∪D4 pool=32 t=20
    walk 1/64 |S|=22 tri_free=True greedyα=23
    walk 2/64 |S|=23 tri_free=True greedyα=35
    walk 3/64 |S|=23 tri_free=True greedyα=23
    walk 4/64 |S|=23 tri_free=True greedyα=20
    walk 5/64 |S|=23 tri_free=True greedyα=21
    walk 6/64 |S|=23 tri_free=True greedyα=24
    walk 7/64 |S|=23 tri_free=True greedyα=26
    walk 8/64 |S|=22 tri_free=True greedyα=19
    walk 9/64 |S|=23 tri_free=True greedyα=25
    walk 10/64 |S|=23 tri_free=True greedyα=24
    walk 11/64 |S|=23 tri_free=True greedyα=22
    walk 12/64 |S|=24 tri_free=True greedyα=26
    walk 13/64 |S|=23 tri_free=True greedyα=23
    walk 14/64 |S|=22 tri_free=True greedyα=26
    walk 15/64 |S|=22 tri_free=True greedyα=24
    walk 16/64 |S|=22 tri_free=True greedyα=23
    walk 17/64 |S|=23 tri_free=True greedyα=21
    walk 18/64 |S|=22 tri_free=True greedyα=21
    walk 19/64 |S|=23 tri_free=True greedyα=27
    walk 20/64 |S|=23 tri_free=True greedyα=19
    walk 21/64 |S|=22 tri_free=True greedyα=22
    walk 22/64 |S|=23 tri_free=True greedyα=20
    walk 23/64 |S|=22 tri_free=True greedyα=26
    walk 24/64 |S|=22 tri_free=True greedyα=19
    walk 25/64 |S|=22 tri_free=True greedyα=26
    walk 26/64 |S|=24 tri_free=True greedyα=21
    walk 27/64 |S|=24 tri_free=True greedyα=27
    walk 28/64 |S|=23 tri_free=True greedyα=26
    walk 29/64 |S|=22 tri_free=True greedyα=25
    walk 30/64 |S|=23 tri_free=True greedyα=24
    walk 31/64 |S|=22 tri_free=True greedyα=23
    walk 32/64 |S|=22 tri_free=True greedyα=24
    walk 33/64 |S|=22 tri_free=True greedyα=20
    walk 34/64 |S|=24 tri_free=True greedyα=30
    walk 35/64 |S|=22 tri_free=True greedyα=20
    walk 36/64 |S|=23 tri_free=True greedyα=35
    walk 37/64 |S|=22 tri_free=True greedyα=19
    walk 38/64 |S|=23 tri_free=True greedyα=27
    walk 39/64 |S|=22 tri_free=True greedyα=25
    walk 40/64 |S|=23 tri_free=True greedyα=28
    walk 41/64 |S|=23 tri_free=True greedyα=28
    walk 42/64 |S|=23 tri_free=True greedyα=20
    walk 43/64 |S|=23 tri_free=True greedyα=26
    walk 44/64 |S|=23 tri_free=True greedyα=26
    walk 45/64 |S|=23 tri_free=True greedyα=27
    walk 46/64 |S|=23 tri_free=True greedyα=35
    walk 47/64 |S|=22 tri_free=True greedyα=33
    walk 48/64 |S|=24 tri_free=True greedyα=23
    walk 49/64 |S|=23 tri_free=True greedyα=28
    walk 50/64 |S|=23 tri_free=True greedyα=24
    walk 51/64 |S|=23 tri_free=True greedyα=36
    walk 52/64 |S|=23 orbit-dup skip
    walk 53/64 |S|=23 tri_free=True greedyα=33
    walk 54/64 |S|=24 tri_free=True greedyα=25
    walk 55/64 |S|=22 tri_free=True greedyα=28
    walk 56/64 |S|=23 tri_free=True greedyα=17
    walk 57/64 |S|=23 tri_free=True greedyα=24
    walk 58/64 |S|=23 tri_free=True greedyα=24
    walk 59/64 |S|=24 tri_free=True greedyα=33
    walk 60/64 |S|=24 tri_free=True greedyα=35
    walk 61/64 |S|=22 tri_free=True greedyα=39
    walk 62/64 |S|=23 orbit-dup skip
    walk 63/64 |S|=23 tri_free=True greedyα=26
    walk 64/64 |S|=23 tri_free=True greedyα=19
      MIS |S|=23 greedyα=17 residual IS ≥ 19 (α(G)≥20) {'found': True, 'lower': 19, 'exact': True, 'nodes': 21, 'seconds': 0.0005858242511749268, 'timed_out': False, 'backend': 'c-decide'}
      MIS |S|=23 greedyα=19 residual IS ≥ 19 (α(G)≥20) {'found': True, 'lower': 19, 'exact': True, 'nodes': 49, 'seconds': 0.0004742257297039032, 'timed_out': False, 'backend': 'c-decide'}
      MIS |S|=23 greedyα=19 residual IS ≥ 19 (α(G)≥20) {'found': True, 'lower': 19, 'exact': True, 'nodes': 33, 'seconds': 0.00037417560815811157, 'timed_out': False, 'backend': 'c-decide'}
      MIS |S|=22 greedyα=19 residual IS ≥ 19 (α(G)≥20) {'found': True, 'lower': 19, 'exact': True, 'nodes': 33, 'seconds': 0.0004581362009048462, 'timed_out': False, 'backend': 'c-decide'}
      MIS |S|=22 greedyα=19 residual IS ≥ 19 (α(G)≥20) {'found': True, 'lower': 19, 'exact': True, 'nodes': 51, 'seconds': 0.0004249401390552521, 'timed_out': False, 'backend': 'c-decide'}
      MIS |S|=22 greedyα=19 residual IS ≥ 19 (α(G)≥20) {'found': True, 'lower': 19, 'exact': True, 'nodes': 28, 'seconds': 0.0004584677517414093, 'timed_out': False, 'backend': 'c-decide'}
  [5c] p=257 e=8 D0∪D5 pool=32 t=20
    walk 1/64 |S|=21 tri_free=True greedyα=35
    walk 2/64 |S|=19 tri_free=True greedyα=25
    walk 3/64 |S|=19 tri_free=True greedyα=26
    walk 4/64 |S|=21 tri_free=True greedyα=26
    walk 5/64 |S|=21 tri_free=True greedyα=33
    walk 6/64 |S|=21 tri_free=True greedyα=29
    walk 7/64 |S|=21 tri_free=True greedyα=26
    walk 8/64 |S|=20 tri_free=True greedyα=22
    walk 9/64 |S|=20 tri_free=True greedyα=28
    walk 10/64 |S|=19 tri_free=True greedyα=26
    walk 11/64 |S|=19 tri_free=True greedyα=22
    walk 12/64 |S|=19 tri_free=True greedyα=32
    walk 13/64 |S|=20 tri_free=True greedyα=26
    walk 14/64 |S|=19 tri_free=True greedyα=26
    walk 15/64 |S|=21 tri_free=True greedyα=24
    walk 16/64 |S|=20 tri_free=True greedyα=29
    walk 17/64 |S|=20 tri_free=True greedyα=31
    walk 18/64 |S|=21 tri_free=True greedyα=28
    walk 19/64 |S|=21 tri_free=True greedyα=27
    walk 20/64 |S|=22 tri_free=True greedyα=23
    walk 21/64 |S|=20 tri_free=True greedyα=23
    walk 22/64 |S|=19 tri_free=True greedyα=33
    walk 23/64 |S|=19 tri_free=True greedyα=32
    walk 24/64 |S|=21 tri_free=True greedyα=29
    walk 25/64 |S|=19 tri_free=True greedyα=29
    walk 26/64 |S|=20 tri_free=True greedyα=29
    walk 27/64 |S|=19 tri_free=True greedyα=31
    walk 28/64 |S|=19 tri_free=True greedyα=27
    walk 29/64 |S|=19 tri_free=True greedyα=26
    walk 30/64 |S|=20 tri_free=True greedyα=27
    walk 31/64 |S|=22 tri_free=True greedyα=27
    walk 32/64 |S|=20 tri_free=True greedyα=29
    walk 33/64 |S|=22 tri_free=True greedyα=24
    walk 34/64 |S|=19 tri_free=True greedyα=29
    walk 35/64 |S|=20 tri_free=True greedyα=24
    walk 36/64 |S|=22 tri_free=True greedyα=23
    walk 37/64 |S|=20 tri_free=True greedyα=27
    walk 38/64 |S|=19 tri_free=True greedyα=29
    walk 39/64 |S|=20 tri_free=True greedyα=28
    walk 40/64 |S|=20 tri_free=True greedyα=36
    walk 41/64 |S|=20 tri_free=True greedyα=25
    walk 42/64 |S|=21 tri_free=True greedyα=39
    walk 43/64 |S|=21 orbit-dup skip
    walk 44/64 |S|=21 tri_free=True greedyα=26
    walk 45/64 |S|=20 tri_free=True greedyα=27
    walk 46/64 |S|=20 tri_free=True greedyα=27
    walk 47/64 |S|=20 tri_free=True greedyα=28
    walk 48/64 |S|=21 tri_free=True greedyα=30
    walk 49/64 |S|=21 tri_free=True greedyα=30
    walk 50/64 |S|=20 tri_free=True greedyα=25
    walk 51/64 |S|=22 orbit-dup skip
    walk 52/64 |S|=20 tri_free=True greedyα=27
    walk 53/64 |S|=20 tri_free=True greedyα=27
    walk 54/64 |S|=18 tri_free=True greedyα=27
    walk 55/64 |S|=21 tri_free=True greedyα=30
    walk 56/64 |S|=21 tri_free=True greedyα=26
    walk 57/64 |S|=21 tri_free=True greedyα=24
    walk 58/64 |S|=21 tri_free=True greedyα=30
    walk 59/64 |S|=20 tri_free=True greedyα=26
    walk 60/64 |S|=19 tri_free=True greedyα=24
    walk 61/64 |S|=18 tri_free=True greedyα=29
    walk 62/64 |S|=20 tri_free=True greedyα=25
    walk 63/64 |S|=21 tri_free=True greedyα=29
    walk 64/64 |S|=19 tri_free=True greedyα=30
  [5c] p=257 e=8 D0∪D6 pool=32 t=20
    walk 1/64 |S|=20 tri_free=True greedyα=29
    walk 2/64 |S|=18 tri_free=True greedyα=30
    walk 3/64 |S|=20 tri_free=True greedyα=30
    walk 4/64 |S|=19 tri_free=True greedyα=26
    walk 5/64 |S|=20 tri_free=True greedyα=28
    walk 6/64 |S|=18 tri_free=True greedyα=27
    walk 7/64 |S|=18 tri_free=True greedyα=30
    walk 8/64 |S|=20 tri_free=True greedyα=26
    walk 9/64 |S|=20 tri_free=True greedyα=33
    walk 10/64 |S|=18 tri_free=True greedyα=23
    walk 11/64 |S|=18 tri_free=True greedyα=28
    walk 12/64 |S|=21 tri_free=True greedyα=28
    walk 13/64 |S|=22 tri_free=True greedyα=45
    walk 14/64 |S|=22 tri_free=True greedyα=32
    walk 15/64 |S|=22 tri_free=True greedyα=44
    walk 16/64 |S|=22 orbit-dup skip
    walk 17/64 |S|=20 tri_free=True greedyα=29
    walk 18/64 |S|=20 tri_free=True greedyα=28
    walk 19/64 |S|=18 tri_free=True greedyα=30
    walk 20/64 |S|=19 tri_free=True greedyα=25
    walk 21/64 |S|=20 tri_free=True greedyα=24
    walk 22/64 |S|=19 tri_free=True greedyα=24
    walk 23/64 |S|=18 tri_free=True greedyα=31
    walk 24/64 |S|=20 tri_free=True greedyα=36
    walk 25/64 |S|=20 orbit-dup skip
    walk 26/64 |S|=19 tri_free=True greedyα=34
    walk 27/64 |S|=20 tri_free=True greedyα=30
    walk 28/64 |S|=22 tri_free=True greedyα=43
    walk 29/64 |S|=20 tri_free=True greedyα=30
    walk 30/64 |S|=20 tri_free=True greedyα=24
    walk 31/64 |S|=19 tri_free=True greedyα=22
    walk 32/64 |S|=19 tri_free=True greedyα=25
    walk 33/64 |S|=19 tri_free=True greedyα=27
    walk 34/64 |S|=19 tri_free=True greedyα=25
    walk 35/64 |S|=18 tri_free=True greedyα=29
    walk 36/64 |S|=19 tri_free=True greedyα=25
    walk 37/64 |S|=20 tri_free=True greedyα=23
    walk 38/64 |S|=22 orbit-dup skip
    walk 39/64 |S|=20 tri_free=True greedyα=26
    walk 40/64 |S|=20 tri_free=True greedyα=30
    walk 41/64 |S|=22 orbit-dup skip
    walk 42/64 |S|=20 tri_free=True greedyα=26
    walk 43/64 |S|=19 tri_free=True greedyα=26
    walk 44/64 |S|=19 tri_free=True greedyα=29
    walk 45/64 |S|=19 tri_free=True greedyα=25
    walk 46/64 |S|=20 tri_free=True greedyα=27
    walk 47/64 |S|=22 orbit-dup skip
    walk 48/64 |S|=21 tri_free=True greedyα=28
    walk 49/64 |S|=19 tri_free=True greedyα=24
    walk 50/64 |S|=22 tri_free=True greedyα=31
    walk 51/64 |S|=19 tri_free=True greedyα=35
    walk 52/64 |S|=19 tri_free=True greedyα=27
    walk 53/64 |S|=19 tri_free=True greedyα=24
    walk 54/64 |S|=21 tri_free=True greedyα=25
    walk 55/64 |S|=20 tri_free=True greedyα=25
    walk 56/64 |S|=22 tri_free=True greedyα=35
    walk 57/64 |S|=18 tri_free=True greedyα=26
    walk 58/64 |S|=20 tri_free=True greedyα=24
    walk 59/64 |S|=22 tri_free=True greedyα=36
    walk 60/64 |S|=22 orbit-dup skip
    walk 61/64 |S|=20 tri_free=True greedyα=46
    walk 62/64 |S|=19 tri_free=True greedyα=30
    walk 63/64 |S|=20 tri_free=True greedyα=25
    walk 64/64 |S|=19 tri_free=True greedyα=26
  [5c] p=257 e=8 D0∪D7 pool=32 t=20
    walk 1/64 |S|=20 tri_free=True greedyα=27
    walk 2/64 |S|=20 tri_free=True greedyα=35
    walk 3/64 |S|=19 tri_free=True greedyα=27
    walk 4/64 |S|=19 tri_free=True greedyα=38
    walk 5/64 |S|=19 tri_free=True greedyα=26
    walk 6/64 |S|=19 tri_free=True greedyα=29
    walk 7/64 |S|=19 tri_free=True greedyα=35
    walk 8/64 |S|=19 tri_free=True greedyα=29
    walk 9/64 |S|=20 tri_free=True greedyα=28
    walk 10/64 |S|=19 tri_free=True greedyα=25
    walk 11/64 |S|=19 orbit-dup skip
    walk 12/64 |S|=19 tri_free=True greedyα=25
    walk 13/64 |S|=20 tri_free=True greedyα=39
    walk 14/64 |S|=18 tri_free=True greedyα=33
    walk 15/64 |S|=20 tri_free=True greedyα=27
    walk 16/64 |S|=19 tri_free=True greedyα=26
    walk 17/64 |S|=18 tri_free=True greedyα=34
    walk 18/64 |S|=21 tri_free=True greedyα=46
    walk 19/64 |S|=20 tri_free=True greedyα=40
    walk 20/64 |S|=19 tri_free=True greedyα=25
    walk 21/64 |S|=18 tri_free=True greedyα=23
    walk 22/64 |S|=18 tri_free=True greedyα=27
    walk 23/64 |S|=20 tri_free=True greedyα=44
    walk 24/64 |S|=20 tri_free=True greedyα=41
    walk 25/64 |S|=19 tri_free=True greedyα=25
    walk 26/64 |S|=19 tri_free=True greedyα=33
    walk 27/64 |S|=19 tri_free=True greedyα=28
    walk 28/64 |S|=19 tri_free=True greedyα=29
    walk 29/64 |S|=20 tri_free=True greedyα=32
    walk 30/64 |S|=20 tri_free=True greedyα=42
    walk 31/64 |S|=19 tri_free=True greedyα=31
    walk 32/64 |S|=18 tri_free=True greedyα=32
    walk 33/64 |S|=20 tri_free=True greedyα=25
    walk 34/64 |S|=18 tri_free=True greedyα=27
    walk 35/64 |S|=19 tri_free=True greedyα=32
    walk 36/64 |S|=21 tri_free=True greedyα=40
    walk 37/64 |S|=19 tri_free=True greedyα=27
    walk 38/64 |S|=18 tri_free=True greedyα=31
    walk 39/64 |S|=19 tri_free=True greedyα=24
    walk 40/64 |S|=19 tri_free=True greedyα=28
    walk 41/64 |S|=17 tri_free=True greedyα=28
    walk 42/64 |S|=19 tri_free=True greedyα=26
    walk 43/64 |S|=18 tri_free=True greedyα=26
    walk 44/64 |S|=19 tri_free=True greedyα=27
    walk 45/64 |S|=20 tri_free=True greedyα=30
    walk 46/64 |S|=19 tri_free=True greedyα=31
    walk 47/64 |S|=18 tri_free=True greedyα=31
    walk 48/64 |S|=20 tri_free=True greedyα=37
    walk 49/64 |S|=19 tri_free=True greedyα=30
    walk 50/64 |S|=19 tri_free=True greedyα=26
    walk 51/64 |S|=19 tri_free=True greedyα=25
    walk 52/64 |S|=18 tri_free=True greedyα=38
    walk 53/64 |S|=19 tri_free=True greedyα=27
    walk 54/64 |S|=20 tri_free=True greedyα=26
    walk 55/64 |S|=18 tri_free=True greedyα=26
    walk 56/64 |S|=18 tri_free=True greedyα=28
    walk 57/64 |S|=19 tri_free=True greedyα=26
    walk 58/64 |S|=20 tri_free=True greedyα=30
    walk 59/64 |S|=18 tri_free=True greedyα=25
    walk 60/64 |S|=20 tri_free=True greedyα=41
    walk 61/64 |S|=20 tri_free=True greedyα=30
    walk 62/64 |S|=20 tri_free=True greedyα=35
    walk 63/64 |S|=19 tri_free=True greedyα=25
    walk 64/64 |S|=19 tri_free=True greedyα=30
  [5c] p=257 e=8 D1∪D2 pool=32 t=20
    walk 1/64 |S|=19 tri_free=True greedyα=26
    walk 2/64 |S|=19 tri_free=True greedyα=27
    walk 3/64 |S|=19 tri_free=True greedyα=29
    walk 4/64 |S|=19 tri_free=True greedyα=23
    walk 5/64 |S|=19 tri_free=True greedyα=26
    walk 6/64 |S|=19 tri_free=True greedyα=27
    walk 7/64 |S|=18 tri_free=True greedyα=29
    walk 8/64 |S|=18 tri_free=True greedyα=33
    walk 9/64 |S|=18 tri_free=True greedyα=28
    walk 10/64 |S|=20 tri_free=True greedyα=25
    walk 11/64 |S|=18 tri_free=True greedyα=31
    walk 12/64 |S|=19 tri_free=True greedyα=26
    walk 13/64 |S|=19 tri_free=True greedyα=31
    walk 14/64 |S|=17 tri_free=True greedyα=29
    walk 15/64 |S|=19 tri_free=True greedyα=26
    walk 16/64 |S|=20 tri_free=True greedyα=28
    walk 17/64 |S|=19 tri_free=True greedyα=30
    walk 18/64 |S|=19 tri_free=True greedyα=28
    walk 19/64 |S|=20 tri_free=True greedyα=25
    walk 20/64 |S|=19 tri_free=True greedyα=32
    walk 21/64 |S|=19 tri_free=True greedyα=27
    walk 22/64 |S|=19 tri_free=True greedyα=29
    walk 23/64 |S|=17 tri_free=True greedyα=26
    walk 24/64 |S|=20 tri_free=True greedyα=40
    walk 25/64 |S|=19 tri_free=True greedyα=27
    walk 26/64 |S|=19 tri_free=True greedyα=28
    walk 27/64 |S|=18 tri_free=True greedyα=31
    walk 28/64 |S|=20 tri_free=True greedyα=29
    walk 29/64 |S|=20 tri_free=True greedyα=35
    walk 30/64 |S|=20 tri_free=True greedyα=27
    walk 31/64 |S|=20 tri_free=True greedyα=22
    walk 32/64 |S|=19 tri_free=True greedyα=30
    walk 33/64 |S|=19 tri_free=True greedyα=30
    walk 34/64 |S|=19 tri_free=True greedyα=26
    walk 35/64 |S|=20 tri_free=True greedyα=26
    walk 36/64 |S|=20 tri_free=True greedyα=41
    walk 37/64 |S|=18 tri_free=True greedyα=36
    walk 38/64 |S|=20 tri_free=True greedyα=28
    walk 39/64 |S|=19 tri_free=True greedyα=36
    walk 40/64 |S|=19 tri_free=True greedyα=29
    walk 41/64 |S|=19 tri_free=True greedyα=26
    walk 42/64 |S|=18 tri_free=True greedyα=27
    walk 43/64 |S|=20 tri_free=True greedyα=38
    walk 44/64 |S|=19 tri_free=True greedyα=27
    walk 45/64 |S|=19 tri_free=True greedyα=25
    walk 46/64 |S|=19 tri_free=True greedyα=26
    walk 47/64 |S|=19 tri_free=True greedyα=30
    walk 48/64 |S|=18 tri_free=True greedyα=24
    walk 49/64 |S|=19 tri_free=True greedyα=31
    walk 50/64 |S|=18 tri_free=True greedyα=28
    walk 51/64 |S|=19 tri_free=True greedyα=30
    walk 52/64 |S|=17 tri_free=True greedyα=31
    walk 53/64 |S|=19 tri_free=True greedyα=32
    walk 54/64 |S|=19 tri_free=True greedyα=31
    walk 55/64 |S|=18 tri_free=True greedyα=27
    walk 56/64 |S|=19 tri_free=True greedyα=25
    walk 57/64 |S|=19 tri_free=True greedyα=25
    walk 58/64 |S|=20 tri_free=True greedyα=43
    walk 59/64 |S|=21 tri_free=True greedyα=46
    walk 60/64 |S|=20 tri_free=True greedyα=29
    walk 61/64 |S|=20 tri_free=True greedyα=32
    walk 62/64 |S|=20 tri_free=True greedyα=36
    walk 63/64 |S|=18 tri_free=True greedyα=32
    walk 64/64 |S|=19 tri_free=True greedyα=28
  [5c] p=257 e=8 D1∪D3 pool=32 t=20
    walk 1/64 |S|=22 tri_free=True greedyα=45
    walk 2/64 |S|=19 tri_free=True greedyα=31
    walk 3/64 |S|=19 tri_free=True greedyα=30
    walk 4/64 |S|=19 tri_free=True greedyα=24
    walk 5/64 |S|=20 tri_free=True greedyα=24
    walk 6/64 |S|=20 tri_free=True greedyα=25
    walk 7/64 |S|=19 tri_free=True greedyα=29
    walk 8/64 |S|=21 tri_free=True greedyα=24
    walk 9/64 |S|=20 tri_free=True greedyα=22
    walk 10/64 |S|=18 tri_free=True greedyα=29
    walk 11/64 |S|=22 tri_free=True greedyα=44
    walk 12/64 |S|=20 tri_free=True greedyα=22
    walk 13/64 |S|=18 tri_free=True greedyα=28
    walk 14/64 |S|=20 tri_free=True greedyα=27
    walk 15/64 |S|=19 tri_free=True greedyα=25
    walk 16/64 |S|=20 tri_free=True greedyα=24
    walk 17/64 |S|=21 tri_free=True greedyα=23
    walk 18/64 |S|=20 tri_free=True greedyα=29
    walk 19/64 |S|=21 tri_free=True greedyα=24
    walk 20/64 |S|=17 tri_free=True greedyα=34
    walk 21/64 |S|=18 tri_free=True greedyα=26
    walk 22/64 |S|=18 tri_free=True greedyα=30
    walk 23/64 |S|=20 tri_free=True greedyα=27
    walk 24/64 |S|=19 tri_free=True greedyα=27
    walk 25/64 |S|=18 tri_free=True greedyα=25
    walk 26/64 |S|=21 tri_free=True greedyα=25
    walk 27/64 |S|=19 tri_free=True greedyα=29
    walk 28/64 |S|=19 tri_free=True greedyα=38
    walk 29/64 |S|=18 tri_free=True greedyα=26
    walk 30/64 |S|=20 tri_free=True greedyα=25
    walk 31/64 |S|=18 tri_free=True greedyα=27
    walk 32/64 |S|=20 tri_free=True greedyα=35
    walk 33/64 |S|=21 tri_free=True greedyα=39
    walk 34/64 |S|=20 tri_free=True greedyα=26
    walk 35/64 |S|=21 tri_free=True greedyα=26
    walk 36/64 |S|=19 tri_free=True greedyα=36
    walk 37/64 |S|=19 tri_free=True greedyα=27
    walk 38/64 |S|=20 tri_free=True greedyα=30
    walk 39/64 |S|=21 tri_free=True greedyα=24
    walk 40/64 |S|=19 tri_free=True greedyα=26
    walk 41/64 |S|=18 tri_free=True greedyα=23
    walk 42/64 |S|=18 tri_free=True greedyα=30
    walk 43/64 |S|=20 tri_free=True greedyα=24
    walk 44/64 |S|=21 tri_free=True greedyα=26
    walk 45/64 |S|=20 tri_free=True greedyα=28
    walk 46/64 |S|=20 tri_free=True greedyα=26
    walk 47/64 |S|=20 tri_free=True greedyα=26
    walk 48/64 |S|=18 tri_free=True greedyα=23
    walk 49/64 |S|=19 tri_free=True greedyα=32
    walk 50/64 |S|=21 tri_free=True greedyα=23
    walk 51/64 |S|=22 tri_free=True greedyα=37
    walk 52/64 |S|=20 tri_free=True greedyα=27
    walk 53/64 |S|=20 tri_free=True greedyα=33
    walk 54/64 |S|=18 tri_free=True greedyα=22
    walk 55/64 |S|=20 tri_free=True greedyα=56
    walk 56/64 |S|=19 tri_free=True greedyα=25
    walk 57/64 |S|=21 tri_free=True greedyα=23
    walk 58/64 |S|=20 tri_free=True greedyα=27
    walk 59/64 |S|=19 tri_free=True greedyα=25
    walk 60/64 |S|=21 orbit-dup skip
    walk 61/64 |S|=20 tri_free=True greedyα=27
    walk 62/64 |S|=20 tri_free=True greedyα=28
    walk 63/64 |S|=20 tri_free=True greedyα=30
    walk 64/64 |S|=17 tri_free=True greedyα=35
  [5c] p=257 e=8 D1∪D4 pool=32 t=20
    walk 1/64 |S|=19 tri_free=True greedyα=29
    walk 2/64 |S|=20 tri_free=True greedyα=28
    walk 3/64 |S|=22 tri_free=True greedyα=24
    walk 4/64 |S|=20 tri_free=True greedyα=25
    walk 5/64 |S|=22 tri_free=True greedyα=24
    walk 6/64 |S|=21 tri_free=True greedyα=26
    walk 7/64 |S|=21 tri_free=True greedyα=24
    walk 8/64 |S|=20 tri_free=True greedyα=25
    walk 9/64 |S|=21 tri_free=True greedyα=26
    walk 10/64 |S|=21 tri_free=True greedyα=31
    walk 11/64 |S|=20 tri_free=True greedyα=27
    walk 12/64 |S|=20 tri_free=True greedyα=23
    walk 13/64 |S|=20 tri_free=True greedyα=25
    walk 14/64 |S|=21 tri_free=True greedyα=28
    walk 15/64 |S|=20 tri_free=True greedyα=28
    walk 16/64 |S|=20 tri_free=True greedyα=29
    walk 17/64 |S|=21 tri_free=True greedyα=30
    walk 18/64 |S|=21 tri_free=True greedyα=35
    walk 19/64 |S|=22 tri_free=True greedyα=31
    walk 20/64 |S|=19 tri_free=True greedyα=31
    walk 21/64 |S|=22 tri_free=True greedyα=24
    walk 22/64 |S|=20 tri_free=True greedyα=28
    walk 23/64 |S|=21 tri_free=True greedyα=23
    walk 24/64 |S|=19 tri_free=True greedyα=28
    walk 25/64 |S|=19 tri_free=True greedyα=24
    walk 26/64 |S|=21 tri_free=True greedyα=27
    walk 27/64 |S|=19 tri_free=True greedyα=27
    walk 28/64 |S|=20 tri_free=True greedyα=54
    walk 29/64 |S|=20 tri_free=True greedyα=22
    walk 30/64 |S|=21 tri_free=True greedyα=28
    walk 31/64 |S|=20 tri_free=True greedyα=32
    walk 32/64 |S|=20 tri_free=True greedyα=28
    walk 33/64 |S|=19 tri_free=True greedyα=30
    walk 34/64 |S|=20 tri_free=True greedyα=30
    walk 35/64 |S|=20 tri_free=True greedyα=33
    walk 36/64 |S|=22 orbit-dup skip
    walk 37/64 |S|=21 tri_free=True greedyα=31
    walk 38/64 |S|=20 tri_free=True greedyα=50
    walk 39/64 |S|=20 tri_free=True greedyα=28
    walk 40/64 |S|=19 tri_free=True greedyα=31
    walk 41/64 |S|=20 tri_free=True greedyα=24
    walk 42/64 |S|=21 tri_free=True greedyα=25
    walk 43/64 |S|=20 tri_free=True greedyα=25
    walk 44/64 |S|=21 tri_free=True greedyα=31
    walk 45/64 |S|=21 tri_free=True greedyα=27
    walk 46/64 |S|=22 tri_free=True greedyα=23
    walk 47/64 |S|=20 tri_free=True greedyα=27
    walk 48/64 |S|=20 tri_free=True greedyα=25
    walk 49/64 |S|=21 tri_free=True greedyα=46
    walk 50/64 |S|=18 tri_free=True greedyα=27
    walk 51/64 |S|=21 orbit-dup skip
    walk 52/64 |S|=20 tri_free=True greedyα=29
    walk 53/64 |S|=20 tri_free=True greedyα=27
    walk 54/64 |S|=20 tri_free=True greedyα=26
    walk 55/64 |S|=21 tri_free=True greedyα=34
    walk 56/64 |S|=20 tri_free=True greedyα=27
    walk 57/64 |S|=20 tri_free=True greedyα=28
    walk 58/64 |S|=21 tri_free=True greedyα=42
    walk 59/64 |S|=18 tri_free=True greedyα=29
    walk 60/64 |S|=20 tri_free=True greedyα=25
    walk 61/64 |S|=20 tri_free=True greedyα=29
    walk 62/64 |S|=21 tri_free=True greedyα=33
    walk 63/64 |S|=20 tri_free=True greedyα=26
    walk 64/64 |S|=19 tri_free=True greedyα=25
  [5c] p=257 e=8 D1∪D5 pool=32 t=20
    walk 1/64 |S|=22 tri_free=True greedyα=26
    walk 2/64 |S|=24 tri_free=True greedyα=23
    walk 3/64 |S|=24 tri_free=True greedyα=25
    walk 4/64 |S|=22 tri_free=True greedyα=27
    walk 5/64 |S|=23 tri_free=True greedyα=24
    walk 6/64 |S|=24 tri_free=True greedyα=26
    walk 7/64 |S|=23 tri_free=True greedyα=23
    walk 8/64 |S|=23 tri_free=True greedyα=21
    walk 9/64 |S|=23 tri_free=True greedyα=33
    walk 10/64 |S|=24 tri_free=True greedyα=20
    walk 11/64 |S|=24 tri_free=True greedyα=24
    walk 12/64 |S|=24 tri_free=True greedyα=27
    walk 13/64 |S|=24 tri_free=True greedyα=25
    walk 14/64 |S|=23 tri_free=True greedyα=18
    walk 15/64 |S|=23 tri_free=True greedyα=28
    walk 16/64 |S|=24 tri_free=True greedyα=24
    walk 17/64 |S|=22 tri_free=True greedyα=20
    walk 18/64 |S|=23 tri_free=True greedyα=32
    walk 19/64 |S|=24 orbit-dup skip
    walk 20/64 |S|=23 tri_free=True greedyα=25
    walk 21/64 |S|=24 orbit-dup skip
    walk 22/64 |S|=23 tri_free=True greedyα=25
    walk 23/64 |S|=24 tri_free=True greedyα=27
    walk 24/64 |S|=22 tri_free=True greedyα=23
    walk 25/64 |S|=23 tri_free=True greedyα=24
    walk 26/64 |S|=22 tri_free=True greedyα=25
    walk 27/64 |S|=23 tri_free=True greedyα=21
    walk 28/64 |S|=23 tri_free=True greedyα=20
    walk 29/64 |S|=24 tri_free=True greedyα=27
    walk 30/64 |S|=24 tri_free=True greedyα=23
    walk 31/64 |S|=23 tri_free=True greedyα=27
    walk 32/64 |S|=24 tri_free=True greedyα=23
    walk 33/64 |S|=24 orbit-dup skip
    walk 34/64 |S|=23 tri_free=True greedyα=22
    walk 35/64 |S|=23 tri_free=True greedyα=26
    walk 36/64 |S|=23 tri_free=True greedyα=33
    walk 37/64 |S|=23 tri_free=True greedyα=23
    walk 38/64 |S|=22 tri_free=True greedyα=28
    walk 39/64 |S|=23 tri_free=True greedyα=29
    walk 40/64 |S|=24 orbit-dup skip
    walk 41/64 |S|=23 tri_free=True greedyα=24
    walk 42/64 |S|=23 tri_free=True greedyα=36
    walk 43/64 |S|=24 tri_free=True greedyα=26
    walk 44/64 |S|=23 tri_free=True greedyα=21
    walk 45/64 |S|=23 tri_free=True greedyα=33
    walk 46/64 |S|=24 orbit-dup skip
    walk 47/64 |S|=24 tri_free=True greedyα=34
    walk 48/64 |S|=23 tri_free=True greedyα=27
    walk 49/64 |S|=24 tri_free=True greedyα=27
    walk 50/64 |S|=23 tri_free=True greedyα=26
    walk 51/64 |S|=22 tri_free=True greedyα=22
    walk 52/64 |S|=23 tri_free=True greedyα=23
    walk 53/64 |S|=24 orbit-dup skip
    walk 54/64 |S|=24 tri_free=True greedyα=30
    walk 55/64 |S|=23 tri_free=True greedyα=24
    walk 56/64 |S|=24 orbit-dup skip
    walk 57/64 |S|=24 tri_free=True greedyα=26
    walk 58/64 |S|=24 tri_free=True greedyα=25
    walk 59/64 |S|=24 orbit-dup skip
    walk 60/64 |S|=23 orbit-dup skip
    walk 61/64 |S|=23 tri_free=True greedyα=24
    walk 62/64 |S|=24 orbit-dup skip
    walk 63/64 |S|=23 tri_free=True greedyα=25
    walk 64/64 |S|=22 tri_free=True greedyα=26
      MIS |S|=23 greedyα=18 residual IS ≥ 19 (α(G)≥20) {'found': True, 'lower': 19, 'exact': True, 'nodes': 27, 'seconds': 0.0005391240119934082, 'timed_out': False, 'backend': 'c-decide'}
  [5c] p=257 e=8 D1∪D6 pool=32 t=20
    walk 1/64 |S|=20 tri_free=True greedyα=30
    walk 2/64 |S|=21 tri_free=True greedyα=41
    walk 3/64 |S|=20 tri_free=True greedyα=29
    walk 4/64 |S|=20 tri_free=True greedyα=38
    walk 5/64 |S|=20 tri_free=True greedyα=23
    walk 6/64 |S|=20 tri_free=True greedyα=26
    walk 7/64 |S|=21 tri_free=True greedyα=23
    walk 8/64 |S|=22 tri_free=True greedyα=24
    walk 9/64 |S|=22 tri_free=True greedyα=23
    walk 10/64 |S|=19 tri_free=True greedyα=35
    walk 11/64 |S|=22 tri_free=True greedyα=26
    walk 12/64 |S|=21 tri_free=True greedyα=28
    walk 13/64 |S|=18 tri_free=True greedyα=27
    walk 14/64 |S|=20 tri_free=True greedyα=38
    walk 15/64 |S|=22 orbit-dup skip
    walk 16/64 |S|=20 tri_free=True greedyα=29
    walk 17/64 |S|=20 tri_free=True greedyα=23
    walk 18/64 |S|=22 tri_free=True greedyα=23
    walk 19/64 |S|=19 tri_free=True greedyα=26
    walk 20/64 |S|=21 tri_free=True greedyα=34
    walk 21/64 |S|=20 tri_free=True greedyα=34
    walk 22/64 |S|=20 tri_free=True greedyα=25
    walk 23/64 |S|=20 tri_free=True greedyα=28
    walk 24/64 |S|=22 tri_free=True greedyα=24
    walk 25/64 |S|=22 tri_free=True greedyα=31
    walk 26/64 |S|=21 tri_free=True greedyα=23
    walk 27/64 |S|=20 tri_free=True greedyα=27
    walk 28/64 |S|=22 tri_free=True greedyα=25
    walk 29/64 |S|=21 tri_free=True greedyα=27
    walk 30/64 |S|=21 orbit-dup skip
    walk 31/64 |S|=21 tri_free=True greedyα=35
    walk 32/64 |S|=20 tri_free=True greedyα=30
    walk 33/64 |S|=21 tri_free=True greedyα=24
    walk 34/64 |S|=20 tri_free=True greedyα=27
    walk 35/64 |S|=18 tri_free=True greedyα=24
    walk 36/64 |S|=20 tri_free=True greedyα=26
    walk 37/64 |S|=21 tri_free=True greedyα=30
    walk 38/64 |S|=20 tri_free=True greedyα=27
    walk 39/64 |S|=20 tri_free=True greedyα=28
    walk 40/64 |S|=20 tri_free=True greedyα=28
    walk 41/64 |S|=22 tri_free=True greedyα=25
    walk 42/64 |S|=21 tri_free=True greedyα=29
    walk 43/64 |S|=20 tri_free=True greedyα=35
    walk 44/64 |S|=19 tri_free=True greedyα=31
    walk 45/64 |S|=21 tri_free=True greedyα=37
    walk 46/64 |S|=21 tri_free=True greedyα=29
    walk 47/64 |S|=21 tri_free=True greedyα=28
    walk 48/64 |S|=20 tri_free=True greedyα=26
    walk 49/64 |S|=20 tri_free=True greedyα=26
    walk 50/64 |S|=22 tri_free=True greedyα=30
    walk 51/64 |S|=21 tri_free=True greedyα=37
    walk 52/64 |S|=21 tri_free=True greedyα=28
    walk 53/64 |S|=19 tri_free=True greedyα=23
    walk 54/64 |S|=22 orbit-dup skip
    walk 55/64 |S|=19 tri_free=True greedyα=35
    walk 56/64 |S|=20 tri_free=True greedyα=27
    walk 57/64 |S|=21 tri_free=True greedyα=22
    walk 58/64 |S|=21 tri_free=True greedyα=35
    walk 59/64 |S|=22 orbit-dup skip
    walk 60/64 |S|=19 tri_free=True greedyα=26
    walk 61/64 |S|=21 tri_free=True greedyα=35
    walk 62/64 |S|=20 tri_free=True greedyα=25
    walk 63/64 |S|=22 orbit-dup skip
    walk 64/64 |S|=20 tri_free=True greedyα=28
  [5c] p=257 e=8 D1∪D7 pool=32 t=20
    walk 1/64 |S|=20 tri_free=True greedyα=29
    walk 2/64 |S|=21 tri_free=True greedyα=28
    walk 3/64 |S|=18 tri_free=True greedyα=26
    walk 4/64 |S|=22 tri_free=True greedyα=40
    walk 5/64 |S|=19 tri_free=True greedyα=32
    walk 6/64 |S|=22 orbit-dup skip
    walk 7/64 |S|=20 tri_free=True greedyα=26
    walk 8/64 |S|=22 tri_free=True greedyα=42
    walk 9/64 |S|=20 tri_free=True greedyα=27
    walk 10/64 |S|=19 tri_free=True greedyα=26
    walk 11/64 |S|=18 tri_free=True greedyα=25
    walk 12/64 |S|=20 tri_free=True greedyα=28
    walk 13/64 |S|=20 tri_free=True greedyα=23
    walk 14/64 |S|=20 tri_free=True greedyα=30
    walk 15/64 |S|=19 tri_free=True greedyα=31
    walk 16/64 |S|=19 tri_free=True greedyα=26
    walk 17/64 |S|=21 tri_free=True greedyα=24
    walk 18/64 |S|=19 tri_free=True greedyα=21
    walk 19/64 |S|=20 tri_free=True greedyα=33
    walk 20/64 |S|=19 tri_free=True greedyα=22
    walk 21/64 |S|=19 tri_free=True greedyα=26
    walk 22/64 |S|=19 tri_free=True greedyα=44
    walk 23/64 |S|=22 tri_free=True greedyα=34
    walk 24/64 |S|=22 tri_free=True greedyα=31
    walk 25/64 |S|=19 tri_free=True greedyα=24
    walk 26/64 |S|=20 tri_free=True greedyα=27
    walk 27/64 |S|=19 tri_free=True greedyα=26
    walk 28/64 |S|=22 orbit-dup skip
    walk 29/64 |S|=22 tri_free=True greedyα=43
    walk 30/64 |S|=19 tri_free=True greedyα=25
    walk 31/64 |S|=19 tri_free=True greedyα=25
    walk 32/64 |S|=20 orbit-dup skip
    walk 33/64 |S|=20 orbit-dup skip
    walk 34/64 |S|=21 tri_free=True greedyα=23
    walk 35/64 |S|=20 tri_free=True greedyα=34
    walk 36/64 |S|=19 tri_free=True greedyα=28
    walk 37/64 |S|=19 tri_free=True greedyα=26
    walk 38/64 |S|=19 tri_free=True greedyα=33
    walk 39/64 |S|=21 tri_free=True greedyα=31
    walk 40/64 |S|=18 tri_free=True greedyα=27
    walk 41/64 |S|=20 tri_free=True greedyα=30
    walk 42/64 |S|=19 tri_free=True greedyα=32
    walk 43/64 |S|=19 tri_free=True greedyα=27
    walk 44/64 |S|=20 tri_free=True greedyα=27
    walk 45/64 |S|=19 tri_free=True greedyα=27
    walk 46/64 |S|=19 tri_free=True greedyα=33
    walk 47/64 |S|=19 tri_free=True greedyα=27
    walk 48/64 |S|=20 tri_free=True greedyα=27
    walk 49/64 |S|=19 tri_free=True greedyα=36
    walk 50/64 |S|=20 tri_free=True greedyα=26
    walk 51/64 |S|=19 tri_free=True greedyα=29
    walk 52/64 |S|=21 tri_free=True greedyα=27
    walk 53/64 |S|=20 tri_free=True greedyα=29
    walk 54/64 |S|=21 tri_free=True greedyα=41
    walk 55/64 |S|=17 tri_free=True greedyα=29
    walk 56/64 |S|=21 tri_free=True greedyα=25
    walk 57/64 |S|=21 tri_free=True greedyα=26
    walk 58/64 |S|=19 tri_free=True greedyα=28
    walk 59/64 |S|=20 tri_free=True greedyα=20
    walk 60/64 |S|=20 tri_free=True greedyα=37
    walk 61/64 |S|=19 tri_free=True greedyα=27
    walk 62/64 |S|=20 tri_free=True greedyα=26
    walk 63/64 |S|=19 tri_free=True greedyα=28
    walk 64/64 |S|=20 tri_free=True greedyα=28
  [5c] p=257 e=8 D2∪D3 pool=32 t=20
    walk 1/64 |S|=20 tri_free=True greedyα=26
    walk 2/64 |S|=19 tri_free=True greedyα=33
    walk 3/64 |S|=19 tri_free=True greedyα=35
    walk 4/64 |S|=19 tri_free=True greedyα=30
    walk 5/64 |S|=20 tri_free=True greedyα=39
    walk 6/64 |S|=19 tri_free=True greedyα=30
    walk 7/64 |S|=20 tri_free=True greedyα=43
    walk 8/64 |S|=18 tri_free=True greedyα=26
    walk 9/64 |S|=19 tri_free=True greedyα=28
    walk 10/64 |S|=20 tri_free=True greedyα=31
    walk 11/64 |S|=20 tri_free=True greedyα=28
    walk 12/64 |S|=19 tri_free=True greedyα=33
    walk 13/64 |S|=19 tri_free=True greedyα=40
    walk 14/64 |S|=19 tri_free=True greedyα=27
    walk 15/64 |S|=18 tri_free=True greedyα=26
    walk 16/64 |S|=20 tri_free=True greedyα=30
    walk 17/64 |S|=19 tri_free=True greedyα=25
    walk 18/64 |S|=19 tri_free=True greedyα=27
    walk 19/64 |S|=19 tri_free=True greedyα=26
    walk 20/64 |S|=19 tri_free=True greedyα=25
    walk 21/64 |S|=20 tri_free=True greedyα=27
    walk 22/64 |S|=19 tri_free=True greedyα=28
    walk 23/64 |S|=19 tri_free=True greedyα=33
    walk 24/64 |S|=19 tri_free=True greedyα=28
    walk 25/64 |S|=19 tri_free=True greedyα=28
    walk 26/64 |S|=19 tri_free=True greedyα=31
    walk 27/64 |S|=18 tri_free=True greedyα=33
    walk 28/64 |S|=19 tri_free=True greedyα=29
    walk 29/64 |S|=20 tri_free=True greedyα=28
    walk 30/64 |S|=20 tri_free=True greedyα=39
    walk 31/64 |S|=20 tri_free=True greedyα=25
    walk 32/64 |S|=19 tri_free=True greedyα=38
    walk 33/64 |S|=19 tri_free=True greedyα=28
    walk 34/64 |S|=20 tri_free=True greedyα=35
    walk 35/64 |S|=20 tri_free=True greedyα=27
    walk 36/64 |S|=18 tri_free=True greedyα=26
    walk 37/64 |S|=18 tri_free=True greedyα=30
    walk 38/64 |S|=18 tri_free=True greedyα=31
    walk 39/64 |S|=19 tri_free=True greedyα=29
    walk 40/64 |S|=18 tri_free=True greedyα=26
    walk 41/64 |S|=18 tri_free=True greedyα=32
    walk 42/64 |S|=18 tri_free=True greedyα=24
    walk 43/64 |S|=20 tri_free=True greedyα=25
    walk 44/64 |S|=19 tri_free=True greedyα=24
    walk 45/64 |S|=18 tri_free=True greedyα=26
    walk 46/64 |S|=20 tri_free=True greedyα=30
    walk 47/64 |S|=19 tri_free=True greedyα=26
    walk 48/64 |S|=19 tri_free=True greedyα=28
    walk 49/64 |S|=19 tri_free=True greedyα=31
    walk 50/64 |S|=19 tri_free=True greedyα=29
    walk 51/64 |S|=18 tri_free=True greedyα=25
    walk 52/64 |S|=19 tri_free=True greedyα=26
    walk 53/64 |S|=18 tri_free=True greedyα=27
    walk 54/64 |S|=20 tri_free=True greedyα=32
    walk 55/64 |S|=19 tri_free=True greedyα=27
    walk 56/64 |S|=19 tri_free=True greedyα=25
    walk 57/64 |S|=20 tri_free=True greedyα=43
    walk 58/64 |S|=20 tri_free=True greedyα=29
    walk 59/64 |S|=18 tri_free=True greedyα=30
    walk 60/64 |S|=18 tri_free=True greedyα=30
    walk 61/64 |S|=18 tri_free=True greedyα=30
    walk 62/64 |S|=19 tri_free=True greedyα=25
    walk 63/64 |S|=19 tri_free=True greedyα=35
    walk 64/64 |S|=19 tri_free=True greedyα=37
  [5c] p=257 e=8 D2∪D4 pool=32 t=20
    walk 1/64 |S|=20 tri_free=True greedyα=29
    walk 2/64 |S|=20 tri_free=True greedyα=23
    walk 3/64 |S|=18 tri_free=True greedyα=30
    walk 4/64 |S|=21 tri_free=True greedyα=26
    walk 5/64 |S|=19 tri_free=True greedyα=36
    walk 6/64 |S|=21 tri_free=True greedyα=27
    walk 7/64 |S|=22 tri_free=True greedyα=31
    walk 8/64 |S|=19 tri_free=True greedyα=33
    walk 9/64 |S|=19 tri_free=True greedyα=25
    walk 10/64 |S|=19 tri_free=True greedyα=27
    walk 11/64 |S|=19 tri_free=True greedyα=32
    walk 12/64 |S|=19 tri_free=True greedyα=27
    walk 13/64 |S|=20 tri_free=True greedyα=21
    walk 14/64 |S|=20 tri_free=True greedyα=27
    walk 15/64 |S|=19 tri_free=True greedyα=28
    walk 16/64 |S|=19 tri_free=True greedyα=25
    walk 17/64 |S|=19 tri_free=True greedyα=27
    walk 18/64 |S|=19 tri_free=True greedyα=32
    walk 19/64 |S|=20 tri_free=True greedyα=30
    walk 20/64 |S|=20 tri_free=True greedyα=32
    walk 21/64 |S|=19 tri_free=True greedyα=33
    walk 22/64 |S|=21 tri_free=True greedyα=26
    walk 23/64 |S|=19 tri_free=True greedyα=23
    walk 24/64 |S|=20 tri_free=True greedyα=27
    walk 25/64 |S|=20 tri_free=True greedyα=23
    walk 26/64 |S|=18 tri_free=True greedyα=24
    walk 27/64 |S|=20 tri_free=True greedyα=23
    walk 28/64 |S|=19 tri_free=True greedyα=23
    walk 29/64 |S|=20 tri_free=True greedyα=25
    walk 30/64 |S|=19 tri_free=True greedyα=29
    walk 31/64 |S|=22 tri_free=True greedyα=41
    walk 32/64 |S|=20 tri_free=True greedyα=32
    walk 33/64 |S|=22 tri_free=True greedyα=38
    walk 34/64 |S|=21 tri_free=True greedyα=26
    walk 35/64 |S|=20 tri_free=True greedyα=33
    walk 36/64 |S|=20 tri_free=True greedyα=23
    walk 37/64 |S|=19 tri_free=True greedyα=24
    walk 38/64 |S|=20 tri_free=True greedyα=27
    walk 39/64 |S|=22 tri_free=True greedyα=42
    walk 40/64 |S|=20 orbit-dup skip
    walk 41/64 |S|=20 tri_free=True greedyα=26
    walk 42/64 |S|=20 tri_free=True greedyα=20
    walk 43/64 |S|=20 tri_free=True greedyα=31
    walk 44/64 |S|=20 tri_free=True greedyα=30
    walk 45/64 |S|=19 tri_free=True greedyα=26
    walk 46/64 |S|=21 tri_free=True greedyα=31
    walk 47/64 |S|=18 tri_free=True greedyα=29
    walk 48/64 |S|=21 tri_free=True greedyα=32
    walk 49/64 |S|=20 tri_free=True greedyα=27
    walk 50/64 |S|=19 tri_free=True greedyα=25
    walk 51/64 |S|=19 tri_free=True greedyα=33
    walk 52/64 |S|=22 tri_free=True greedyα=31
    walk 53/64 |S|=20 tri_free=True greedyα=44
    walk 54/64 |S|=19 tri_free=True greedyα=31
    walk 55/64 |S|=19 tri_free=True greedyα=30
    walk 56/64 |S|=20 tri_free=True greedyα=31
    walk 57/64 |S|=21 tri_free=True greedyα=28
    walk 58/64 |S|=21 tri_free=True greedyα=37
    walk 59/64 |S|=18 tri_free=True greedyα=28
    walk 60/64 |S|=21 orbit-dup skip
    walk 61/64 |S|=18 tri_free=True greedyα=30
    walk 62/64 |S|=20 tri_free=True greedyα=38
    walk 63/64 |S|=21 tri_free=True greedyα=27
    walk 64/64 |S|=19 tri_free=True greedyα=25
  [5c] p=257 e=8 D2∪D5 pool=32 t=20
    walk 1/64 |S|=20 tri_free=True greedyα=25
    walk 2/64 |S|=20 tri_free=True greedyα=29
    walk 3/64 |S|=20 tri_free=True greedyα=29
    walk 4/64 |S|=21 tri_free=True greedyα=35
    walk 5/64 |S|=20 tri_free=True greedyα=25
    walk 6/64 |S|=19 tri_free=True greedyα=26
    walk 7/64 |S|=22 tri_free=True greedyα=25
    walk 8/64 |S|=19 tri_free=True greedyα=22
    walk 9/64 |S|=20 tri_free=True greedyα=24
    walk 10/64 |S|=21 tri_free=True greedyα=24
    walk 11/64 |S|=21 tri_free=True greedyα=27
    walk 12/64 |S|=21 tri_free=True greedyα=27
    walk 13/64 |S|=20 tri_free=True greedyα=29
    walk 14/64 |S|=21 tri_free=True greedyα=26
    walk 15/64 |S|=20 tri_free=True greedyα=35
    walk 16/64 |S|=20 tri_free=True greedyα=24
    walk 17/64 |S|=22 tri_free=True greedyα=23
    walk 18/64 |S|=21 tri_free=True greedyα=26
    walk 19/64 |S|=21 tri_free=True greedyα=29
    walk 20/64 |S|=19 tri_free=True greedyα=32
    walk 21/64 |S|=21 tri_free=True greedyα=33
    walk 22/64 |S|=19 tri_free=True greedyα=27
    walk 23/64 |S|=19 tri_free=True greedyα=28
    walk 24/64 |S|=20 tri_free=True greedyα=29
    walk 25/64 |S|=19 tri_free=True greedyα=27
    walk 26/64 |S|=21 tri_free=True greedyα=28
    walk 27/64 |S|=19 tri_free=True greedyα=29
    walk 28/64 |S|=19 tri_free=True greedyα=32
    walk 29/64 |S|=19 tri_free=True greedyα=24
    walk 30/64 |S|=21 tri_free=True greedyα=33
    walk 31/64 |S|=21 tri_free=True greedyα=24
    walk 32/64 |S|=22 tri_free=True greedyα=23
    walk 33/64 |S|=20 tri_free=True greedyα=32
    walk 34/64 |S|=19 tri_free=True greedyα=29
    walk 35/64 |S|=21 tri_free=True greedyα=26
    walk 36/64 |S|=20 tri_free=True greedyα=24
    walk 37/64 |S|=21 tri_free=True greedyα=28
    walk 38/64 |S|=22 orbit-dup skip
    walk 39/64 |S|=19 tri_free=True greedyα=24
    walk 40/64 |S|=20 tri_free=True greedyα=26
    walk 41/64 |S|=18 tri_free=True greedyα=34
    walk 42/64 |S|=20 tri_free=True greedyα=29
    walk 43/64 |S|=21 tri_free=True greedyα=25
    walk 44/64 |S|=21 tri_free=True greedyα=29
    walk 45/64 |S|=19 tri_free=True greedyα=33
    walk 46/64 |S|=21 tri_free=True greedyα=25
    walk 47/64 |S|=22 tri_free=True greedyα=35
    walk 48/64 |S|=20 tri_free=True greedyα=34
    walk 49/64 |S|=21 tri_free=True greedyα=31
    walk 50/64 |S|=21 tri_free=True greedyα=34
    walk 51/64 |S|=20 tri_free=True greedyα=30
    walk 52/64 |S|=20 tri_free=True greedyα=26
    walk 53/64 |S|=20 orbit-dup skip
    walk 54/64 |S|=19 tri_free=True greedyα=31
    walk 55/64 |S|=22 tri_free=True greedyα=28
    walk 56/64 |S|=20 tri_free=True greedyα=30
    walk 57/64 |S|=21 tri_free=True greedyα=37
    walk 58/64 |S|=21 tri_free=True greedyα=34
    walk 59/64 |S|=22 tri_free=True greedyα=23
    walk 60/64 |S|=21 tri_free=True greedyα=27
    walk 61/64 |S|=21 tri_free=True greedyα=31
    walk 62/64 |S|=20 orbit-dup skip
    walk 63/64 |S|=20 tri_free=True greedyα=22
    walk 64/64 |S|=21 tri_free=True greedyα=32
  [5c] p=257 e=8 D2∪D6 pool=32 t=20
    walk 1/64 |S|=22 tri_free=True greedyα=21
    walk 2/64 |S|=23 tri_free=True greedyα=28
    walk 3/64 |S|=23 tri_free=True greedyα=37
    walk 4/64 |S|=24 tri_free=True greedyα=27
    walk 5/64 |S|=24 tri_free=True greedyα=28
    walk 6/64 |S|=23 tri_free=True greedyα=43
    walk 7/64 |S|=24 tri_free=True greedyα=26
    walk 8/64 |S|=22 tri_free=True greedyα=19
    walk 9/64 |S|=23 tri_free=True greedyα=26
    walk 10/64 |S|=22 tri_free=True greedyα=24
    walk 11/64 |S|=23 tri_free=True greedyα=25
    walk 12/64 |S|=23 tri_free=True greedyα=21
    walk 13/64 |S|=24 orbit-dup skip
    walk 14/64 |S|=24 orbit-dup skip
    walk 15/64 |S|=23 tri_free=True greedyα=35
    walk 16/64 |S|=22 tri_free=True greedyα=23
    walk 17/64 |S|=23 tri_free=True greedyα=25
    walk 18/64 |S|=23 tri_free=True greedyα=21
    walk 19/64 |S|=23 tri_free=True greedyα=22
    walk 20/64 |S|=22 tri_free=True greedyα=24
    walk 21/64 |S|=24 orbit-dup skip
    walk 22/64 |S|=23 orbit-dup skip
    walk 23/64 |S|=24 tri_free=True greedyα=34
    walk 24/64 |S|=22 tri_free=True greedyα=26
    walk 25/64 |S|=24 tri_free=True greedyα=20
    walk 26/64 |S|=23 tri_free=True greedyα=27
    walk 27/64 |S|=24 tri_free=True greedyα=19
    walk 28/64 |S|=23 tri_free=True greedyα=33
    walk 29/64 |S|=23 tri_free=True greedyα=25
    walk 30/64 |S|=24 tri_free=True greedyα=33
    walk 31/64 |S|=23 tri_free=True greedyα=25
    walk 32/64 |S|=24 tri_free=True greedyα=25
    walk 33/64 |S|=23 tri_free=True greedyα=37
    walk 34/64 |S|=24 tri_free=True greedyα=27
    walk 35/64 |S|=24 tri_free=True greedyα=26
    walk 36/64 |S|=23 tri_free=True greedyα=25
    walk 37/64 |S|=24 tri_free=True greedyα=31
    walk 38/64 |S|=24 tri_free=True greedyα=23
    walk 39/64 |S|=23 tri_free=True greedyα=24
    walk 40/64 |S|=24 tri_free=True greedyα=25
    walk 41/64 |S|=23 tri_free=True greedyα=25
    walk 42/64 |S|=22 tri_free=True greedyα=23
    walk 43/64 |S|=22 tri_free=True greedyα=22
    walk 44/64 |S|=23 tri_free=True greedyα=22
    walk 45/64 |S|=22 tri_free=True greedyα=25
    walk 46/64 |S|=22 tri_free=True greedyα=26
    walk 47/64 |S|=23 tri_free=True greedyα=24
    walk 48/64 |S|=23 tri_free=True greedyα=20
    walk 49/64 |S|=23 tri_free=True greedyα=27
    walk 50/64 |S|=23 tri_free=True greedyα=27
    walk 51/64 |S|=23 tri_free=True greedyα=37
    walk 52/64 |S|=23 tri_free=True greedyα=24
    walk 53/64 |S|=23 tri_free=True greedyα=26
    walk 54/64 |S|=22 tri_free=True greedyα=25
    walk 55/64 |S|=22 tri_free=True greedyα=25
    walk 56/64 |S|=23 tri_free=True greedyα=22
    walk 57/64 |S|=23 tri_free=True greedyα=26
    walk 58/64 |S|=23 tri_free=True greedyα=24
    walk 59/64 |S|=23 tri_free=True greedyα=25
    walk 60/64 |S|=24 orbit-dup skip
    walk 61/64 |S|=23 tri_free=True greedyα=20
    walk 62/64 |S|=24 tri_free=True greedyα=21
    walk 63/64 |S|=22 tri_free=True greedyα=21
    walk 64/64 |S|=22 tri_free=True greedyα=27
      MIS |S|=24 greedyα=19 residual IS ≥ 19 (α(G)≥20) {'found': True, 'lower': 19, 'exact': True, 'nodes': 21, 'seconds': 0.0005417019128799438, 'timed_out': False, 'backend': 'c-decide'}
      MIS |S|=22 greedyα=19 residual IS ≥ 19 (α(G)≥20) {'found': True, 'lower': 19, 'exact': True, 'nodes': 36, 'seconds': 0.00048679113388061523, 'timed_out': False, 'backend': 'c-decide'}
  [5c] p=257 e=8 D2∪D7 pool=32 t=20
    walk 1/64 |S|=21 tri_free=True greedyα=26
    walk 2/64 |S|=21 tri_free=True greedyα=27
    walk 3/64 |S|=20 tri_free=True greedyα=27
    walk 4/64 |S|=21 tri_free=True greedyα=34
    walk 5/64 |S|=21 tri_free=True greedyα=31
    walk 6/64 |S|=22 tri_free=True greedyα=35
    walk 7/64 |S|=21 tri_free=True greedyα=37
    walk 8/64 |S|=20 tri_free=True greedyα=25
    walk 9/64 |S|=20 tri_free=True greedyα=30
    walk 10/64 |S|=20 tri_free=True greedyα=29
    walk 11/64 |S|=20 tri_free=True greedyα=22
    walk 12/64 |S|=22 tri_free=True greedyα=30
    walk 13/64 |S|=21 tri_free=True greedyα=29
    walk 14/64 |S|=22 orbit-dup skip
    walk 15/64 |S|=21 tri_free=True greedyα=27
    walk 16/64 |S|=21 tri_free=True greedyα=33
    walk 17/64 |S|=20 tri_free=True greedyα=29
    walk 18/64 |S|=20 tri_free=True greedyα=25
    walk 19/64 |S|=20 tri_free=True greedyα=24
    walk 20/64 |S|=21 tri_free=True greedyα=37
    walk 21/64 |S|=22 tri_free=True greedyα=24
    walk 22/64 |S|=21 tri_free=True greedyα=31
    walk 23/64 |S|=21 tri_free=True greedyα=27
    walk 24/64 |S|=20 tri_free=True greedyα=26
    walk 25/64 |S|=21 tri_free=True greedyα=26
    walk 26/64 |S|=20 tri_free=True greedyα=25
    walk 27/64 |S|=20 tri_free=True greedyα=25
    walk 28/64 |S|=20 tri_free=True greedyα=33
    walk 29/64 |S|=22 tri_free=True greedyα=24
    walk 30/64 |S|=20 tri_free=True greedyα=26
    walk 31/64 |S|=20 tri_free=True greedyα=24
    walk 32/64 |S|=21 tri_free=True greedyα=29
    walk 33/64 |S|=20 tri_free=True greedyα=26
    walk 34/64 |S|=20 tri_free=True greedyα=25
    walk 35/64 |S|=21 tri_free=True greedyα=25
    walk 36/64 |S|=19 tri_free=True greedyα=23
    walk 37/64 |S|=18 tri_free=True greedyα=29
    walk 38/64 |S|=20 tri_free=True greedyα=27
    walk 39/64 |S|=21 tri_free=True greedyα=34
    walk 40/64 |S|=22 tri_free=True greedyα=26
    walk 41/64 |S|=21 tri_free=True greedyα=29
    walk 42/64 |S|=21 tri_free=True greedyα=33
    walk 43/64 |S|=21 tri_free=True greedyα=27
    walk 44/64 |S|=20 tri_free=True greedyα=29
    walk 45/64 |S|=17 tri_free=True greedyα=27
    walk 46/64 |S|=20 tri_free=True greedyα=25
    walk 47/64 |S|=22 orbit-dup skip
    walk 48/64 |S|=21 tri_free=True greedyα=22
    walk 49/64 |S|=19 tri_free=True greedyα=24
    walk 50/64 |S|=20 tri_free=True greedyα=27
    walk 51/64 |S|=22 tri_free=True greedyα=24
    walk 52/64 |S|=21 tri_free=True greedyα=28
    walk 53/64 |S|=21 tri_free=True greedyα=35
    walk 54/64 |S|=21 tri_free=True greedyα=27
    walk 55/64 |S|=21 tri_free=True greedyα=29
    walk 56/64 |S|=20 tri_free=True greedyα=28
    walk 57/64 |S|=21 orbit-dup skip
    walk 58/64 |S|=20 tri_free=True greedyα=27
    walk 59/64 |S|=21 orbit-dup skip
    walk 60/64 |S|=21 orbit-dup skip
    walk 61/64 |S|=20 tri_free=True greedyα=24
    walk 62/64 |S|=21 tri_free=True greedyα=26
    walk 63/64 |S|=20 tri_free=True greedyα=32
    walk 64/64 |S|=20 tri_free=True greedyα=25
  [5c] p=257 e=8 D3∪D4 pool=32 t=20
    walk 1/64 |S|=20 tri_free=True greedyα=36
    walk 2/64 |S|=19 tri_free=True greedyα=42
    walk 3/64 |S|=18 tri_free=True greedyα=25
    walk 4/64 |S|=19 tri_free=True greedyα=25
    walk 5/64 |S|=19 tri_free=True greedyα=26
    walk 6/64 |S|=20 tri_free=True greedyα=42
    walk 7/64 |S|=19 tri_free=True greedyα=27
    walk 8/64 |S|=19 tri_free=True greedyα=28
    walk 9/64 |S|=20 tri_free=True greedyα=42
    walk 10/64 |S|=19 tri_free=True greedyα=28
    walk 11/64 |S|=20 tri_free=True greedyα=31
    walk 12/64 |S|=18 tri_free=True greedyα=24
    walk 13/64 |S|=18 tri_free=True greedyα=30
    walk 14/64 |S|=18 tri_free=True greedyα=27
    walk 15/64 |S|=20 tri_free=True greedyα=37
    walk 16/64 |S|=19 tri_free=True greedyα=38
    walk 17/64 |S|=20 tri_free=True greedyα=27
    walk 18/64 |S|=19 tri_free=True greedyα=26
    walk 19/64 |S|=20 tri_free=True greedyα=28
    walk 20/64 |S|=20 tri_free=True greedyα=28
    walk 21/64 |S|=19 tri_free=True greedyα=34
    walk 22/64 |S|=19 tri_free=True greedyα=28
    walk 23/64 |S|=19 tri_free=True greedyα=27
    walk 24/64 |S|=20 tri_free=True greedyα=25
    walk 25/64 |S|=19 tri_free=True greedyα=24
    walk 26/64 |S|=20 tri_free=True greedyα=43
    walk 27/64 |S|=19 tri_free=True greedyα=28
    walk 28/64 |S|=18 tri_free=True greedyα=23
    walk 29/64 |S|=19 tri_free=True greedyα=40
    walk 30/64 |S|=20 tri_free=True greedyα=28
    walk 31/64 |S|=18 tri_free=True greedyα=32
    walk 32/64 |S|=20 tri_free=True greedyα=26
    walk 33/64 |S|=19 tri_free=True greedyα=52
    walk 34/64 |S|=20 tri_free=True greedyα=30
    walk 35/64 |S|=20 tri_free=True greedyα=35
    walk 36/64 |S|=18 tri_free=True greedyα=27
    walk 37/64 |S|=20 tri_free=True greedyα=25
    walk 38/64 |S|=21 tri_free=True greedyα=44
    walk 39/64 |S|=18 tri_free=True greedyα=28
    walk 40/64 |S|=20 tri_free=True greedyα=35
    walk 41/64 |S|=17 tri_free=True greedyα=26
    walk 42/64 |S|=19 tri_free=True greedyα=36
    walk 43/64 |S|=20 tri_free=True greedyα=29
    walk 44/64 |S|=20 tri_free=True greedyα=27
    walk 45/64 |S|=19 tri_free=True greedyα=26
    walk 46/64 |S|=20 tri_free=True greedyα=27
    walk 47/64 |S|=19 tri_free=True greedyα=30
    walk 48/64 |S|=20 tri_free=True greedyα=29
    walk 49/64 |S|=20 tri_free=True greedyα=40
    walk 50/64 |S|=20 tri_free=True greedyα=22
    walk 51/64 |S|=20 orbit-dup skip
    walk 52/64 |S|=19 tri_free=True greedyα=31
    walk 53/64 |S|=20 tri_free=True greedyα=33
    walk 54/64 |S|=20 tri_free=True greedyα=31
    walk 55/64 |S|=19 tri_free=True greedyα=28
    walk 56/64 |S|=20 tri_free=True greedyα=38
    walk 57/64 |S|=19 tri_free=True greedyα=35
    walk 58/64 |S|=19 tri_free=True greedyα=27
    walk 59/64 |S|=18 tri_free=True greedyα=36
    walk 60/64 |S|=18 tri_free=True greedyα=28
    walk 61/64 |S|=19 tri_free=True greedyα=30
    walk 62/64 |S|=20 tri_free=True greedyα=37
    walk 63/64 |S|=19 tri_free=True greedyα=28
    walk 64/64 |S|=20 tri_free=True greedyα=30
  [5c] p=257 e=8 D3∪D5 pool=32 t=20
    walk 1/64 |S|=18 tri_free=True greedyα=24
    walk 2/64 |S|=22 tri_free=True greedyα=44
    walk 3/64 |S|=20 tri_free=True greedyα=28
    walk 4/64 |S|=21 tri_free=True greedyα=25
    walk 5/64 |S|=20 tri_free=True greedyα=21
    walk 6/64 |S|=19 tri_free=True greedyα=23
    walk 7/64 |S|=19 tri_free=True greedyα=24
    walk 8/64 |S|=21 tri_free=True greedyα=26
    walk 9/64 |S|=22 tri_free=True greedyα=42
    walk 10/64 |S|=21 tri_free=True greedyα=27
    walk 11/64 |S|=22 tri_free=True greedyα=36
    walk 12/64 |S|=18 tri_free=True greedyα=27
    walk 13/64 |S|=20 tri_free=True greedyα=25
    walk 14/64 |S|=20 tri_free=True greedyα=33
    walk 15/64 |S|=20 tri_free=True greedyα=25
    walk 16/64 |S|=19 tri_free=True greedyα=25
    walk 17/64 |S|=20 tri_free=True greedyα=22
    walk 18/64 |S|=20 tri_free=True greedyα=24
    walk 19/64 |S|=22 tri_free=True greedyα=31
    walk 20/64 |S|=18 tri_free=True greedyα=25
    walk 21/64 |S|=19 tri_free=True greedyα=28
    walk 22/64 |S|=20 tri_free=True greedyα=26
    walk 23/64 |S|=19 tri_free=True greedyα=28
    walk 24/64 |S|=21 tri_free=True greedyα=26
    walk 25/64 |S|=20 tri_free=True greedyα=42
    walk 26/64 |S|=21 tri_free=True greedyα=26
    walk 27/64 |S|=19 tri_free=True greedyα=28
    walk 28/64 |S|=20 tri_free=True greedyα=30
    walk 29/64 |S|=22 tri_free=True greedyα=34
    walk 30/64 |S|=20 tri_free=True greedyα=31
    walk 31/64 |S|=20 tri_free=True greedyα=25
    walk 32/64 |S|=21 tri_free=True greedyα=28
    walk 33/64 |S|=20 tri_free=True greedyα=23
    walk 34/64 |S|=19 tri_free=True greedyα=25
    walk 35/64 |S|=20 tri_free=True greedyα=23
    walk 36/64 |S|=19 tri_free=True greedyα=35
    walk 37/64 |S|=19 tri_free=True greedyα=23
    walk 38/64 |S|=18 tri_free=True greedyα=30
    walk 39/64 |S|=20 tri_free=True greedyα=23
    walk 40/64 |S|=18 tri_free=True greedyα=27
    walk 41/64 |S|=18 tri_free=True greedyα=25
    walk 42/64 |S|=20 tri_free=True greedyα=29
    walk 43/64 |S|=20 tri_free=True greedyα=31
    walk 44/64 |S|=18 tri_free=True greedyα=29
    walk 45/64 |S|=21 orbit-dup skip
    walk 46/64 |S|=17 tri_free=True greedyα=31
    walk 47/64 |S|=18 tri_free=True greedyα=25
    walk 48/64 |S|=20 tri_free=True greedyα=23
    walk 49/64 |S|=19 tri_free=True greedyα=28
    walk 50/64 |S|=19 tri_free=True greedyα=36
    walk 51/64 |S|=21 orbit-dup skip
    walk 52/64 |S|=22 orbit-dup skip
    walk 53/64 |S|=19 tri_free=True greedyα=27
    walk 54/64 |S|=22 tri_free=True greedyα=38
    walk 55/64 |S|=20 tri_free=True greedyα=26
    walk 56/64 |S|=19 tri_free=True greedyα=24
    walk 57/64 |S|=20 tri_free=True greedyα=28
    walk 58/64 |S|=19 tri_free=True greedyα=27
    walk 59/64 |S|=20 tri_free=True greedyα=25
    walk 60/64 |S|=19 tri_free=True greedyα=24
    walk 61/64 |S|=18 tri_free=True greedyα=34
    walk 62/64 |S|=19 tri_free=True greedyα=26
    walk 63/64 |S|=20 tri_free=True greedyα=44
    walk 64/64 |S|=19 tri_free=True greedyα=26
  [5c] p=257 e=8 D3∪D6 pool=32 t=20
    walk 1/64 |S|=21 tri_free=True greedyα=24
    walk 2/64 |S|=20 tri_free=True greedyα=26
    walk 3/64 |S|=19 tri_free=True greedyα=23
    walk 4/64 |S|=18 tri_free=True greedyα=34
    walk 5/64 |S|=21 tri_free=True greedyα=37
    walk 6/64 |S|=19 tri_free=True greedyα=25
    walk 7/64 |S|=20 tri_free=True greedyα=23
    walk 8/64 |S|=21 tri_free=True greedyα=29
    walk 9/64 |S|=22 tri_free=True greedyα=30
    walk 10/64 |S|=21 tri_free=True greedyα=33
    walk 11/64 |S|=22 tri_free=True greedyα=35
    walk 12/64 |S|=21 tri_free=True greedyα=22
    walk 13/64 |S|=21 tri_free=True greedyα=24
    walk 14/64 |S|=20 tri_free=True greedyα=31
    walk 15/64 |S|=22 orbit-dup skip
    walk 16/64 |S|=22 tri_free=True greedyα=25
    walk 17/64 |S|=21 tri_free=True greedyα=30
    walk 18/64 |S|=20 tri_free=True greedyα=25
    walk 19/64 |S|=20 tri_free=True greedyα=23
    walk 20/64 |S|=21 tri_free=True greedyα=29
    walk 21/64 |S|=20 tri_free=True greedyα=30
    walk 22/64 |S|=20 tri_free=True greedyα=24
    walk 23/64 |S|=20 tri_free=True greedyα=26
    walk 24/64 |S|=20 tri_free=True greedyα=30
    walk 25/64 |S|=19 tri_free=True greedyα=25
    walk 26/64 |S|=22 tri_free=True greedyα=24
    walk 27/64 |S|=20 tri_free=True greedyα=33
    walk 28/64 |S|=20 tri_free=True greedyα=32
    walk 29/64 |S|=21 tri_free=True greedyα=27
    walk 30/64 |S|=19 tri_free=True greedyα=25
    walk 31/64 |S|=19 tri_free=True greedyα=28
    walk 32/64 |S|=22 tri_free=True greedyα=23
    walk 33/64 |S|=20 tri_free=True greedyα=39
    walk 34/64 |S|=21 tri_free=True greedyα=26
    walk 35/64 |S|=21 tri_free=True greedyα=23
    walk 36/64 |S|=21 tri_free=True greedyα=35
    walk 37/64 |S|=20 tri_free=True greedyα=31
    walk 38/64 |S|=20 tri_free=True greedyα=23
    walk 39/64 |S|=20 tri_free=True greedyα=45
    walk 40/64 |S|=22 tri_free=True greedyα=23
    walk 41/64 |S|=22 tri_free=True greedyα=23
    walk 42/64 |S|=22 orbit-dup skip
    walk 43/64 |S|=21 tri_free=True greedyα=26
    walk 44/64 |S|=21 tri_free=True greedyα=28
    walk 45/64 |S|=21 tri_free=True greedyα=27
    walk 46/64 |S|=20 tri_free=True greedyα=27
    walk 47/64 |S|=21 tri_free=True greedyα=27
    walk 48/64 |S|=21 tri_free=True greedyα=25
    walk 49/64 |S|=20 tri_free=True greedyα=26
    walk 50/64 |S|=21 tri_free=True greedyα=29
    walk 51/64 |S|=20 tri_free=True greedyα=31
    walk 52/64 |S|=19 tri_free=True greedyα=27
    walk 53/64 |S|=22 orbit-dup skip
    walk 54/64 |S|=20 tri_free=True greedyα=27
    walk 55/64 |S|=20 tri_free=True greedyα=30
    walk 56/64 |S|=20 tri_free=True greedyα=31
    walk 57/64 |S|=20 tri_free=True greedyα=45
    walk 58/64 |S|=21 tri_free=True greedyα=27
    walk 59/64 |S|=20 tri_free=True greedyα=26
    walk 60/64 |S|=22 tri_free=True greedyα=23
    walk 61/64 |S|=19 tri_free=True greedyα=26
    walk 62/64 |S|=21 tri_free=True greedyα=35
    walk 63/64 |S|=22 orbit-dup skip
    walk 64/64 |S|=20 tri_free=True greedyα=27
  [5c] p=257 e=8 D3∪D7 pool=32 t=20
    walk 1/64 |S|=22 tri_free=True greedyα=19
    walk 2/64 |S|=24 tri_free=True greedyα=22
    walk 3/64 |S|=22 tri_free=True greedyα=18
    walk 4/64 |S|=23 tri_free=True greedyα=24
    walk 5/64 |S|=23 tri_free=True greedyα=22
    walk 6/64 |S|=24 tri_free=True greedyα=25
    walk 7/64 |S|=22 tri_free=True greedyα=29
    walk 8/64 |S|=23 tri_free=True greedyα=37
    walk 9/64 |S|=23 tri_free=True greedyα=27
    walk 10/64 |S|=24 tri_free=True greedyα=26
    walk 11/64 |S|=24 tri_free=True greedyα=30
    walk 12/64 |S|=22 tri_free=True greedyα=23
    walk 13/64 |S|=22 tri_free=True greedyα=22
    walk 14/64 |S|=23 tri_free=True greedyα=24
    walk 15/64 |S|=22 tri_free=True greedyα=23
    walk 16/64 |S|=23 tri_free=True greedyα=27
    walk 17/64 |S|=23 tri_free=True greedyα=23
    walk 18/64 |S|=22 tri_free=True greedyα=22
    walk 19/64 |S|=22 tri_free=True greedyα=22
    walk 20/64 |S|=22 tri_free=True greedyα=25
    walk 21/64 |S|=23 tri_free=True greedyα=27
    walk 22/64 |S|=23 tri_free=True greedyα=22
    walk 23/64 |S|=23 tri_free=True greedyα=18
    walk 24/64 |S|=23 tri_free=True greedyα=24
    walk 25/64 |S|=23 tri_free=True greedyα=21
    walk 26/64 |S|=22 tri_free=True greedyα=21
    walk 27/64 |S|=24 tri_free=True greedyα=26
    walk 28/64 |S|=22 tri_free=True greedyα=19
    walk 29/64 |S|=23 tri_free=True greedyα=26
    walk 30/64 |S|=23 tri_free=True greedyα=28
    walk 31/64 |S|=23 tri_free=True greedyα=24
    walk 32/64 |S|=23 tri_free=True greedyα=29
    walk 33/64 |S|=23 tri_free=True greedyα=19
    walk 34/64 |S|=23 tri_free=True greedyα=22
    walk 35/64 |S|=23 orbit-dup skip
    walk 36/64 |S|=24 orbit-dup skip
    walk 37/64 |S|=22 tri_free=True greedyα=25
    walk 38/64 |S|=24 tri_free=True greedyα=24
    walk 39/64 |S|=23 tri_free=True greedyα=25
    walk 40/64 |S|=24 tri_free=True greedyα=27
    walk 41/64 |S|=24 tri_free=True greedyα=23
    walk 42/64 |S|=23 tri_free=True greedyα=24
    walk 43/64 |S|=24 tri_free=True greedyα=27
    walk 44/64 |S|=22 tri_free=True greedyα=25
    walk 45/64 |S|=22 tri_free=True greedyα=32
    walk 46/64 |S|=23 tri_free=True greedyα=31
    walk 47/64 |S|=24 orbit-dup skip
    walk 48/64 |S|=23 tri_free=True greedyα=25
    walk 49/64 |S|=23 tri_free=True greedyα=25
    walk 50/64 |S|=24 tri_free=True greedyα=27
    walk 51/64 |S|=24 orbit-dup skip
    walk 52/64 |S|=24 tri_free=True greedyα=25
    walk 53/64 |S|=23 tri_free=True greedyα=43
    walk 54/64 |S|=24 tri_free=True greedyα=34
    walk 55/64 |S|=22 tri_free=True greedyα=25
    walk 56/64 |S|=23 tri_free=True greedyα=24
    walk 57/64 |S|=23 tri_free=True greedyα=19
    walk 58/64 |S|=23 tri_free=True greedyα=22
    walk 59/64 |S|=24 orbit-dup skip
    walk 60/64 |S|=24 tri_free=True greedyα=25
    walk 61/64 |S|=24 tri_free=True greedyα=35
    walk 62/64 |S|=22 tri_free=True greedyα=23
    walk 63/64 |S|=22 tri_free=True greedyα=24
    walk 64/64 |S|=24 tri_free=True greedyα=26
      MIS |S|=23 greedyα=18 residual IS ≥ 19 (α(G)≥20) {'found': True, 'lower': 19, 'exact': True, 'nodes': 31, 'seconds': 0.0004905462265014648, 'timed_out': False, 'backend': 'c-decide'}
      MIS |S|=22 greedyα=18 residual IS ≥ 19 (α(G)≥20) {'found': True, 'lower': 19, 'exact': True, 'nodes': 55, 'seconds': 0.0006000585854053497, 'timed_out': False, 'backend': 'c-decide'}
      MIS |S|=23 greedyα=19 residual IS ≥ 19 (α(G)≥20) {'found': True, 'lower': 19, 'exact': True, 'nodes': 53, 'seconds': 0.00046613067388534546, 'timed_out': False, 'backend': 'c-decide'}
      MIS |S|=23 greedyα=19 residual IS ≥ 19 (α(G)≥20) {'found': True, 'lower': 19, 'exact': True, 'nodes': 62, 'seconds': 0.000436294823884964, 'timed_out': False, 'backend': 'c-decide'}
      MIS |S|=22 greedyα=19 residual IS ≥ 19 (α(G)≥20) {'found': True, 'lower': 19, 'exact': True, 'nodes': 46, 'seconds': 0.0004154592752456665, 'timed_out': False, 'backend': 'c-decide'}
      MIS |S|=22 greedyα=19 residual IS ≥ 19 (α(G)≥20) {'found': True, 'lower': 19, 'exact': True, 'nodes': 55, 'seconds': 0.0004364103078842163, 'timed_out': False, 'backend': 'c-decide'}
  [5c] p=257 e=8 D4∪D5 pool=32 t=20
    walk 1/64 |S|=17 tri_free=True greedyα=23
    walk 2/64 |S|=19 tri_free=True greedyα=32
    walk 3/64 |S|=19 tri_free=True greedyα=30
    walk 4/64 |S|=19 tri_free=True greedyα=26
    walk 5/64 |S|=19 tri_free=True greedyα=32
    walk 6/64 |S|=19 tri_free=True greedyα=29
    walk 7/64 |S|=19 tri_free=True greedyα=27
    walk 8/64 |S|=19 tri_free=True greedyα=37
    walk 9/64 |S|=20 tri_free=True greedyα=30
    walk 10/64 |S|=19 tri_free=True greedyα=24
    walk 11/64 |S|=18 tri_free=True greedyα=28
    walk 12/64 |S|=19 tri_free=True greedyα=28
    walk 13/64 |S|=20 tri_free=True greedyα=25
    walk 14/64 |S|=19 tri_free=True greedyα=27
    walk 15/64 |S|=18 tri_free=True greedyα=29
    walk 16/64 |S|=18 tri_free=True greedyα=30
    walk 17/64 |S|=19 tri_free=True greedyα=31
    walk 18/64 |S|=18 tri_free=True greedyα=22
    walk 19/64 |S|=19 tri_free=True greedyα=30
    walk 20/64 |S|=19 tri_free=True greedyα=24
    walk 21/64 |S|=19 orbit-dup skip
    walk 22/64 |S|=19 tri_free=True greedyα=33
    walk 23/64 |S|=19 tri_free=True greedyα=27
    walk 24/64 |S|=19 tri_free=True greedyα=26
    walk 25/64 |S|=20 tri_free=True greedyα=30
    walk 26/64 |S|=19 tri_free=True greedyα=30
    walk 27/64 |S|=19 tri_free=True greedyα=27
    walk 28/64 |S|=19 tri_free=True greedyα=30
    walk 29/64 |S|=18 tri_free=True greedyα=25
    walk 30/64 |S|=20 tri_free=True greedyα=30
    walk 31/64 |S|=18 tri_free=True greedyα=28
    walk 32/64 |S|=20 tri_free=True greedyα=31
    walk 33/64 |S|=17 tri_free=True greedyα=26
    walk 34/64 |S|=19 tri_free=True greedyα=26
    walk 35/64 |S|=20 tri_free=True greedyα=38
    walk 36/64 |S|=18 tri_free=True greedyα=25
    walk 37/64 |S|=19 tri_free=True greedyα=25
    walk 38/64 |S|=19 tri_free=True greedyα=32
    walk 39/64 |S|=18 tri_free=True greedyα=29
    walk 40/64 |S|=18 tri_free=True greedyα=30
    walk 41/64 |S|=18 tri_free=True greedyα=32
    walk 42/64 |S|=18 tri_free=True greedyα=36
    walk 43/64 |S|=18 tri_free=True greedyα=26
    walk 44/64 |S|=19 tri_free=True greedyα=26
    walk 45/64 |S|=19 tri_free=True greedyα=32
    walk 46/64 |S|=19 tri_free=True greedyα=48
    walk 47/64 |S|=19 tri_free=True greedyα=31
    walk 48/64 |S|=19 tri_free=True greedyα=30
    walk 49/64 |S|=18 tri_free=True greedyα=32
    walk 50/64 |S|=19 tri_free=True greedyα=25
    walk 51/64 |S|=17 tri_free=True greedyα=30
    walk 52/64 |S|=18 tri_free=True greedyα=27
    walk 53/64 |S|=19 tri_free=True greedyα=25
    walk 54/64 |S|=21 tri_free=True greedyα=46
    walk 55/64 |S|=19 tri_free=True greedyα=30
    walk 56/64 |S|=18 tri_free=True greedyα=28
    walk 57/64 |S|=20 tri_free=True greedyα=25
    walk 58/64 |S|=19 tri_free=True greedyα=37
    walk 59/64 |S|=20 tri_free=True greedyα=31
    walk 60/64 |S|=19 tri_free=True greedyα=28
    walk 61/64 |S|=21 tri_free=True greedyα=44
    walk 62/64 |S|=18 tri_free=True greedyα=26
    walk 63/64 |S|=19 tri_free=True greedyα=27
    walk 64/64 |S|=19 tri_free=True greedyα=29
  [5c] p=257 e=8 D4∪D6 pool=32 t=20
    walk 1/64 |S|=20 tri_free=True greedyα=38
    walk 2/64 |S|=20 tri_free=True greedyα=30
    walk 3/64 |S|=22 tri_free=True greedyα=44
    walk 4/64 |S|=20 tri_free=True greedyα=26
    walk 5/64 |S|=20 tri_free=True greedyα=25
    walk 6/64 |S|=21 tri_free=True greedyα=23
    walk 7/64 |S|=22 tri_free=True greedyα=39
    walk 8/64 |S|=19 tri_free=True greedyα=30
    walk 9/64 |S|=19 tri_free=True greedyα=35
    walk 10/64 |S|=20 tri_free=True greedyα=33
    walk 11/64 |S|=21 tri_free=True greedyα=27
    walk 12/64 |S|=20 tri_free=True greedyα=28
    walk 13/64 |S|=21 tri_free=True greedyα=26
    walk 14/64 |S|=22 tri_free=True greedyα=32
    walk 15/64 |S|=20 tri_free=True greedyα=47
    walk 16/64 |S|=20 tri_free=True greedyα=39
    walk 17/64 |S|=19 tri_free=True greedyα=25
    walk 18/64 |S|=21 orbit-dup skip
    walk 19/64 |S|=20 tri_free=True greedyα=24
    walk 20/64 |S|=20 tri_free=True greedyα=22
    walk 21/64 |S|=18 tri_free=True greedyα=31
    walk 22/64 |S|=22 tri_free=True greedyα=40
    walk 23/64 |S|=20 tri_free=True greedyα=27
    walk 24/64 |S|=18 tri_free=True greedyα=32
    walk 25/64 |S|=20 tri_free=True greedyα=33
    walk 26/64 |S|=19 tri_free=True greedyα=28
    walk 27/64 |S|=20 tri_free=True greedyα=24
    walk 28/64 |S|=19 tri_free=True greedyα=32
    walk 29/64 |S|=20 tri_free=True greedyα=27
    walk 30/64 |S|=22 tri_free=True greedyα=33
    walk 31/64 |S|=21 tri_free=True greedyα=22
    walk 32/64 |S|=19 tri_free=True greedyα=24
    walk 33/64 |S|=19 tri_free=True greedyα=27
    walk 34/64 |S|=19 tri_free=True greedyα=26
    walk 35/64 |S|=20 tri_free=True greedyα=29
    walk 36/64 |S|=19 tri_free=True greedyα=33
    walk 37/64 |S|=20 tri_free=True greedyα=29
    walk 38/64 |S|=20 tri_free=True greedyα=26
    walk 39/64 |S|=21 tri_free=True greedyα=26
    walk 40/64 |S|=20 tri_free=True greedyα=31
    walk 41/64 |S|=20 tri_free=True greedyα=34
    walk 42/64 |S|=19 tri_free=True greedyα=27
    walk 43/64 |S|=21 tri_free=True greedyα=28
    walk 44/64 |S|=19 tri_free=True greedyα=27
    walk 45/64 |S|=20 orbit-dup skip
    walk 46/64 |S|=18 tri_free=True greedyα=26
    walk 47/64 |S|=20 tri_free=True greedyα=30
    walk 48/64 |S|=20 tri_free=True greedyα=27
    walk 49/64 |S|=21 orbit-dup skip
    walk 50/64 |S|=19 tri_free=True greedyα=29
    walk 51/64 |S|=19 tri_free=True greedyα=30
    walk 52/64 |S|=18 tri_free=True greedyα=26
    walk 53/64 |S|=20 tri_free=True greedyα=30
    walk 54/64 |S|=18 tri_free=True greedyα=24
    walk 55/64 |S|=20 orbit-dup skip
    walk 56/64 |S|=20 tri_free=True greedyα=29
    walk 57/64 |S|=19 tri_free=True greedyα=25
    walk 58/64 |S|=18 tri_free=True greedyα=31
    walk 59/64 |S|=20 tri_free=True greedyα=26
    walk 60/64 |S|=19 tri_free=True greedyα=25
    walk 61/64 |S|=21 tri_free=True greedyα=26
    walk 62/64 |S|=18 tri_free=True greedyα=25
    walk 63/64 |S|=19 tri_free=True greedyα=24
    walk 64/64 |S|=18 tri_free=True greedyα=28
  [5c] p=257 e=8 D4∪D7 pool=32 t=20
    walk 1/64 |S|=21 tri_free=True greedyα=31
    walk 2/64 |S|=21 tri_free=True greedyα=27
    walk 3/64 |S|=20 tri_free=True greedyα=24
    walk 4/64 |S|=20 tri_free=True greedyα=22
    walk 5/64 |S|=20 tri_free=True greedyα=30
    walk 6/64 |S|=19 tri_free=True greedyα=30
    walk 7/64 |S|=20 tri_free=True greedyα=30
    walk 8/64 |S|=20 tri_free=True greedyα=23
    walk 9/64 |S|=20 tri_free=True greedyα=27
    walk 10/64 |S|=21 tri_free=True greedyα=26
    walk 11/64 |S|=20 tri_free=True greedyα=24
    walk 12/64 |S|=21 tri_free=True greedyα=34
    walk 13/64 |S|=20 tri_free=True greedyα=28
    walk 14/64 |S|=22 tri_free=True greedyα=24
    walk 15/64 |S|=21 tri_free=True greedyα=30
    walk 16/64 |S|=19 tri_free=True greedyα=24
    walk 17/64 |S|=19 tri_free=True greedyα=26
    walk 18/64 |S|=20 tri_free=True greedyα=37
    walk 19/64 |S|=20 tri_free=True greedyα=26
    walk 20/64 |S|=21 tri_free=True greedyα=31
    walk 21/64 |S|=20 tri_free=True greedyα=26
    walk 22/64 |S|=19 tri_free=True greedyα=27
    walk 23/64 |S|=21 tri_free=True greedyα=29
    walk 24/64 |S|=22 tri_free=True greedyα=25
    walk 25/64 |S|=20 tri_free=True greedyα=30
    walk 26/64 |S|=21 tri_free=True greedyα=29
    walk 27/64 |S|=21 tri_free=True greedyα=27
    walk 28/64 |S|=22 tri_free=True greedyα=24
    walk 29/64 |S|=20 tri_free=True greedyα=51
    walk 30/64 |S|=22 tri_free=True greedyα=35
    walk 31/64 |S|=21 tri_free=True greedyα=29
    walk 32/64 |S|=19 tri_free=True greedyα=34
    walk 33/64 |S|=22 tri_free=True greedyα=26
    walk 34/64 |S|=22 orbit-dup skip
    walk 35/64 |S|=20 tri_free=True greedyα=27
    walk 36/64 |S|=19 tri_free=True greedyα=32
    walk 37/64 |S|=20 tri_free=True greedyα=25
    walk 38/64 |S|=21 tri_free=True greedyα=26
    walk 39/64 |S|=19 tri_free=True greedyα=24
    walk 40/64 |S|=22 tri_free=True greedyα=24
    walk 41/64 |S|=19 tri_free=True greedyα=24
    walk 42/64 |S|=19 tri_free=True greedyα=28
    walk 43/64 |S|=20 tri_free=True greedyα=24
    walk 44/64 |S|=21 tri_free=True greedyα=29
    walk 45/64 |S|=19 tri_free=True greedyα=29
    walk 46/64 |S|=20 tri_free=True greedyα=30
    walk 47/64 |S|=20 tri_free=True greedyα=23
    walk 48/64 |S|=22 tri_free=True greedyα=30
    walk 49/64 |S|=21 tri_free=True greedyα=24
    walk 50/64 |S|=19 tri_free=True greedyα=25
    walk 51/64 |S|=20 tri_free=True greedyα=28
    walk 52/64 |S|=19 tri_free=True greedyα=27
    walk 53/64 |S|=21 tri_free=True greedyα=27
    walk 54/64 |S|=20 tri_free=True greedyα=27
    walk 55/64 |S|=20 tri_free=True greedyα=23
    walk 56/64 |S|=20 tri_free=True greedyα=24
    walk 57/64 |S|=21 tri_free=True greedyα=34
    walk 58/64 |S|=21 tri_free=True greedyα=29
    walk 59/64 |S|=21 tri_free=True greedyα=28
    walk 60/64 |S|=20 tri_free=True greedyα=29
    walk 61/64 |S|=20 tri_free=True greedyα=29
    walk 62/64 |S|=20 tri_free=True greedyα=28
    walk 63/64 |S|=21 tri_free=True greedyα=21
    walk 64/64 |S|=21 tri_free=True greedyα=31
  [5c] p=257 e=8 D5∪D6 pool=32 t=20
    walk 1/64 |S|=19 tri_free=True greedyα=27
    walk 2/64 |S|=20 tri_free=True greedyα=31
    walk 3/64 |S|=20 tri_free=True greedyα=38
    walk 4/64 |S|=17 tri_free=True greedyα=28
    walk 5/64 |S|=18 tri_free=True greedyα=25
    walk 6/64 |S|=19 tri_free=True greedyα=24
    walk 7/64 |S|=20 tri_free=True greedyα=39
    walk 8/64 |S|=20 tri_free=True greedyα=33
    walk 9/64 |S|=19 tri_free=True greedyα=29
    walk 10/64 |S|=21 tri_free=True greedyα=46
    walk 11/64 |S|=20 tri_free=True greedyα=30
    walk 12/64 |S|=20 tri_free=True greedyα=29
    walk 13/64 |S|=19 tri_free=True greedyα=26
    walk 14/64 |S|=19 tri_free=True greedyα=29
    walk 15/64 |S|=19 tri_free=True greedyα=30
    walk 16/64 |S|=20 tri_free=True greedyα=29
    walk 17/64 |S|=20 tri_free=True greedyα=23
    walk 18/64 |S|=20 tri_free=True greedyα=40
    walk 19/64 |S|=19 tri_free=True greedyα=29
    walk 20/64 |S|=19 tri_free=True greedyα=28
    walk 21/64 |S|=18 tri_free=True greedyα=29
    walk 22/64 |S|=18 tri_free=True greedyα=34
    walk 23/64 |S|=20 tri_free=True greedyα=30
    walk 24/64 |S|=20 orbit-dup skip
    walk 25/64 |S|=19 tri_free=True greedyα=35
    walk 26/64 |S|=18 tri_free=True greedyα=27
    walk 27/64 |S|=20 tri_free=True greedyα=26
    walk 28/64 |S|=19 tri_free=True greedyα=24
    walk 29/64 |S|=20 orbit-dup skip
    walk 30/64 |S|=20 tri_free=True greedyα=41
    walk 31/64 |S|=20 tri_free=True greedyα=31
    walk 32/64 |S|=20 tri_free=True greedyα=23
    walk 33/64 |S|=19 tri_free=True greedyα=30
    walk 34/64 |S|=18 tri_free=True greedyα=26
    walk 35/64 |S|=19 tri_free=True greedyα=36
    walk 36/64 |S|=19 tri_free=True greedyα=27
    walk 37/64 |S|=20 tri_free=True greedyα=38
    walk 38/64 |S|=19 tri_free=True greedyα=29
    walk 39/64 |S|=19 tri_free=True greedyα=44
    walk 40/64 |S|=19 tri_free=True greedyα=28
    walk 41/64 |S|=20 tri_free=True greedyα=25
    walk 42/64 |S|=20 tri_free=True greedyα=31
    walk 43/64 |S|=19 tri_free=True greedyα=24
    walk 44/64 |S|=20 tri_free=True greedyα=25
    walk 45/64 |S|=19 tri_free=True greedyα=37
    walk 46/64 |S|=19 tri_free=True greedyα=37
    walk 47/64 |S|=17 tri_free=True greedyα=31
    walk 48/64 |S|=18 tri_free=True greedyα=24
    walk 49/64 |S|=19 tri_free=True greedyα=30
    walk 50/64 |S|=19 tri_free=True greedyα=25
    walk 51/64 |S|=18 tri_free=True greedyα=27
    walk 52/64 |S|=19 tri_free=True greedyα=29
    walk 53/64 |S|=19 tri_free=True greedyα=29
    walk 54/64 |S|=19 tri_free=True greedyα=32
    walk 55/64 |S|=18 tri_free=True greedyα=25
    walk 56/64 |S|=20 tri_free=True greedyα=32
    walk 57/64 |S|=19 tri_free=True greedyα=29
    walk 58/64 |S|=18 tri_free=True greedyα=27
    walk 59/64 |S|=19 tri_free=True greedyα=35
    walk 60/64 |S|=20 tri_free=True greedyα=26
    walk 61/64 |S|=18 tri_free=True greedyα=32
    walk 62/64 |S|=19 tri_free=True greedyα=25
    walk 63/64 |S|=19 tri_free=True greedyα=29
    walk 64/64 |S|=18 tri_free=True greedyα=27
  [5c] p=257 e=8 D5∪D7 pool=32 t=20
    walk 1/64 |S|=20 tri_free=True greedyα=45
    walk 2/64 |S|=20 tri_free=True greedyα=24
    walk 3/64 |S|=19 tri_free=True greedyα=26
    walk 4/64 |S|=22 tri_free=True greedyα=42
    walk 5/64 |S|=19 tri_free=True greedyα=32
    walk 6/64 |S|=20 tri_free=True greedyα=24
    walk 7/64 |S|=20 tri_free=True greedyα=26
    walk 8/64 |S|=21 tri_free=True greedyα=25
    walk 9/64 |S|=20 tri_free=True greedyα=22
    walk 10/64 |S|=20 tri_free=True greedyα=30
    walk 11/64 |S|=20 tri_free=True greedyα=24
    walk 12/64 |S|=20 tri_free=True greedyα=34
    walk 13/64 |S|=21 tri_free=True greedyα=28
    walk 14/64 |S|=20 tri_free=True greedyα=24
    walk 15/64 |S|=18 tri_free=True greedyα=25
    walk 16/64 |S|=20 tri_free=True greedyα=28
    walk 17/64 |S|=19 tri_free=True greedyα=26
    walk 18/64 |S|=20 tri_free=True greedyα=31
    walk 19/64 |S|=20 tri_free=True greedyα=24
    walk 20/64 |S|=19 tri_free=True greedyα=24
    walk 21/64 |S|=19 tri_free=True greedyα=25
    walk 22/64 |S|=19 tri_free=True greedyα=36
    walk 23/64 |S|=19 tri_free=True greedyα=28
    walk 24/64 |S|=20 tri_free=True greedyα=24
    walk 25/64 |S|=19 tri_free=True greedyα=24
    walk 26/64 |S|=18 tri_free=True greedyα=32
    walk 27/64 |S|=18 tri_free=True greedyα=27
    walk 28/64 |S|=20 tri_free=True greedyα=27
    walk 29/64 |S|=19 tri_free=True greedyα=24
    walk 30/64 |S|=18 tri_free=True greedyα=29
    walk 31/64 |S|=20 tri_free=True greedyα=28
    walk 32/64 |S|=20 tri_free=True greedyα=32
    walk 33/64 |S|=20 tri_free=True greedyα=30
    walk 34/64 |S|=20 tri_free=True greedyα=29
    walk 35/64 |S|=21 tri_free=True greedyα=24
    walk 36/64 |S|=19 tri_free=True greedyα=34
    walk 37/64 |S|=18 tri_free=True greedyα=29
    walk 38/64 |S|=18 tri_free=True greedyα=25
    walk 39/64 |S|=20 tri_free=True greedyα=30
    walk 40/64 |S|=21 tri_free=True greedyα=28
    walk 41/64 |S|=20 tri_free=True greedyα=24
    walk 42/64 |S|=21 orbit-dup skip
    walk 43/64 |S|=18 tri_free=True greedyα=28
    walk 44/64 |S|=20 tri_free=True greedyα=33
    walk 45/64 |S|=19 tri_free=True greedyα=29
    walk 46/64 |S|=20 tri_free=True greedyα=28
    walk 47/64 |S|=21 tri_free=True greedyα=27
    walk 48/64 |S|=19 tri_free=True greedyα=28
    walk 49/64 |S|=22 tri_free=True greedyα=36
    walk 50/64 |S|=19 tri_free=True greedyα=30
    walk 51/64 |S|=21 tri_free=True greedyα=28
    walk 52/64 |S|=20 tri_free=True greedyα=23
    walk 53/64 |S|=19 tri_free=True greedyα=31
    walk 54/64 |S|=22 tri_free=True greedyα=45
    walk 55/64 |S|=19 tri_free=True greedyα=49
    walk 56/64 |S|=20 tri_free=True greedyα=41
    walk 57/64 |S|=19 tri_free=True greedyα=26
    walk 58/64 |S|=22 tri_free=True greedyα=42
    walk 59/64 |S|=21 tri_free=True greedyα=25
    walk 60/64 |S|=19 tri_free=True greedyα=31
    walk 61/64 |S|=19 tri_free=True greedyα=25
    walk 62/64 |S|=19 tri_free=True greedyα=31
    walk 63/64 |S|=19 tri_free=True greedyα=26
    walk 64/64 |S|=20 tri_free=True greedyα=26
  [5c] p=257 e=8 D6∪D7 pool=32 t=20
    walk 1/64 |S|=19 tri_free=True greedyα=46
    walk 2/64 |S|=19 tri_free=True greedyα=38
    walk 3/64 |S|=18 tri_free=True greedyα=28
    walk 4/64 |S|=18 tri_free=True greedyα=32
    walk 5/64 |S|=20 tri_free=True greedyα=28
    walk 6/64 |S|=20 tri_free=True greedyα=33
    walk 7/64 |S|=21 tri_free=True greedyα=44
    walk 8/64 |S|=19 tri_free=True greedyα=25
    walk 9/64 |S|=20 tri_free=True greedyα=40
    walk 10/64 |S|=17 tri_free=True greedyα=29
    walk 11/64 |S|=19 tri_free=True greedyα=32
    walk 12/64 |S|=19 tri_free=True greedyα=26
    walk 13/64 |S|=19 tri_free=True greedyα=28
    walk 14/64 |S|=19 tri_free=True greedyα=31
    walk 15/64 |S|=19 tri_free=True greedyα=30
    walk 16/64 |S|=20 tri_free=True greedyα=27
    walk 17/64 |S|=19 tri_free=True greedyα=25
    walk 18/64 |S|=19 tri_free=True greedyα=28
    walk 19/64 |S|=19 tri_free=True greedyα=28
    walk 20/64 |S|=20 tri_free=True greedyα=25
    walk 21/64 |S|=17 tri_free=True greedyα=28
    walk 22/64 |S|=19 tri_free=True greedyα=29
    walk 23/64 |S|=19 tri_free=True greedyα=26
    walk 24/64 |S|=19 tri_free=True greedyα=29
    walk 25/64 |S|=19 tri_free=True greedyα=30
    walk 26/64 |S|=20 tri_free=True greedyα=26
    walk 27/64 |S|=20 tri_free=True greedyα=42
    walk 28/64 |S|=19 tri_free=True greedyα=25
    walk 29/64 |S|=20 tri_free=True greedyα=39
    walk 30/64 |S|=19 tri_free=True greedyα=30
    walk 31/64 |S|=20 tri_free=True greedyα=28
    walk 32/64 |S|=19 tri_free=True greedyα=30
    walk 33/64 |S|=19 tri_free=True greedyα=28
    walk 34/64 |S|=19 tri_free=True greedyα=30
    walk 35/64 |S|=19 tri_free=True greedyα=27
    walk 36/64 |S|=19 tri_free=True greedyα=29
    walk 37/64 |S|=20 tri_free=True greedyα=24
    walk 38/64 |S|=19 tri_free=True greedyα=40
    walk 39/64 |S|=21 tri_free=True greedyα=40
    walk 40/64 |S|=19 tri_free=True greedyα=30
    walk 41/64 |S|=19 tri_free=True greedyα=33
    walk 42/64 |S|=19 tri_free=True greedyα=28
    walk 43/64 |S|=20 tri_free=True greedyα=30
    walk 44/64 |S|=20 tri_free=True greedyα=25
    walk 45/64 |S|=18 tri_free=True greedyα=28
    walk 46/64 |S|=19 tri_free=True greedyα=39
    walk 47/64 |S|=20 tri_free=True greedyα=39
    walk 48/64 |S|=20 tri_free=True greedyα=32
    walk 49/64 |S|=19 tri_free=True greedyα=30
    walk 50/64 |S|=20 tri_free=True greedyα=26
    walk 51/64 |S|=18 tri_free=True greedyα=29
    walk 52/64 |S|=19 tri_free=True greedyα=38
    walk 53/64 |S|=18 tri_free=True greedyα=25
    walk 54/64 |S|=18 tri_free=True greedyα=33
    walk 55/64 |S|=19 orbit-dup skip
    walk 56/64 |S|=20 tri_free=True greedyα=42
    walk 57/64 |S|=20 tri_free=True greedyα=35
    walk 58/64 |S|=19 tri_free=True greedyα=28
    walk 59/64 |S|=19 tri_free=True greedyα=30
    walk 60/64 |S|=19 tri_free=True greedyα=43
    walk 61/64 |S|=19 tri_free=True greedyα=26
    walk 62/64 |S|=20 tri_free=True greedyα=37
    walk 63/64 |S|=20 orbit-dup skip
    walk 64/64 |S|=20 tri_free=True greedyα=27
  [5c] p=271 e=5 D0∪D1 pool=54 t=20
    walk 1/64 |S|=27 tri_free=True greedyα=21
    walk 2/64 |S|=28 tri_free=True greedyα=22
    walk 3/64 |S|=28 tri_free=True greedyα=24
    walk 4/64 |S|=28 tri_free=True greedyα=26
    walk 5/64 |S|=27 tri_free=True greedyα=22
    walk 6/64 |S|=28 tri_free=True greedyα=24
    walk 7/64 |S|=27 tri_free=True greedyα=19
    walk 8/64 |S|=26 tri_free=True greedyα=24
    walk 9/64 |S|=27 tri_free=True greedyα=27
    walk 10/64 |S|=25 tri_free=True greedyα=23
    walk 11/64 |S|=29 tri_free=True greedyα=25
    walk 12/64 |S|=27 tri_free=True greedyα=31
    walk 13/64 |S|=27 tri_free=True greedyα=25
    walk 14/64 |S|=26 tri_free=True greedyα=31
    walk 15/64 |S|=26 tri_free=True greedyα=23
    walk 16/64 |S|=27 tri_free=True greedyα=31
    walk 17/64 |S|=25 tri_free=True greedyα=21
    walk 18/64 |S|=28 tri_free=True greedyα=25
    walk 19/64 |S|=26 tri_free=True greedyα=25
    walk 20/64 |S|=26 tri_free=True greedyα=26
    walk 21/64 |S|=27 tri_free=True greedyα=26
    walk 22/64 |S|=29 tri_free=True greedyα=26
    walk 23/64 |S|=26 tri_free=True greedyα=23
    walk 24/64 |S|=28 tri_free=True greedyα=22
    walk 25/64 |S|=29 tri_free=True greedyα=37
    walk 26/64 |S|=24 tri_free=True greedyα=29
    walk 27/64 |S|=27 tri_free=True greedyα=21
    walk 28/64 |S|=27 tri_free=True greedyα=27
    walk 29/64 |S|=25 tri_free=True greedyα=24
    walk 30/64 |S|=25 tri_free=True greedyα=25
    walk 31/64 |S|=31 tri_free=True greedyα=55
    walk 32/64 |S|=25 tri_free=True greedyα=25
    walk 33/64 |S|=27 tri_free=True greedyα=24
    walk 34/64 |S|=27 tri_free=True greedyα=26
    walk 35/64 |S|=24 tri_free=True greedyα=24
    walk 36/64 |S|=26 tri_free=True greedyα=24
    walk 37/64 |S|=27 tri_free=True greedyα=31
    walk 38/64 |S|=27 tri_free=True greedyα=22
    walk 39/64 |S|=29 tri_free=True greedyα=40
    walk 40/64 |S|=25 tri_free=True greedyα=26
    walk 41/64 |S|=25 tri_free=True greedyα=28
    walk 42/64 |S|=26 tri_free=True greedyα=34
    walk 43/64 |S|=27 tri_free=True greedyα=27
    walk 44/64 |S|=27 tri_free=True greedyα=31
    walk 45/64 |S|=27 tri_free=True greedyα=26
    walk 46/64 |S|=28 tri_free=True greedyα=33
    walk 47/64 |S|=25 tri_free=True greedyα=26
    walk 48/64 |S|=27 tri_free=True greedyα=25
    walk 49/64 |S|=27 tri_free=True greedyα=24
    walk 50/64 |S|=26 tri_free=True greedyα=19
    walk 51/64 |S|=25 tri_free=True greedyα=31
    walk 52/64 |S|=29 tri_free=True greedyα=25
    walk 53/64 |S|=25 tri_free=True greedyα=21
    walk 54/64 |S|=28 tri_free=True greedyα=40
    walk 55/64 |S|=27 tri_free=True greedyα=21
    walk 56/64 |S|=30 tri_free=True greedyα=25
    walk 57/64 |S|=26 tri_free=True greedyα=32
    walk 58/64 |S|=26 tri_free=True greedyα=22
    walk 59/64 |S|=26 tri_free=True greedyα=33
    walk 60/64 |S|=29 tri_free=True greedyα=31
    walk 61/64 |S|=28 tri_free=True greedyα=27
    walk 62/64 |S|=24 tri_free=True greedyα=27
    walk 63/64 |S|=26 tri_free=True greedyα=28
    walk 64/64 |S|=26 tri_free=True greedyα=24
      MIS |S|=27 greedyα=19 residual IS ≥ 19 (α(G)≥20) {'found': True, 'lower': 19, 'exact': True, 'nodes': 22, 'seconds': 0.0006151311099529266, 'timed_out': False, 'backend': 'c-decide'}
      MIS |S|=26 greedyα=19 residual IS ≥ 19 (α(G)≥20) {'found': True, 'lower': 19, 'exact': True, 'nodes': 35, 'seconds': 0.0005153454840183258, 'timed_out': False, 'backend': 'c-decide'}
  [5c] p=271 e=5 D0∪D2 pool=54 t=20
    walk 1/64 |S|=29 tri_free=True greedyα=24
    walk 2/64 |S|=27 tri_free=True greedyα=26
    walk 3/64 |S|=27 tri_free=True greedyα=27
    walk 4/64 |S|=26 tri_free=True greedyα=33
    walk 5/64 |S|=29 tri_free=True greedyα=45
    walk 6/64 |S|=28 tri_free=True greedyα=26
    walk 7/64 |S|=26 tri_free=True greedyα=28
    walk 8/64 |S|=27 tri_free=True greedyα=23
    walk 9/64 |S|=23 tri_free=True greedyα=30
    walk 10/64 |S|=26 tri_free=True greedyα=28
    walk 11/64 |S|=24 tri_free=True greedyα=22
    walk 12/64 |S|=26 tri_free=True greedyα=24
    walk 13/64 |S|=26 tri_free=True greedyα=33
    walk 14/64 |S|=26 tri_free=True greedyα=23
    walk 15/64 |S|=25 tri_free=True greedyα=29
    walk 16/64 |S|=27 tri_free=True greedyα=21
    walk 17/64 |S|=26 tri_free=True greedyα=26
    walk 18/64 |S|=26 tri_free=True greedyα=23
    walk 19/64 |S|=25 tri_free=True greedyα=24
    walk 20/64 |S|=28 tri_free=True greedyα=24
    walk 21/64 |S|=25 tri_free=True greedyα=25
    walk 22/64 |S|=25 tri_free=True greedyα=21
    walk 23/64 |S|=26 tri_free=True greedyα=30
    walk 24/64 |S|=26 tri_free=True greedyα=28
    walk 25/64 |S|=26 tri_free=True greedyα=22
    walk 26/64 |S|=27 tri_free=True greedyα=26
    walk 27/64 |S|=26 tri_free=True greedyα=25
    walk 28/64 |S|=27 tri_free=True greedyα=34
    walk 29/64 |S|=23 tri_free=True greedyα=26
    walk 30/64 |S|=25 tri_free=True greedyα=26
    walk 31/64 |S|=24 tri_free=True greedyα=26
    walk 32/64 |S|=28 tri_free=True greedyα=25
    walk 33/64 |S|=26 tri_free=True greedyα=29
    walk 34/64 |S|=25 tri_free=True greedyα=24
    walk 35/64 |S|=26 tri_free=True greedyα=26
    walk 36/64 |S|=27 tri_free=True greedyα=26
    walk 37/64 |S|=27 tri_free=True greedyα=25
    walk 38/64 |S|=28 tri_free=True greedyα=29
    walk 39/64 |S|=26 tri_free=True greedyα=27
    walk 40/64 |S|=25 tri_free=True greedyα=24
    walk 41/64 |S|=27 tri_free=True greedyα=26
    walk 42/64 |S|=26 tri_free=True greedyα=38
    walk 43/64 |S|=27 tri_free=True greedyα=33
    walk 44/64 |S|=27 tri_free=True greedyα=22
    walk 45/64 |S|=27 tri_free=True greedyα=23
    walk 46/64 |S|=26 tri_free=True greedyα=24
    walk 47/64 |S|=24 tri_free=True greedyα=36
    walk 48/64 |S|=29 tri_free=True greedyα=32
    walk 49/64 |S|=25 tri_free=True greedyα=26
    walk 50/64 |S|=26 tri_free=True greedyα=26
    walk 51/64 |S|=27 tri_free=True greedyα=25
    walk 52/64 |S|=24 tri_free=True greedyα=28
    walk 53/64 |S|=26 tri_free=True greedyα=22
    walk 54/64 |S|=25 tri_free=True greedyα=33
    walk 55/64 |S|=26 tri_free=True greedyα=30
    walk 56/64 |S|=24 tri_free=True greedyα=28
    walk 57/64 |S|=27 tri_free=True greedyα=20
    walk 58/64 |S|=25 tri_free=True greedyα=27
    walk 59/64 |S|=26 tri_free=True greedyα=21
    walk 60/64 |S|=25 tri_free=True greedyα=31
    walk 61/64 |S|=26 tri_free=True greedyα=29
    walk 62/64 |S|=28 tri_free=True greedyα=31
    walk 63/64 |S|=26 tri_free=True greedyα=26
    walk 64/64 |S|=28 tri_free=True greedyα=31
  [5c] p=271 e=5 D0∪D3 pool=54 t=20
    walk 1/64 |S|=27 tri_free=True greedyα=22
    walk 2/64 |S|=25 tri_free=True greedyα=23
    walk 3/64 |S|=26 tri_free=True greedyα=22
    walk 4/64 |S|=25 tri_free=True greedyα=22
    walk 5/64 |S|=25 tri_free=True greedyα=23
    walk 6/64 |S|=25 tri_free=True greedyα=26
    walk 7/64 |S|=27 tri_free=True greedyα=25
    walk 8/64 |S|=31 tri_free=True greedyα=49
    walk 9/64 |S|=28 tri_free=True greedyα=30
    walk 10/64 |S|=24 tri_free=True greedyα=22
    walk 11/64 |S|=25 tri_free=True greedyα=23
    walk 12/64 |S|=25 tri_free=True greedyα=23
    walk 13/64 |S|=27 tri_free=True greedyα=27
    walk 14/64 |S|=23 tri_free=True greedyα=24
    walk 15/64 |S|=26 tri_free=True greedyα=28
    walk 16/64 |S|=25 tri_free=True greedyα=26
    walk 17/64 |S|=25 tri_free=True greedyα=27
    walk 18/64 |S|=28 tri_free=True greedyα=27
    walk 19/64 |S|=26 tri_free=True greedyα=23
    walk 20/64 |S|=25 tri_free=True greedyα=30
    walk 21/64 |S|=28 tri_free=True greedyα=25
    walk 22/64 |S|=28 tri_free=True greedyα=35
    walk 23/64 |S|=26 tri_free=True greedyα=30
    walk 24/64 |S|=27 tri_free=True greedyα=25
    walk 25/64 |S|=27 tri_free=True greedyα=27
    walk 26/64 |S|=26 tri_free=True greedyα=26
    walk 27/64 |S|=28 tri_free=True greedyα=28
    walk 28/64 |S|=28 tri_free=True greedyα=27
    walk 29/64 |S|=26 tri_free=True greedyα=31
    walk 30/64 |S|=25 tri_free=True greedyα=26
    walk 31/64 |S|=26 tri_free=True greedyα=27
    walk 32/64 |S|=24 tri_free=True greedyα=28
    walk 33/64 |S|=26 tri_free=True greedyα=27
    walk 34/64 |S|=25 tri_free=True greedyα=33
    walk 35/64 |S|=27 tri_free=True greedyα=31
    walk 36/64 |S|=27 tri_free=True greedyα=24
    walk 37/64 |S|=25 tri_free=True greedyα=23
    walk 38/64 |S|=24 tri_free=True greedyα=22
    walk 39/64 |S|=24 tri_free=True greedyα=24
    walk 40/64 |S|=26 tri_free=True greedyα=24
    walk 41/64 |S|=26 tri_free=True greedyα=21
    walk 42/64 |S|=26 tri_free=True greedyα=24
    walk 43/64 |S|=24 tri_free=True greedyα=30
    walk 44/64 |S|=27 tri_free=True greedyα=25
    walk 45/64 |S|=25 tri_free=True greedyα=26
    walk 46/64 |S|=25 tri_free=True greedyα=23
    walk 47/64 |S|=29 tri_free=True greedyα=35
    walk 48/64 |S|=25 tri_free=True greedyα=27
    walk 49/64 |S|=29 tri_free=True greedyα=45
    walk 50/64 |S|=25 tri_free=True greedyα=25
    walk 51/64 |S|=28 tri_free=True greedyα=26
    walk 52/64 |S|=25 tri_free=True greedyα=23
    walk 53/64 |S|=26 tri_free=True greedyα=21
    walk 54/64 |S|=26 tri_free=True greedyα=25
    walk 55/64 |S|=27 tri_free=True greedyα=25
    walk 56/64 |S|=25 tri_free=True greedyα=24
    walk 57/64 |S|=25 tri_free=True greedyα=24
    walk 58/64 |S|=26 tri_free=True greedyα=23
    walk 59/64 |S|=25 tri_free=True greedyα=23
    walk 60/64 |S|=28 tri_free=True greedyα=23
    walk 61/64 |S|=27 tri_free=True greedyα=31
    walk 62/64 |S|=27 tri_free=True greedyα=33
    walk 63/64 |S|=28 tri_free=True greedyα=23
    walk 64/64 |S|=25 tri_free=True greedyα=24
  [5c] p=271 e=5 D0∪D4 pool=54 t=20
    walk 1/64 |S|=27 tri_free=True greedyα=21
    walk 2/64 |S|=28 tri_free=True greedyα=26
    walk 3/64 |S|=27 tri_free=True greedyα=25
    walk 4/64 |S|=30 tri_free=True greedyα=44
    walk 5/64 |S|=27 tri_free=True greedyα=23
    walk 6/64 |S|=26 tri_free=True greedyα=22
    walk 7/64 |S|=27 tri_free=True greedyα=29
    walk 8/64 |S|=26 tri_free=True greedyα=26
    walk 9/64 |S|=29 tri_free=True greedyα=34
    walk 10/64 |S|=26 tri_free=True greedyα=23
    walk 11/64 |S|=24 tri_free=True greedyα=23
    walk 12/64 |S|=25 tri_free=True greedyα=17
    walk 13/64 |S|=27 tri_free=True greedyα=30
    walk 14/64 |S|=25 tri_free=True greedyα=24
    walk 15/64 |S|=26 tri_free=True greedyα=26
    walk 16/64 |S|=28 tri_free=True greedyα=28
    walk 17/64 |S|=27 tri_free=True greedyα=35
    walk 18/64 |S|=26 tri_free=True greedyα=24
    walk 19/64 |S|=26 tri_free=True greedyα=26
    walk 20/64 |S|=27 tri_free=True greedyα=33
    walk 21/64 |S|=26 tri_free=True greedyα=26
    walk 22/64 |S|=27 tri_free=True greedyα=26
    walk 23/64 |S|=30 tri_free=True greedyα=39
    walk 24/64 |S|=27 tri_free=True greedyα=24
    walk 25/64 |S|=27 tri_free=True greedyα=33
    walk 26/64 |S|=25 tri_free=True greedyα=24
    walk 27/64 |S|=28 tri_free=True greedyα=32
    walk 28/64 |S|=28 tri_free=True greedyα=25
    walk 29/64 |S|=28 tri_free=True greedyα=35
    walk 30/64 |S|=27 tri_free=True greedyα=47
    walk 31/64 |S|=25 tri_free=True greedyα=24
    walk 32/64 |S|=25 tri_free=True greedyα=24
    walk 33/64 |S|=28 tri_free=True greedyα=25
    walk 34/64 |S|=27 tri_free=True greedyα=27
    walk 35/64 |S|=25 tri_free=True greedyα=25
    walk 36/64 |S|=28 tri_free=True greedyα=26
    walk 37/64 |S|=27 tri_free=True greedyα=23
    walk 38/64 |S|=27 tri_free=True greedyα=32
    walk 39/64 |S|=26 tri_free=True greedyα=25
    walk 40/64 |S|=24 tri_free=True greedyα=24
    walk 41/64 |S|=25 tri_free=True greedyα=29
    walk 42/64 |S|=26 tri_free=True greedyα=23
    walk 43/64 |S|=27 tri_free=True greedyα=24
    walk 44/64 |S|=25 tri_free=True greedyα=22
    walk 45/64 |S|=27 tri_free=True greedyα=26
    walk 46/64 |S|=28 tri_free=True greedyα=29
    walk 47/64 |S|=27 tri_free=True greedyα=24
    walk 48/64 |S|=26 tri_free=True greedyα=26
    walk 49/64 |S|=27 tri_free=True greedyα=30
    walk 50/64 |S|=26 tri_free=True greedyα=24
    walk 51/64 |S|=27 tri_free=True greedyα=42
    walk 52/64 |S|=25 tri_free=True greedyα=27
    walk 53/64 |S|=26 tri_free=True greedyα=18
    walk 54/64 |S|=28 tri_free=True greedyα=27
    walk 55/64 |S|=25 tri_free=True greedyα=28
    walk 56/64 |S|=28 tri_free=True greedyα=30
    walk 57/64 |S|=26 tri_free=True greedyα=30
    walk 58/64 |S|=27 tri_free=True greedyα=21
    walk 59/64 |S|=26 tri_free=True greedyα=26
    walk 60/64 |S|=25 tri_free=True greedyα=24
    walk 61/64 |S|=29 tri_free=True greedyα=23
    walk 62/64 |S|=26 tri_free=True greedyα=26
    walk 63/64 |S|=28 tri_free=True greedyα=27
    walk 64/64 |S|=28 tri_free=True greedyα=25
      MIS |S|=25 greedyα=17 residual IS ≥ 19 (α(G)≥20) {'found': True, 'lower': 19, 'exact': True, 'nodes': 28, 'seconds': 0.0005705505609512329, 'timed_out': False, 'backend': 'c-decide'}
      MIS |S|=26 greedyα=18 residual IS ≥ 19 (α(G)≥20) {'found': True, 'lower': 19, 'exact': True, 'nodes': 55, 'seconds': 0.0005272142589092255, 'timed_out': False, 'backend': 'c-decide'}
  [5c] p=271 e=5 D1∪D2 pool=54 t=20
    walk 1/64 |S|=26 tri_free=True greedyα=25
    walk 2/64 |S|=26 tri_free=True greedyα=21
    walk 3/64 |S|=29 tri_free=True greedyα=22
    walk 4/64 |S|=26 tri_free=True greedyα=25
    walk 5/64 |S|=25 tri_free=True greedyα=24
    walk 6/64 |S|=26 tri_free=True greedyα=25
    walk 7/64 |S|=28 tri_free=True greedyα=25
    walk 8/64 |S|=29 tri_free=True greedyα=32
    walk 9/64 |S|=26 tri_free=True greedyα=26
    walk 10/64 |S|=28 tri_free=True greedyα=22
    walk 11/64 |S|=25 tri_free=True greedyα=22
    walk 12/64 |S|=25 tri_free=True greedyα=22
    walk 13/64 |S|=27 tri_free=True greedyα=25
    walk 14/64 |S|=26 tri_free=True greedyα=26
    walk 15/64 |S|=26 tri_free=True greedyα=28
    walk 16/64 |S|=26 tri_free=True greedyα=26
    walk 17/64 |S|=25 tri_free=True greedyα=25
    walk 18/64 |S|=29 tri_free=True greedyα=36
    walk 19/64 |S|=25 tri_free=True greedyα=21
    walk 20/64 |S|=28 tri_free=True greedyα=34
    walk 21/64 |S|=24 tri_free=True greedyα=25
    walk 22/64 |S|=26 tri_free=True greedyα=25
    walk 23/64 |S|=31 tri_free=True greedyα=55
    walk 24/64 |S|=27 tri_free=True greedyα=22
    walk 25/64 |S|=25 tri_free=True greedyα=21
    walk 26/64 |S|=27 tri_free=True greedyα=21
    walk 27/64 |S|=27 tri_free=True greedyα=34
    walk 28/64 |S|=26 tri_free=True greedyα=23
    walk 29/64 |S|=27 tri_free=True greedyα=27
    walk 30/64 |S|=27 tri_free=True greedyα=24
    walk 31/64 |S|=27 tri_free=True greedyα=24
    walk 32/64 |S|=26 tri_free=True greedyα=29
    walk 33/64 |S|=27 tri_free=True greedyα=25
    walk 34/64 |S|=28 tri_free=True greedyα=24
    walk 35/64 |S|=25 tri_free=True greedyα=24
    walk 36/64 |S|=27 tri_free=True greedyα=24
    walk 37/64 |S|=25 tri_free=True greedyα=24
    walk 38/64 |S|=24 tri_free=True greedyα=28
    walk 39/64 |S|=24 tri_free=True greedyα=23
    walk 40/64 |S|=27 tri_free=True greedyα=31
    walk 41/64 |S|=26 tri_free=True greedyα=27
    walk 42/64 |S|=27 tri_free=True greedyα=25
    walk 43/64 |S|=26 tri_free=True greedyα=20
    walk 44/64 |S|=26 tri_free=True greedyα=17
    walk 45/64 |S|=25 tri_free=True greedyα=23
    walk 46/64 |S|=26 tri_free=True greedyα=30
    walk 47/64 |S|=28 tri_free=True greedyα=31
    walk 48/64 |S|=22 tri_free=True greedyα=24
    walk 49/64 |S|=25 tri_free=True greedyα=24
    walk 50/64 |S|=24 tri_free=True greedyα=25
    walk 51/64 |S|=27 tri_free=True greedyα=24
    walk 52/64 |S|=27 tri_free=True greedyα=28
    walk 53/64 |S|=29 tri_free=True greedyα=42
    walk 54/64 |S|=29 tri_free=True greedyα=25
    walk 55/64 |S|=27 tri_free=True greedyα=24
    walk 56/64 |S|=28 tri_free=True greedyα=35
    walk 57/64 |S|=28 tri_free=True greedyα=26
    walk 58/64 |S|=26 tri_free=True greedyα=30
    walk 59/64 |S|=27 tri_free=True greedyα=23
    walk 60/64 |S|=27 tri_free=True greedyα=24
    walk 61/64 |S|=28 tri_free=True greedyα=25
    walk 62/64 |S|=25 tri_free=True greedyα=21
    walk 63/64 |S|=26 tri_free=True greedyα=28
    walk 64/64 |S|=27 tri_free=True greedyα=26
      MIS |S|=26 greedyα=17 residual IS ≥ 19 (α(G)≥20) {'found': True, 'lower': 19, 'exact': True, 'nodes': 31, 'seconds': 0.0005018934607505798, 'timed_out': False, 'backend': 'c-decide'}
  [5c] p=271 e=5 D1∪D3 pool=54 t=20
    walk 1/64 |S|=27 tri_free=True greedyα=21
    walk 2/64 |S|=25 tri_free=True greedyα=26
    walk 3/64 |S|=25 tri_free=True greedyα=25
    walk 4/64 |S|=23 tri_free=True greedyα=29
    walk 5/64 |S|=26 tri_free=True greedyα=24
    walk 6/64 |S|=26 tri_free=True greedyα=34
    walk 7/64 |S|=25 tri_free=True greedyα=31
    walk 8/64 |S|=25 tri_free=True greedyα=23
    walk 9/64 |S|=25 tri_free=True greedyα=28
    walk 10/64 |S|=23 tri_free=True greedyα=23
    walk 11/64 |S|=26 tri_free=True greedyα=20
    walk 12/64 |S|=27 tri_free=True greedyα=29
    walk 13/64 |S|=28 tri_free=True greedyα=31
    walk 14/64 |S|=22 tri_free=True greedyα=22
    walk 15/64 |S|=26 tri_free=True greedyα=23
    walk 16/64 |S|=26 tri_free=True greedyα=26
    walk 17/64 |S|=26 tri_free=True greedyα=27
    walk 18/64 |S|=24 tri_free=True greedyα=23
    walk 19/64 |S|=25 tri_free=True greedyα=20
    walk 20/64 |S|=26 tri_free=True greedyα=25
    walk 21/64 |S|=24 tri_free=True greedyα=23
    walk 22/64 |S|=28 tri_free=True greedyα=37
    walk 23/64 |S|=28 tri_free=True greedyα=22
    walk 24/64 |S|=26 tri_free=True greedyα=22
    walk 25/64 |S|=26 tri_free=True greedyα=27
    walk 26/64 |S|=23 tri_free=True greedyα=27
    walk 27/64 |S|=26 tri_free=True greedyα=31
    walk 28/64 |S|=25 tri_free=True greedyα=33
    walk 29/64 |S|=27 tri_free=True greedyα=24
    walk 30/64 |S|=25 tri_free=True greedyα=25
    walk 31/64 |S|=23 tri_free=True greedyα=26
    walk 32/64 |S|=25 tri_free=True greedyα=25
    walk 33/64 |S|=26 tri_free=True greedyα=33
    walk 34/64 |S|=26 tri_free=True greedyα=27
    walk 35/64 |S|=26 tri_free=True greedyα=30
    walk 36/64 |S|=26 tri_free=True greedyα=24
    walk 37/64 |S|=27 tri_free=True greedyα=27
    walk 38/64 |S|=26 tri_free=True greedyα=25
    walk 39/64 |S|=27 tri_free=True greedyα=22
    walk 40/64 |S|=25 tri_free=True greedyα=22
    walk 41/64 |S|=29 tri_free=True greedyα=40
    walk 42/64 |S|=26 tri_free=True greedyα=26
    walk 43/64 |S|=25 tri_free=True greedyα=27
    walk 44/64 |S|=27 tri_free=True greedyα=24
    walk 45/64 |S|=26 tri_free=True greedyα=24
    walk 46/64 |S|=24 tri_free=True greedyα=27
    walk 47/64 |S|=25 tri_free=True greedyα=22
    walk 48/64 |S|=28 tri_free=True greedyα=28
    walk 49/64 |S|=27 tri_free=True greedyα=47
    walk 50/64 |S|=28 tri_free=True greedyα=24
    walk 51/64 |S|=26 tri_free=True greedyα=22
    walk 52/64 |S|=26 tri_free=True greedyα=27
    walk 53/64 |S|=28 tri_free=True greedyα=28
    walk 54/64 |S|=25 tri_free=True greedyα=20
    walk 55/64 |S|=25 tri_free=True greedyα=25
    walk 56/64 |S|=26 tri_free=True greedyα=25
    walk 57/64 |S|=27 tri_free=True greedyα=25
    walk 58/64 |S|=25 tri_free=True greedyα=22
    walk 59/64 |S|=25 tri_free=True greedyα=22
    walk 60/64 |S|=26 tri_free=True greedyα=31
    walk 61/64 |S|=26 tri_free=True greedyα=32
    walk 62/64 |S|=27 tri_free=True greedyα=24
    walk 63/64 |S|=26 tri_free=True greedyα=25
    walk 64/64 |S|=27 tri_free=True greedyα=24
  [5c] p=271 e=5 D1∪D4 pool=54 t=20
    walk 1/64 |S|=26 tri_free=True greedyα=27
    walk 2/64 |S|=27 tri_free=True greedyα=30
    walk 3/64 |S|=26 tri_free=True greedyα=24
    walk 4/64 |S|=25 tri_free=True greedyα=27
    walk 5/64 |S|=26 tri_free=True greedyα=23
    walk 6/64 |S|=26 tri_free=True greedyα=32
    walk 7/64 |S|=24 tri_free=True greedyα=27
    walk 8/64 |S|=24 tri_free=True greedyα=25
    walk 9/64 |S|=24 tri_free=True greedyα=24
    walk 10/64 |S|=26 tri_free=True greedyα=37
    walk 11/64 |S|=29 tri_free=True greedyα=40
    walk 12/64 |S|=25 tri_free=True greedyα=26
    walk 13/64 |S|=24 tri_free=True greedyα=23
    walk 14/64 |S|=27 tri_free=True greedyα=23
    walk 15/64 |S|=24 tri_free=True greedyα=27
    walk 16/64 |S|=26 tri_free=True greedyα=31
    walk 17/64 |S|=25 tri_free=True greedyα=30
    walk 18/64 |S|=26 tri_free=True greedyα=23
    walk 19/64 |S|=27 tri_free=True greedyα=22
    walk 20/64 |S|=29 tri_free=True greedyα=22
    walk 21/64 |S|=27 tri_free=True greedyα=24
    walk 22/64 |S|=27 tri_free=True greedyα=27
    walk 23/64 |S|=25 tri_free=True greedyα=23
    walk 24/64 |S|=27 tri_free=True greedyα=26
    walk 25/64 |S|=26 tri_free=True greedyα=23
    walk 26/64 |S|=29 tri_free=True greedyα=32
    walk 27/64 |S|=28 tri_free=True greedyα=23
    walk 28/64 |S|=26 tri_free=True greedyα=27
    walk 29/64 |S|=24 tri_free=True greedyα=34
    walk 30/64 |S|=29 tri_free=True greedyα=35
    walk 31/64 |S|=25 tri_free=True greedyα=22
    walk 32/64 |S|=27 tri_free=True greedyα=28
    walk 33/64 |S|=29 tri_free=True greedyα=24
    walk 34/64 |S|=26 tri_free=True greedyα=25
    walk 35/64 |S|=24 tri_free=True greedyα=26
    walk 36/64 |S|=23 tri_free=True greedyα=26
    walk 37/64 |S|=27 tri_free=True greedyα=28
    walk 38/64 |S|=25 tri_free=True greedyα=23
    walk 39/64 |S|=26 tri_free=True greedyα=25
    walk 40/64 |S|=24 tri_free=True greedyα=29
    walk 41/64 |S|=27 tri_free=True greedyα=28
    walk 42/64 |S|=26 tri_free=True greedyα=25
    walk 43/64 |S|=26 tri_free=True greedyα=25
    walk 44/64 |S|=26 tri_free=True greedyα=26
    walk 45/64 |S|=27 tri_free=True greedyα=20
    walk 46/64 |S|=28 tri_free=True greedyα=27
    walk 47/64 |S|=26 tri_free=True greedyα=24
    walk 48/64 |S|=26 tri_free=True greedyα=26
    walk 49/64 |S|=23 tri_free=True greedyα=28
    walk 50/64 |S|=27 tri_free=True greedyα=31
    walk 51/64 |S|=23 tri_free=True greedyα=23
    walk 52/64 |S|=25 tri_free=True greedyα=23
    walk 53/64 |S|=27 tri_free=True greedyα=29
    walk 54/64 |S|=24 tri_free=True greedyα=25
    walk 55/64 |S|=25 tri_free=True greedyα=26
    walk 56/64 |S|=28 tri_free=True greedyα=27
    walk 57/64 |S|=26 tri_free=True greedyα=34
    walk 58/64 |S|=26 tri_free=True greedyα=30
    walk 59/64 |S|=25 tri_free=True greedyα=24
    walk 60/64 |S|=25 tri_free=True greedyα=23
    walk 61/64 |S|=26 tri_free=True greedyα=24
    walk 62/64 |S|=27 tri_free=True greedyα=22
    walk 63/64 |S|=24 tri_free=True greedyα=24
    walk 64/64 |S|=25 tri_free=True greedyα=23
  [5c] p=271 e=5 D2∪D3 pool=54 t=20
    walk 1/64 |S|=26 tri_free=True greedyα=21
    walk 2/64 |S|=28 tri_free=True greedyα=26
    walk 3/64 |S|=28 tri_free=True greedyα=22
    walk 4/64 |S|=29 tri_free=True greedyα=23
    walk 5/64 |S|=25 tri_free=True greedyα=22
    walk 6/64 |S|=26 tri_free=True greedyα=30
    walk 7/64 |S|=25 tri_free=True greedyα=35
    walk 8/64 |S|=27 tri_free=True greedyα=29
    walk 9/64 |S|=27 tri_free=True greedyα=24
    walk 10/64 |S|=29 tri_free=True greedyα=36
    walk 11/64 |S|=27 tri_free=True greedyα=24
    walk 12/64 |S|=27 tri_free=True greedyα=26
    walk 13/64 |S|=25 tri_free=True greedyα=31
    walk 14/64 |S|=26 tri_free=True greedyα=25
    walk 15/64 |S|=28 tri_free=True greedyα=25
    walk 16/64 |S|=29 tri_free=True greedyα=47
    walk 17/64 |S|=27 tri_free=True greedyα=25
    walk 18/64 |S|=27 tri_free=True greedyα=23
    walk 19/64 |S|=25 tri_free=True greedyα=22
    walk 20/64 |S|=26 tri_free=True greedyα=23
    walk 21/64 |S|=25 tri_free=True greedyα=24
    walk 22/64 |S|=26 tri_free=True greedyα=23
    walk 23/64 |S|=25 tri_free=True greedyα=27
    walk 24/64 |S|=27 tri_free=True greedyα=26
    walk 25/64 |S|=27 tri_free=True greedyα=21
    walk 26/64 |S|=25 tri_free=True greedyα=22
    walk 27/64 |S|=26 tri_free=True greedyα=24
    walk 28/64 |S|=29 tri_free=True greedyα=21
    walk 29/64 |S|=27 tri_free=True greedyα=19
    walk 30/64 |S|=29 tri_free=True greedyα=29
    walk 31/64 |S|=28 tri_free=True greedyα=24
    walk 32/64 |S|=28 tri_free=True greedyα=23
    walk 33/64 |S|=27 tri_free=True greedyα=23
    walk 34/64 |S|=25 tri_free=True greedyα=21
    walk 35/64 |S|=28 tri_free=True greedyα=36
    walk 36/64 |S|=31 tri_free=True greedyα=51
    walk 37/64 |S|=27 tri_free=True greedyα=23
    walk 38/64 |S|=25 tri_free=True greedyα=27
    walk 39/64 |S|=31 tri_free=True greedyα=36
    walk 40/64 |S|=25 tri_free=True greedyα=29
    walk 41/64 |S|=30 tri_free=True greedyα=51
    walk 42/64 |S|=25 tri_free=True greedyα=24
    walk 43/64 |S|=26 tri_free=True greedyα=27
    walk 44/64 |S|=26 tri_free=True greedyα=23
    walk 45/64 |S|=25 tri_free=True greedyα=24
    walk 46/64 |S|=27 tri_free=True greedyα=31
    walk 47/64 |S|=27 tri_free=True greedyα=27
    walk 48/64 |S|=27 tri_free=True greedyα=24
    walk 49/64 |S|=27 tri_free=True greedyα=25
    walk 50/64 |S|=30 tri_free=True greedyα=30
    walk 51/64 |S|=27 tri_free=True greedyα=27
    walk 52/64 |S|=27 tri_free=True greedyα=25
    walk 53/64 |S|=28 tri_free=True greedyα=25
    walk 54/64 |S|=26 tri_free=True greedyα=22
    walk 55/64 |S|=25 tri_free=True greedyα=23
    walk 56/64 |S|=27 tri_free=True greedyα=22
    walk 57/64 |S|=27 tri_free=True greedyα=27
    walk 58/64 |S|=25 tri_free=True greedyα=22
    walk 59/64 |S|=28 tri_free=True greedyα=46
    walk 60/64 |S|=26 tri_free=True greedyα=25
    walk 61/64 |S|=28 tri_free=True greedyα=29
    walk 62/64 |S|=27 tri_free=True greedyα=24
    walk 63/64 |S|=30 tri_free=True greedyα=53
    walk 64/64 |S|=26 tri_free=True greedyα=21
      MIS |S|=27 greedyα=19 residual IS ≥ 19 (α(G)≥20) {'found': True, 'lower': 19, 'exact': True, 'nodes': 24, 'seconds': 0.000583745539188385, 'timed_out': False, 'backend': 'c-decide'}
  [5c] p=271 e=5 D2∪D4 pool=54 t=20
    walk 1/64 |S|=29 tri_free=True greedyα=23
    walk 2/64 |S|=28 tri_free=True greedyα=26
    walk 3/64 |S|=25 tri_free=True greedyα=23
    walk 4/64 |S|=27 tri_free=True greedyα=29
    walk 5/64 |S|=28 tri_free=True greedyα=36
    walk 6/64 |S|=24 tri_free=True greedyα=32
    walk 7/64 |S|=26 tri_free=True greedyα=25
    walk 8/64 |S|=26 tri_free=True greedyα=22
    walk 9/64 |S|=25 tri_free=True greedyα=24
    walk 10/64 |S|=26 tri_free=True greedyα=25
    walk 11/64 |S|=26 tri_free=True greedyα=24
    walk 12/64 |S|=26 tri_free=True greedyα=28
    walk 13/64 |S|=26 tri_free=True greedyα=23
    walk 14/64 |S|=25 tri_free=True greedyα=21
    walk 15/64 |S|=28 tri_free=True greedyα=30
    walk 16/64 |S|=26 tri_free=True greedyα=26
    walk 17/64 |S|=24 tri_free=True greedyα=22
    walk 18/64 |S|=25 tri_free=True greedyα=25
    walk 19/64 |S|=27 tri_free=True greedyα=47
    walk 20/64 |S|=26 tri_free=True greedyα=24
    walk 21/64 |S|=27 tri_free=True greedyα=23
    walk 22/64 |S|=25 tri_free=True greedyα=24
    walk 23/64 |S|=26 tri_free=True greedyα=22
    walk 24/64 |S|=26 tri_free=True greedyα=25
    walk 25/64 |S|=26 tri_free=True greedyα=35
    walk 26/64 |S|=25 tri_free=True greedyα=22
    walk 27/64 |S|=25 tri_free=True greedyα=23
    walk 28/64 |S|=25 tri_free=True greedyα=28
    walk 29/64 |S|=27 tri_free=True greedyα=23
    walk 30/64 |S|=27 tri_free=True greedyα=28
    walk 31/64 |S|=26 tri_free=True greedyα=25
    walk 32/64 |S|=27 tri_free=True greedyα=22
    walk 33/64 |S|=26 tri_free=True greedyα=29
    walk 34/64 |S|=26 tri_free=True greedyα=26
    walk 35/64 |S|=26 tri_free=True greedyα=29
    walk 36/64 |S|=26 tri_free=True greedyα=25
    walk 37/64 |S|=25 tri_free=True greedyα=26
    walk 38/64 |S|=28 tri_free=True greedyα=35
    walk 39/64 |S|=27 tri_free=True greedyα=27
    walk 40/64 |S|=27 tri_free=True greedyα=30
    walk 41/64 |S|=27 tri_free=True greedyα=28
    walk 42/64 |S|=26 tri_free=True greedyα=29
    walk 43/64 |S|=26 tri_free=True greedyα=26
    walk 44/64 |S|=26 tri_free=True greedyα=28
    walk 45/64 |S|=27 tri_free=True greedyα=40
    walk 46/64 |S|=26 tri_free=True greedyα=24
    walk 47/64 |S|=24 tri_free=True greedyα=27
    walk 48/64 |S|=25 tri_free=True greedyα=20
    walk 49/64 |S|=26 tri_free=True greedyα=23
    walk 50/64 |S|=27 tri_free=True greedyα=22
    walk 51/64 |S|=25 tri_free=True greedyα=27
    walk 52/64 |S|=27 tri_free=True greedyα=25
    walk 53/64 |S|=24 tri_free=True greedyα=23
    walk 54/64 |S|=27 tri_free=True greedyα=22
    walk 55/64 |S|=25 tri_free=True greedyα=26
    walk 56/64 |S|=26 tri_free=True greedyα=22
    walk 57/64 |S|=27 tri_free=True greedyα=30
    walk 58/64 |S|=27 tri_free=True greedyα=27
    walk 59/64 |S|=27 tri_free=True greedyα=24
    walk 60/64 |S|=27 tri_free=True greedyα=26
    walk 61/64 |S|=25 tri_free=True greedyα=23
    walk 62/64 |S|=26 tri_free=True greedyα=33
    walk 63/64 |S|=26 tri_free=True greedyα=25
    walk 64/64 |S|=27 tri_free=True greedyα=27
  [5c] p=271 e=5 D3∪D4 pool=54 t=20
    walk 1/64 |S|=26 tri_free=True greedyα=22
    walk 2/64 |S|=27 tri_free=True greedyα=26
    walk 3/64 |S|=25 tri_free=True greedyα=23
    walk 4/64 |S|=25 tri_free=True greedyα=31
    walk 5/64 |S|=26 tri_free=True greedyα=23
    walk 6/64 |S|=24 tri_free=True greedyα=20
    walk 7/64 |S|=25 tri_free=True greedyα=21
    walk 8/64 |S|=25 tri_free=True greedyα=22
    walk 9/64 |S|=26 tri_free=True greedyα=23
    walk 10/64 |S|=27 tri_free=True greedyα=25
    walk 11/64 |S|=25 tri_free=True greedyα=26
    walk 12/64 |S|=28 tri_free=True greedyα=25
    walk 13/64 |S|=26 tri_free=True greedyα=27
    walk 14/64 |S|=28 tri_free=True greedyα=36
    walk 15/64 |S|=26 tri_free=True greedyα=21
    walk 16/64 |S|=29 tri_free=True greedyα=24
    walk 17/64 |S|=27 tri_free=True greedyα=24
    walk 18/64 |S|=27 tri_free=True greedyα=35
    walk 19/64 |S|=25 tri_free=True greedyα=22
    walk 20/64 |S|=27 tri_free=True greedyα=25
    walk 21/64 |S|=28 tri_free=True greedyα=24
    walk 22/64 |S|=27 tri_free=True greedyα=25
    walk 23/64 |S|=33 tri_free=True greedyα=62
    walk 24/64 |S|=25 tri_free=True greedyα=25
    walk 25/64 |S|=25 tri_free=True greedyα=25
    walk 26/64 |S|=28 tri_free=True greedyα=25
    walk 27/64 |S|=26 tri_free=True greedyα=23
    walk 28/64 |S|=27 tri_free=True greedyα=31
    walk 29/64 |S|=25 tri_free=True greedyα=32
    walk 30/64 |S|=26 tri_free=True greedyα=21
    walk 31/64 |S|=25 tri_free=True greedyα=24
    walk 32/64 |S|=26 tri_free=True greedyα=26
    walk 33/64 |S|=27 tri_free=True greedyα=19
    walk 34/64 |S|=27 tri_free=True greedyα=33
    walk 35/64 |S|=28 tri_free=True greedyα=26
    walk 36/64 |S|=26 tri_free=True greedyα=23
    walk 37/64 |S|=27 tri_free=True greedyα=22
    walk 38/64 |S|=27 tri_free=True greedyα=26
    walk 39/64 |S|=26 tri_free=True greedyα=23
    walk 40/64 |S|=29 tri_free=True greedyα=31
    walk 41/64 |S|=27 tri_free=True greedyα=28
    walk 42/64 |S|=26 tri_free=True greedyα=24
    walk 43/64 |S|=26 tri_free=True greedyα=28
    walk 44/64 |S|=25 tri_free=True greedyα=24
    walk 45/64 |S|=26 tri_free=True greedyα=19
    walk 46/64 |S|=27 tri_free=True greedyα=22
    walk 47/64 |S|=28 tri_free=True greedyα=51
    walk 48/64 |S|=29 tri_free=True greedyα=34
    walk 49/64 |S|=25 tri_free=True greedyα=19
    walk 50/64 |S|=26 tri_free=True greedyα=25
    walk 51/64 |S|=26 tri_free=True greedyα=28
    walk 52/64 |S|=26 tri_free=True greedyα=22
    walk 53/64 |S|=27 tri_free=True greedyα=24
    walk 54/64 |S|=28 tri_free=True greedyα=22
    walk 55/64 |S|=25 tri_free=True greedyα=24
    walk 56/64 |S|=27 tri_free=True greedyα=23
    walk 57/64 |S|=26 tri_free=True greedyα=24
    walk 58/64 |S|=26 tri_free=True greedyα=21
    walk 59/64 |S|=27 tri_free=True greedyα=24
    walk 60/64 |S|=24 tri_free=True greedyα=24
    walk 61/64 |S|=27 tri_free=True greedyα=26
    walk 62/64 |S|=26 tri_free=True greedyα=24
    walk 63/64 |S|=24 tri_free=True greedyα=27
    walk 64/64 |S|=25 tri_free=True greedyα=24
      MIS |S|=27 greedyα=19 residual IS ≥ 19 (α(G)≥20) {'found': True, 'lower': 19, 'exact': True, 'nodes': 23, 'seconds': 0.0005288310348987579, 'timed_out': False, 'backend': 'c-decide'}
      MIS |S|=26 greedyα=19 residual IS ≥ 19 (α(G)≥20) {'found': True, 'lower': 19, 'exact': True, 'nodes': 43, 'seconds': 0.00045460090041160583, 'timed_out': False, 'backend': 'c-decide'}
      MIS |S|=25 greedyα=19 residual IS ≥ 19 (α(G)≥20) {'found': True, 'lower': 19, 'exact': True, 'nodes': 30, 'seconds': 0.00041508302092552185, 'timed_out': False, 'backend': 'c-decide'}
  [5c] p=281 e=4 D0∪D1 pool=70 t=20
    walk 1/64 |S|=29 tri_free=True greedyα=24
    walk 2/64 |S|=27 tri_free=True greedyα=25
    walk 3/64 |S|=32 tri_free=True greedyα=23
    walk 4/64 |S|=26 tri_free=True greedyα=25
    walk 5/64 |S|=28 tri_free=True greedyα=21
    walk 6/64 |S|=30 tri_free=True greedyα=25
    walk 7/64 |S|=30 tri_free=True greedyα=35
    walk 8/64 |S|=29 tri_free=True greedyα=20
    walk 9/64 |S|=29 tri_free=True greedyα=26
    walk 10/64 |S|=31 tri_free=True greedyα=24
    walk 11/64 |S|=30 tri_free=True greedyα=23
    walk 12/64 |S|=31 tri_free=True greedyα=38
    walk 13/64 |S|=30 tri_free=True greedyα=23
    walk 14/64 |S|=37 tri_free=True greedyα=43
    walk 15/64 |S|=28 tri_free=True greedyα=26
    walk 16/64 |S|=32 tri_free=True greedyα=31
    walk 17/64 |S|=30 tri_free=True greedyα=28
    walk 18/64 |S|=29 tri_free=True greedyα=23
    walk 19/64 |S|=33 tri_free=True greedyα=34
    walk 20/64 |S|=28 tri_free=True greedyα=27
    walk 21/64 |S|=31 tri_free=True greedyα=27
    walk 22/64 |S|=31 tri_free=True greedyα=25
    walk 23/64 |S|=28 tri_free=True greedyα=21
    walk 24/64 |S|=27 tri_free=True greedyα=25
    walk 25/64 |S|=29 tri_free=True greedyα=26
    walk 26/64 |S|=27 tri_free=True greedyα=29
    walk 27/64 |S|=30 tri_free=True greedyα=24
    walk 28/64 |S|=29 tri_free=True greedyα=25
    walk 29/64 |S|=29 tri_free=True greedyα=23
    walk 30/64 |S|=30 tri_free=True greedyα=33
    walk 31/64 |S|=32 tri_free=True greedyα=45
    walk 32/64 |S|=28 tri_free=True greedyα=26
    walk 33/64 |S|=33 tri_free=True greedyα=38
    walk 34/64 |S|=29 tri_free=True greedyα=20
    walk 35/64 |S|=30 tri_free=True greedyα=29
    walk 36/64 |S|=31 tri_free=True greedyα=18
    walk 37/64 |S|=27 tri_free=True greedyα=19
    walk 38/64 |S|=29 tri_free=True greedyα=24
    walk 39/64 |S|=31 tri_free=True greedyα=27
    walk 40/64 |S|=30 tri_free=True greedyα=27
    walk 41/64 |S|=28 tri_free=True greedyα=23
    walk 42/64 |S|=31 tri_free=True greedyα=25
    walk 43/64 |S|=30 tri_free=True greedyα=23
    walk 44/64 |S|=30 tri_free=True greedyα=27
    walk 45/64 |S|=30 tri_free=True greedyα=29
    walk 46/64 |S|=27 tri_free=True greedyα=28
    walk 47/64 |S|=31 tri_free=True greedyα=21
    walk 48/64 |S|=31 tri_free=True greedyα=25
    walk 49/64 |S|=29 tri_free=True greedyα=34
    walk 50/64 |S|=27 tri_free=True greedyα=32
    walk 51/64 |S|=34 tri_free=True greedyα=48
    walk 52/64 |S|=30 tri_free=True greedyα=27
    walk 53/64 |S|=31 tri_free=True greedyα=23
    walk 54/64 |S|=30 tri_free=True greedyα=25
    walk 55/64 |S|=30 tri_free=True greedyα=29
    walk 56/64 |S|=31 tri_free=True greedyα=25
    walk 57/64 |S|=27 tri_free=True greedyα=30
    walk 58/64 |S|=30 tri_free=True greedyα=25
    walk 59/64 |S|=28 tri_free=True greedyα=24
    walk 60/64 |S|=33 tri_free=True greedyα=35
    walk 61/64 |S|=25 tri_free=True greedyα=27
    walk 62/64 |S|=33 tri_free=True greedyα=30
    walk 63/64 |S|=29 tri_free=True greedyα=30
    walk 64/64 |S|=29 tri_free=True greedyα=30
      MIS |S|=31 greedyα=18 residual IS ≥ 19 (α(G)≥20) {'found': True, 'lower': 19, 'exact': True, 'nodes': 25, 'seconds': 0.0005585178732872009, 'timed_out': False, 'backend': 'c-decide'}
      MIS |S|=27 greedyα=19 residual IS ≥ 19 (α(G)≥20) {'found': True, 'lower': 19, 'exact': True, 'nodes': 62, 'seconds': 0.0005326643586158752, 'timed_out': False, 'backend': 'c-decide'}
  [5c] p=281 e=4 D0∪D2 pool=70 t=20
    walk 1/64 |S|=28 tri_free=True greedyα=21
    walk 2/64 |S|=30 tri_free=True greedyα=42
    walk 3/64 |S|=30 tri_free=True greedyα=20
    walk 4/64 |S|=30 tri_free=True greedyα=26
    walk 5/64 |S|=30 tri_free=True greedyα=26
    walk 6/64 |S|=30 tri_free=True greedyα=19
    walk 7/64 |S|=31 tri_free=True greedyα=33
    walk 8/64 |S|=29 tri_free=True greedyα=26
    walk 9/64 |S|=28 tri_free=True greedyα=24
    walk 10/64 |S|=32 tri_free=True greedyα=24
    walk 11/64 |S|=32 tri_free=True greedyα=24
    walk 12/64 |S|=28 tri_free=True greedyα=21
    walk 13/64 |S|=30 tri_free=True greedyα=22
    walk 14/64 |S|=32 tri_free=True greedyα=23
    walk 15/64 |S|=31 tri_free=True greedyα=28
    walk 16/64 |S|=30 tri_free=True greedyα=26
    walk 17/64 |S|=29 tri_free=True greedyα=19
    walk 18/64 |S|=32 tri_free=True greedyα=30
    walk 19/64 |S|=30 tri_free=True greedyα=32
    walk 20/64 |S|=29 tri_free=True greedyα=21
    walk 21/64 |S|=30 tri_free=True greedyα=26
    walk 22/64 |S|=29 tri_free=True greedyα=20
    walk 23/64 |S|=29 tri_free=True greedyα=19
    walk 24/64 |S|=32 tri_free=True greedyα=29
    walk 25/64 |S|=30 tri_free=True greedyα=28
    walk 26/64 |S|=32 tri_free=True greedyα=32
    walk 27/64 |S|=28 tri_free=True greedyα=26
    walk 28/64 |S|=36 tri_free=True greedyα=47
    walk 29/64 |S|=27 tri_free=True greedyα=29
    walk 30/64 |S|=27 tri_free=True greedyα=22
    walk 31/64 |S|=30 tri_free=True greedyα=26
    walk 32/64 |S|=28 tri_free=True greedyα=25
    walk 33/64 |S|=27 tri_free=True greedyα=24
    walk 34/64 |S|=30 tri_free=True greedyα=25
    walk 35/64 |S|=29 tri_free=True greedyα=25
    walk 36/64 |S|=28 tri_free=True greedyα=22
    walk 37/64 |S|=30 tri_free=True greedyα=29
    walk 38/64 |S|=31 tri_free=True greedyα=30
    walk 39/64 |S|=30 tri_free=True greedyα=29
    walk 40/64 |S|=29 tri_free=True greedyα=34
    walk 41/64 |S|=34 tri_free=True greedyα=32
    walk 42/64 |S|=31 tri_free=True greedyα=24
    walk 43/64 |S|=29 tri_free=True greedyα=18
    walk 44/64 |S|=28 tri_free=True greedyα=27
    walk 45/64 |S|=31 tri_free=True greedyα=28
    walk 46/64 |S|=32 tri_free=True greedyα=22
    walk 47/64 |S|=30 tri_free=True greedyα=23
    walk 48/64 |S|=30 tri_free=True greedyα=23
    walk 49/64 |S|=32 tri_free=True greedyα=41
    walk 50/64 |S|=30 tri_free=True greedyα=23
    walk 51/64 |S|=30 tri_free=True greedyα=24
    walk 52/64 |S|=29 tri_free=True greedyα=24
    walk 53/64 |S|=29 tri_free=True greedyα=22
    walk 54/64 |S|=33 tri_free=True greedyα=33
    walk 55/64 |S|=29 tri_free=True greedyα=25
    walk 56/64 |S|=29 tri_free=True greedyα=30
    walk 57/64 |S|=27 tri_free=True greedyα=24
    walk 58/64 |S|=33 tri_free=True greedyα=33
    walk 59/64 |S|=29 tri_free=True greedyα=23
    walk 60/64 |S|=34 tri_free=True greedyα=39
    walk 61/64 |S|=30 tri_free=True greedyα=31
    walk 62/64 |S|=29 tri_free=True greedyα=22
    walk 63/64 |S|=35 tri_free=True greedyα=30
    walk 64/64 |S|=31 tri_free=True greedyα=22
      MIS |S|=29 greedyα=18 residual IS ≥ 19 (α(G)≥20) {'found': True, 'lower': 19, 'exact': True, 'nodes': 21, 'seconds': 0.0005831755697727203, 'timed_out': False, 'backend': 'c-decide'}
      MIS |S|=30 greedyα=19 residual IS ≥ 19 (α(G)≥20) {'found': True, 'lower': 19, 'exact': True, 'nodes': 53, 'seconds': 0.00048390403389930725, 'timed_out': False, 'backend': 'c-decide'}
      MIS |S|=29 greedyα=19 residual IS ≥ 19 (α(G)≥20) {'found': True, 'lower': 19, 'exact': True, 'nodes': 45, 'seconds': 0.0004829615354537964, 'timed_out': False, 'backend': 'c-decide'}
      MIS |S|=29 greedyα=19 residual IS ≥ 19 (α(G)≥20) {'found': True, 'lower': 19, 'exact': True, 'nodes': 51, 'seconds': 0.00048745423555374146, 'timed_out': False, 'backend': 'c-decide'}
  [5c] p=281 e=4 D0∪D3 pool=70 t=20
    walk 1/64 |S|=29 tri_free=True greedyα=26
    walk 2/64 |S|=26 tri_free=True greedyα=28
    walk 3/64 |S|=29 tri_free=True greedyα=30
    walk 4/64 |S|=30 tri_free=True greedyα=35
    walk 5/64 |S|=27 tri_free=True greedyα=22
    walk 6/64 |S|=33 tri_free=True greedyα=28
    walk 7/64 |S|=30 tri_free=True greedyα=29
    walk 8/64 |S|=29 tri_free=True greedyα=23
    walk 9/64 |S|=29 tri_free=True greedyα=26
    walk 10/64 |S|=32 tri_free=True greedyα=41
    walk 11/64 |S|=27 tri_free=True greedyα=28
    walk 12/64 |S|=28 tri_free=True greedyα=23
    walk 13/64 |S|=35 tri_free=True greedyα=40
    walk 14/64 |S|=30 tri_free=True greedyα=26
    walk 15/64 |S|=30 tri_free=True greedyα=25
    walk 16/64 |S|=28 tri_free=True greedyα=33
    walk 17/64 |S|=29 tri_free=True greedyα=21
    walk 18/64 |S|=30 tri_free=True greedyα=25
    walk 19/64 |S|=32 tri_free=True greedyα=31
    walk 20/64 |S|=28 tri_free=True greedyα=27
    walk 21/64 |S|=30 tri_free=True greedyα=38
    walk 22/64 |S|=29 tri_free=True greedyα=19
    walk 23/64 |S|=26 tri_free=True greedyα=24
    walk 24/64 |S|=31 tri_free=True greedyα=29
    walk 25/64 |S|=28 tri_free=True greedyα=22
    walk 26/64 |S|=30 tri_free=True greedyα=22
    walk 27/64 |S|=29 tri_free=True greedyα=32
    walk 28/64 |S|=33 tri_free=True greedyα=23
    walk 29/64 |S|=27 tri_free=True greedyα=24
    walk 30/64 |S|=29 tri_free=True greedyα=24
    walk 31/64 |S|=30 tri_free=True greedyα=22
    walk 32/64 |S|=27 tri_free=True greedyα=24
    walk 33/64 |S|=31 tri_free=True greedyα=35
    walk 34/64 |S|=30 tri_free=True greedyα=27
    walk 35/64 |S|=29 tri_free=True greedyα=25
    walk 36/64 |S|=30 tri_free=True greedyα=27
    walk 37/64 |S|=32 tri_free=True greedyα=25
    walk 38/64 |S|=29 tri_free=True greedyα=21
    walk 39/64 |S|=29 tri_free=True greedyα=25
    walk 40/64 |S|=31 tri_free=True greedyα=25
    walk 41/64 |S|=30 tri_free=True greedyα=21
    walk 42/64 |S|=28 tri_free=True greedyα=24
    walk 43/64 |S|=28 tri_free=True greedyα=30
    walk 44/64 |S|=31 tri_free=True greedyα=25
    walk 45/64 |S|=27 tri_free=True greedyα=23
    walk 46/64 |S|=33 tri_free=True greedyα=44
    walk 47/64 |S|=31 tri_free=True greedyα=25
    walk 48/64 |S|=31 tri_free=True greedyα=28
    walk 49/64 |S|=29 tri_free=True greedyα=25
    walk 50/64 |S|=31 tri_free=True greedyα=35
    walk 51/64 |S|=28 tri_free=True greedyα=27
    walk 52/64 |S|=29 tri_free=True greedyα=30
    walk 53/64 |S|=29 tri_free=True greedyα=24
    walk 54/64 |S|=27 tri_free=True greedyα=27
    walk 55/64 |S|=31 tri_free=True greedyα=27
    walk 56/64 |S|=30 tri_free=True greedyα=24
    walk 57/64 |S|=29 tri_free=True greedyα=27
    walk 58/64 |S|=34 tri_free=True greedyα=41
    walk 59/64 |S|=27 tri_free=True greedyα=34
    walk 60/64 |S|=29 tri_free=True greedyα=23
    walk 61/64 |S|=27 tri_free=True greedyα=28
    walk 62/64 |S|=33 tri_free=True greedyα=28
    walk 63/64 |S|=32 tri_free=True greedyα=31
    walk 64/64 |S|=30 tri_free=True greedyα=30
      MIS |S|=29 greedyα=19 residual IS ≥ 19 (α(G)≥20) {'found': True, 'lower': 19, 'exact': True, 'nodes': 23, 'seconds': 0.0006114654242992401, 'timed_out': False, 'backend': 'c-decide'}
  [5c] p=281 e=4 D1∪D2 pool=70 t=20
    walk 1/64 |S|=32 tri_free=True greedyα=33
    walk 2/64 |S|=28 tri_free=True greedyα=25
    walk 3/64 |S|=29 tri_free=True greedyα=24
    walk 4/64 |S|=29 tri_free=True greedyα=26
    walk 5/64 |S|=29 tri_free=True greedyα=28
    walk 6/64 |S|=31 tri_free=True greedyα=23
    walk 7/64 |S|=29 tri_free=True greedyα=25
    walk 8/64 |S|=28 tri_free=True greedyα=27
    walk 9/64 |S|=32 tri_free=True greedyα=27
    walk 10/64 |S|=28 tri_free=True greedyα=22
    walk 11/64 |S|=30 tri_free=True greedyα=29
    walk 12/64 |S|=29 tri_free=True greedyα=31
    walk 13/64 |S|=29 tri_free=True greedyα=30
    walk 14/64 |S|=32 tri_free=True greedyα=32
    walk 15/64 |S|=30 tri_free=True greedyα=25
    walk 16/64 |S|=27 tri_free=True greedyα=20
    walk 17/64 |S|=28 tri_free=True greedyα=25
    walk 18/64 |S|=28 tri_free=True greedyα=25
    walk 19/64 |S|=31 tri_free=True greedyα=29
    walk 20/64 |S|=30 tri_free=True greedyα=28
    walk 21/64 |S|=35 tri_free=True greedyα=45
    walk 22/64 |S|=31 tri_free=True greedyα=30
    walk 23/64 |S|=27 tri_free=True greedyα=22
    walk 24/64 |S|=27 tri_free=True greedyα=26
    walk 25/64 |S|=27 tri_free=True greedyα=41
    walk 26/64 |S|=31 tri_free=True greedyα=33
    walk 27/64 |S|=29 tri_free=True greedyα=19
    walk 28/64 |S|=28 tri_free=True greedyα=19
    walk 29/64 |S|=34 tri_free=True greedyα=22
    walk 30/64 |S|=32 tri_free=True greedyα=33
    walk 31/64 |S|=30 tri_free=True greedyα=28
    walk 32/64 |S|=30 tri_free=True greedyα=24
    walk 33/64 |S|=34 tri_free=True greedyα=26
    walk 34/64 |S|=34 tri_free=True greedyα=29
    walk 35/64 |S|=29 tri_free=True greedyα=22
    walk 36/64 |S|=30 tri_free=True greedyα=27
    walk 37/64 |S|=31 tri_free=True greedyα=44
    walk 38/64 |S|=29 tri_free=True greedyα=28
    walk 39/64 |S|=33 tri_free=True greedyα=32
    walk 40/64 |S|=28 tri_free=True greedyα=25
    walk 41/64 |S|=28 tri_free=True greedyα=29
    walk 42/64 |S|=31 tri_free=True greedyα=25
    walk 43/64 |S|=26 tri_free=True greedyα=23
    walk 44/64 |S|=30 tri_free=True greedyα=34
    walk 45/64 |S|=32 tri_free=True greedyα=41
    walk 46/64 |S|=29 tri_free=True greedyα=30
    walk 47/64 |S|=29 tri_free=True greedyα=36
    walk 48/64 |S|=30 tri_free=True greedyα=26
    walk 49/64 |S|=35 tri_free=True greedyα=50
    walk 50/64 |S|=33 tri_free=True greedyα=28
    walk 51/64 |S|=28 tri_free=True greedyα=27
    walk 52/64 |S|=29 tri_free=True greedyα=30
    walk 53/64 |S|=28 tri_free=True greedyα=21
    walk 54/64 |S|=28 tri_free=True greedyα=25
    walk 55/64 |S|=32 tri_free=True greedyα=28
    walk 56/64 |S|=27 tri_free=True greedyα=26
    walk 57/64 |S|=29 tri_free=True greedyα=28
    walk 58/64 |S|=29 tri_free=True greedyα=27
    walk 59/64 |S|=27 tri_free=True greedyα=26
    walk 60/64 |S|=30 tri_free=True greedyα=29
    walk 61/64 |S|=28 tri_free=True greedyα=25
    walk 62/64 |S|=28 tri_free=True greedyα=28
    walk 63/64 |S|=27 tri_free=True greedyα=31
    walk 64/64 |S|=29 tri_free=True greedyα=25
      MIS |S|=29 greedyα=19 residual IS ≥ 19 (α(G)≥20) {'found': True, 'lower': 19, 'exact': True, 'nodes': 25, 'seconds': 0.0016216859221458435, 'timed_out': False, 'backend': 'c-decide'}
      MIS |S|=28 greedyα=19 residual IS ≥ 19 (α(G)≥20) {'found': True, 'lower': 19, 'exact': True, 'nodes': 45, 'seconds': 0.0007497891783714294, 'timed_out': False, 'backend': 'c-decide'}
  [5c] p=281 e=4 D1∪D3 pool=70 t=20
    walk 1/64 |S|=28 tri_free=True greedyα=26
    walk 2/64 |S|=27 tri_free=True greedyα=20
    walk 3/64 |S|=30 tri_free=True greedyα=24
    walk 4/64 |S|=29 tri_free=True greedyα=25
    walk 5/64 |S|=30 tri_free=True greedyα=28
    walk 6/64 |S|=30 tri_free=True greedyα=22
    walk 7/64 |S|=31 tri_free=True greedyα=43
    walk 8/64 |S|=30 tri_free=True greedyα=23
    walk 9/64 |S|=30 tri_free=True greedyα=27
    walk 10/64 |S|=33 tri_free=True greedyα=29
    walk 11/64 |S|=28 tri_free=True greedyα=22
    walk 12/64 |S|=34 tri_free=True greedyα=27
    walk 13/64 |S|=29 tri_free=True greedyα=22
    walk 14/64 |S|=32 tri_free=True greedyα=24
    walk 15/64 |S|=29 tri_free=True greedyα=21
    walk 16/64 |S|=27 tri_free=True greedyα=25
    walk 17/64 |S|=31 tri_free=True greedyα=27
    walk 18/64 |S|=30 tri_free=True greedyα=25
    walk 19/64 |S|=31 tri_free=True greedyα=23
    walk 20/64 |S|=26 tri_free=True greedyα=22
    walk 21/64 |S|=28 tri_free=True greedyα=27
    walk 22/64 |S|=29 tri_free=True greedyα=26
    walk 23/64 |S|=30 tri_free=True greedyα=23
    walk 24/64 |S|=30 tri_free=True greedyα=20
    walk 25/64 |S|=30 tri_free=True greedyα=22
    walk 26/64 |S|=31 tri_free=True greedyα=20
    walk 27/64 |S|=28 tri_free=True greedyα=23
    walk 28/64 |S|=29 tri_free=True greedyα=26
    walk 29/64 |S|=30 tri_free=True greedyα=31
    walk 30/64 |S|=29 tri_free=True greedyα=25
    walk 31/64 |S|=28 tri_free=True greedyα=29
    walk 32/64 |S|=29 tri_free=True greedyα=21
    walk 33/64 |S|=33 tri_free=True greedyα=37
    walk 34/64 |S|=30 tri_free=True greedyα=24
    walk 35/64 |S|=32 tri_free=True greedyα=27
    walk 36/64 |S|=29 tri_free=True greedyα=27
    walk 37/64 |S|=27 tri_free=True greedyα=21
    walk 38/64 |S|=29 tri_free=True greedyα=30
    walk 39/64 |S|=29 tri_free=True greedyα=23
    walk 40/64 |S|=34 tri_free=True greedyα=39
    walk 41/64 |S|=31 tri_free=True greedyα=31
    walk 42/64 |S|=31 tri_free=True greedyα=24
    walk 43/64 |S|=34 tri_free=True greedyα=32
    walk 44/64 |S|=31 tri_free=True greedyα=21
    walk 45/64 |S|=32 tri_free=True greedyα=33
    walk 46/64 |S|=28 tri_free=True greedyα=25
    walk 47/64 |S|=28 tri_free=True greedyα=25
    walk 48/64 |S|=30 tri_free=True greedyα=34
    walk 49/64 |S|=29 tri_free=True greedyα=27
    walk 50/64 |S|=33 tri_free=True greedyα=27
    walk 51/64 |S|=31 tri_free=True greedyα=32
    walk 52/64 |S|=29 tri_free=True greedyα=30
    walk 53/64 |S|=32 tri_free=True greedyα=31
    walk 54/64 |S|=31 tri_free=True greedyα=34
    walk 55/64 |S|=31 tri_free=True greedyα=25
    walk 56/64 |S|=28 tri_free=True greedyα=25
    walk 57/64 |S|=32 tri_free=True greedyα=28
    walk 58/64 |S|=27 tri_free=True greedyα=21
    walk 59/64 |S|=29 tri_free=True greedyα=21
    walk 60/64 |S|=31 tri_free=True greedyα=26
    walk 61/64 |S|=31 tri_free=True greedyα=29
    walk 62/64 |S|=31 tri_free=True greedyα=25
    walk 63/64 |S|=30 tri_free=True greedyα=23
    walk 64/64 |S|=29 tri_free=True greedyα=23
  [5c] p=281 e=4 D2∪D3 pool=70 t=20
    walk 1/64 |S|=29 tri_free=True greedyα=19
    walk 2/64 |S|=30 tri_free=True greedyα=22
    walk 3/64 |S|=29 tri_free=True greedyα=24
    walk 4/64 |S|=26 tri_free=True greedyα=23
    walk 5/64 |S|=34 tri_free=True greedyα=40
    walk 6/64 |S|=31 tri_free=True greedyα=33
    walk 7/64 |S|=29 tri_free=True greedyα=21
    walk 8/64 |S|=28 tri_free=True greedyα=21
    walk 9/64 |S|=28 tri_free=True greedyα=27
    walk 10/64 |S|=29 tri_free=True greedyα=30
    walk 11/64 |S|=32 tri_free=True greedyα=27
    walk 12/64 |S|=27 tri_free=True greedyα=27
    walk 13/64 |S|=31 tri_free=True greedyα=21
    walk 14/64 |S|=30 tri_free=True greedyα=29
    walk 15/64 |S|=31 tri_free=True greedyα=23
    walk 16/64 |S|=28 tri_free=True greedyα=19
    walk 17/64 |S|=29 tri_free=True greedyα=26
    walk 18/64 |S|=29 tri_free=True greedyα=23
    walk 19/64 |S|=29 tri_free=True greedyα=23
    walk 20/64 |S|=30 tri_free=True greedyα=32
    walk 21/64 |S|=31 tri_free=True greedyα=22
    walk 22/64 |S|=30 tri_free=True greedyα=29
    walk 23/64 |S|=29 tri_free=True greedyα=25
    walk 24/64 |S|=31 tri_free=True greedyα=30
    walk 25/64 |S|=30 tri_free=True greedyα=27
    walk 26/64 |S|=36 tri_free=True greedyα=37
    walk 27/64 |S|=28 tri_free=True greedyα=24
    walk 28/64 |S|=29 tri_free=True greedyα=33
    walk 29/64 |S|=31 tri_free=True greedyα=25
    walk 30/64 |S|=29 tri_free=True greedyα=32
    walk 31/64 |S|=27 tri_free=True greedyα=22
    walk 32/64 |S|=29 tri_free=True greedyα=22
    walk 33/64 |S|=28 tri_free=True greedyα=22
    walk 34/64 |S|=27 tri_free=True greedyα=25
    walk 35/64 |S|=30 tri_free=True greedyα=25
    walk 36/64 |S|=31 tri_free=True greedyα=23
    walk 37/64 |S|=33 tri_free=True greedyα=26
    walk 38/64 |S|=27 tri_free=True greedyα=25
    walk 39/64 |S|=29 tri_free=True greedyα=21
    walk 40/64 |S|=29 tri_free=True greedyα=24
    walk 41/64 |S|=29 tri_free=True greedyα=23
    walk 42/64 |S|=29 tri_free=True greedyα=19
    walk 43/64 |S|=35 tri_free=True greedyα=47
    walk 44/64 |S|=29 tri_free=True greedyα=26
    walk 45/64 |S|=29 tri_free=True greedyα=23
    walk 46/64 |S|=38 tri_free=True greedyα=59
    walk 47/64 |S|=29 tri_free=True greedyα=26
    walk 48/64 |S|=31 tri_free=True greedyα=22
    walk 49/64 |S|=28 tri_free=True greedyα=22
    walk 50/64 |S|=30 tri_free=True greedyα=25
    walk 51/64 |S|=25 tri_free=True greedyα=27
    walk 52/64 |S|=28 tri_free=True greedyα=27
    walk 53/64 |S|=28 tri_free=True greedyα=22
    walk 54/64 |S|=27 tri_free=True greedyα=29
    walk 55/64 |S|=32 tri_free=True greedyα=27
    walk 56/64 |S|=29 tri_free=True greedyα=24
    walk 57/64 |S|=32 tri_free=True greedyα=41
    walk 58/64 |S|=31 tri_free=True greedyα=31
    walk 59/64 |S|=33 tri_free=True greedyα=35
    walk 60/64 |S|=31 tri_free=True greedyα=25
    walk 61/64 |S|=30 tri_free=True greedyα=28
    walk 62/64 |S|=32 tri_free=True greedyα=33
    walk 63/64 |S|=34 tri_free=True greedyα=44
    walk 64/64 |S|=36 tri_free=True greedyα=52
      MIS |S|=29 greedyα=19 residual IS ≥ 19 (α(G)≥20) {'found': True, 'lower': 19, 'exact': True, 'nodes': 19, 'seconds': 0.0005603395402431488, 'timed_out': False, 'backend': 'c-decide'}
      MIS |S|=29 greedyα=19 residual IS ≥ 19 (α(G)≥20) {'found': True, 'lower': 19, 'exact': True, 'nodes': 25, 'seconds': 0.00041820108890533447, 'timed_out': False, 'backend': 'c-decide'}
      MIS |S|=28 greedyα=19 residual IS ≥ 19 (α(G)≥20) {'found': True, 'lower': 19, 'exact': True, 'nodes': 24, 'seconds': 0.00042146071791648865, 'timed_out': False, 'backend': 'c-decide'}
  [5c] p=281 e=5 D0∪D1 pool=56 t=20
    walk 1/64 |S|=32 tri_free=True greedyα=28
    walk 2/64 |S|=29 tri_free=True greedyα=22
    walk 3/64 |S|=29 tri_free=True greedyα=47
    walk 4/64 |S|=27 tri_free=True greedyα=18
    walk 5/64 |S|=28 tri_free=True greedyα=23
    walk 6/64 |S|=29 tri_free=True greedyα=25
    walk 7/64 |S|=29 tri_free=True greedyα=25
    walk 8/64 |S|=29 tri_free=True greedyα=22
    walk 9/64 |S|=29 tri_free=True greedyα=19
    walk 10/64 |S|=27 tri_free=True greedyα=18
    walk 11/64 |S|=25 tri_free=True greedyα=27
    walk 12/64 |S|=28 tri_free=True greedyα=28
    walk 13/64 |S|=30 tri_free=True greedyα=28
    walk 14/64 |S|=29 tri_free=True greedyα=32
    walk 15/64 |S|=27 tri_free=True greedyα=33
    walk 16/64 |S|=28 tri_free=True greedyα=29
    walk 17/64 |S|=29 tri_free=True greedyα=24
    walk 18/64 |S|=30 tri_free=True greedyα=24
    walk 19/64 |S|=28 tri_free=True greedyα=23
    walk 20/64 |S|=27 tri_free=True greedyα=21
    walk 21/64 |S|=29 tri_free=True greedyα=26
    walk 22/64 |S|=29 tri_free=True greedyα=35
    walk 23/64 |S|=27 tri_free=True greedyα=27
    walk 24/64 |S|=29 tri_free=True greedyα=35
    walk 25/64 |S|=29 tri_free=True greedyα=25
    walk 26/64 |S|=29 tri_free=True greedyα=25
    walk 27/64 |S|=28 tri_free=True greedyα=29
    walk 28/64 |S|=28 tri_free=True greedyα=25
    walk 29/64 |S|=30 tri_free=True greedyα=20
    walk 30/64 |S|=26 tri_free=True greedyα=25
    walk 31/64 |S|=29 tri_free=True greedyα=20
    walk 32/64 |S|=30 tri_free=True greedyα=25
    walk 33/64 |S|=29 tri_free=True greedyα=24
    walk 34/64 |S|=27 tri_free=True greedyα=37
    walk 35/64 |S|=31 tri_free=True greedyα=24
    walk 36/64 |S|=28 tri_free=True greedyα=23
    walk 37/64 |S|=28 tri_free=True greedyα=24
    walk 38/64 |S|=27 tri_free=True greedyα=22
    walk 39/64 |S|=28 tri_free=True greedyα=23
    walk 40/64 |S|=31 tri_free=True greedyα=28
    walk 41/64 |S|=29 tri_free=True greedyα=25
    walk 42/64 |S|=32 tri_free=True greedyα=25
    walk 43/64 |S|=31 tri_free=True greedyα=20
    walk 44/64 |S|=31 tri_free=True greedyα=19
    walk 45/64 |S|=32 tri_free=True greedyα=23
    walk 46/64 |S|=28 tri_free=True greedyα=24
    walk 47/64 |S|=30 tri_free=True greedyα=49
    walk 48/64 |S|=28 tri_free=True greedyα=26
    walk 49/64 |S|=29 tri_free=True greedyα=19
    walk 50/64 |S|=28 tri_free=True greedyα=25
    walk 51/64 |S|=28 tri_free=True greedyα=28
    walk 52/64 |S|=31 tri_free=True greedyα=19
    walk 53/64 |S|=28 tri_free=True greedyα=25
    walk 54/64 |S|=28 tri_free=True greedyα=27
    walk 55/64 |S|=26 tri_free=True greedyα=21
    walk 56/64 |S|=28 tri_free=True greedyα=32
    walk 57/64 |S|=30 tri_free=True greedyα=24
    walk 58/64 |S|=33 tri_free=True greedyα=27
    walk 59/64 |S|=28 tri_free=True greedyα=26
    walk 60/64 |S|=29 tri_free=True greedyα=26
    walk 61/64 |S|=29 tri_free=True greedyα=23
    walk 62/64 |S|=30 tri_free=True greedyα=24
    walk 63/64 |S|=28 tri_free=True greedyα=22
    walk 64/64 |S|=28 tri_free=True greedyα=19
      MIS |S|=27 greedyα=18 residual IS ≥ 19 (α(G)≥20) {'found': True, 'lower': 19, 'exact': True, 'nodes': 23, 'seconds': 0.0005236901342868805, 'timed_out': False, 'backend': 'c-decide'}
      MIS |S|=27 greedyα=18 residual IS ≥ 19 (α(G)≥20) {'found': True, 'lower': 19, 'exact': True, 'nodes': 50, 'seconds': 0.00047670304775238037, 'timed_out': False, 'backend': 'c-decide'}
      MIS |S|=31 greedyα=19 residual IS ≥ 19 (α(G)≥20) {'found': True, 'lower': 19, 'exact': True, 'nodes': 26, 'seconds': 0.0004164353013038635, 'timed_out': False, 'backend': 'c-decide'}
      MIS |S|=31 greedyα=19 residual IS ≥ 19 (α(G)≥20) {'found': True, 'lower': 19, 'exact': True, 'nodes': 27, 'seconds': 0.00045533478260040283, 'timed_out': False, 'backend': 'c-decide'}
      MIS |S|=29 greedyα=19 residual IS ≥ 19 (α(G)≥20) {'found': True, 'lower': 19, 'exact': True, 'nodes': 26, 'seconds': 0.000490829348564148, 'timed_out': False, 'backend': 'c-decide'}
      MIS |S|=29 greedyα=19 residual IS ≥ 19 (α(G)≥20) {'found': True, 'lower': 19, 'exact': True, 'nodes': 24, 'seconds': 0.0005870833992958069, 'timed_out': False, 'backend': 'c-decide'}
      MIS |S|=28 greedyα=19 residual IS ≥ 19 (α(G)≥20) {'found': True, 'lower': 19, 'exact': True, 'nodes': 26, 'seconds': 0.0005353763699531555, 'timed_out': False, 'backend': 'c-decide'}
  [5c] p=281 e=5 D0∪D2 pool=56 t=20
    walk 1/64 |S|=26 tri_free=True greedyα=26
    walk 2/64 |S|=23 tri_free=True greedyα=25
    walk 3/64 |S|=26 tri_free=True greedyα=31
    walk 4/64 |S|=25 tri_free=True greedyα=23
    walk 5/64 |S|=27 tri_free=True greedyα=26
    walk 6/64 |S|=27 tri_free=True greedyα=46
    walk 7/64 |S|=26 tri_free=True greedyα=23
    walk 8/64 |S|=27 tri_free=True greedyα=29
    walk 9/64 |S|=24 tri_free=True greedyα=24
    walk 10/64 |S|=24 tri_free=True greedyα=23
    walk 11/64 |S|=25 tri_free=True greedyα=22
    walk 12/64 |S|=25 tri_free=True greedyα=31
    walk 13/64 |S|=26 tri_free=True greedyα=23
    walk 14/64 |S|=28 tri_free=True greedyα=29
    walk 15/64 |S|=31 tri_free=True greedyα=54
    walk 16/64 |S|=25 tri_free=True greedyα=26
    walk 17/64 |S|=25 tri_free=True greedyα=25
    walk 18/64 |S|=27 tri_free=True greedyα=29
    walk 19/64 |S|=24 tri_free=True greedyα=22
    walk 20/64 |S|=27 tri_free=True greedyα=26
    walk 21/64 |S|=28 tri_free=True greedyα=23
    walk 22/64 |S|=25 tri_free=True greedyα=25
    walk 23/64 |S|=25 tri_free=True greedyα=27
    walk 24/64 |S|=24 tri_free=True greedyα=28
    walk 25/64 |S|=25 tri_free=True greedyα=28
    walk 26/64 |S|=26 tri_free=True greedyα=25
    walk 27/64 |S|=25 tri_free=True greedyα=32
    walk 28/64 |S|=25 tri_free=True greedyα=25
    walk 29/64 |S|=26 tri_free=True greedyα=30
    walk 30/64 |S|=26 tri_free=True greedyα=40
    walk 31/64 |S|=25 tri_free=True greedyα=28
    walk 32/64 |S|=28 tri_free=True greedyα=46
    walk 33/64 |S|=27 tri_free=True greedyα=24
    walk 34/64 |S|=26 tri_free=True greedyα=30
    walk 35/64 |S|=26 tri_free=True greedyα=25
    walk 36/64 |S|=26 tri_free=True greedyα=35
    walk 37/64 |S|=26 tri_free=True greedyα=30
    walk 38/64 |S|=25 tri_free=True greedyα=27
    walk 39/64 |S|=26 tri_free=True greedyα=27
    walk 40/64 |S|=26 tri_free=True greedyα=30
    walk 41/64 |S|=24 tri_free=True greedyα=29
    walk 42/64 |S|=23 tri_free=True greedyα=26
    walk 43/64 |S|=24 tri_free=True greedyα=27
    walk 44/64 |S|=25 tri_free=True greedyα=24
    walk 45/64 |S|=25 tri_free=True greedyα=28
    walk 46/64 |S|=26 tri_free=True greedyα=28
    walk 47/64 |S|=29 tri_free=True greedyα=37
    walk 48/64 |S|=25 tri_free=True greedyα=28
    walk 49/64 |S|=25 tri_free=True greedyα=25
    walk 50/64 |S|=26 tri_free=True greedyα=26
    walk 51/64 |S|=24 tri_free=True greedyα=28
    walk 52/64 |S|=27 tri_free=True greedyα=26
    walk 53/64 |S|=26 tri_free=True greedyα=27
    walk 54/64 |S|=25 tri_free=True greedyα=25
    walk 55/64 |S|=25 tri_free=True greedyα=33
    walk 56/64 |S|=27 tri_free=True greedyα=25
    walk 57/64 |S|=23 tri_free=True greedyα=28
    walk 58/64 |S|=26 tri_free=True greedyα=24
    walk 59/64 |S|=25 tri_free=True greedyα=29
    walk 60/64 |S|=25 tri_free=True greedyα=24
    walk 61/64 |S|=25 tri_free=True greedyα=23
    walk 62/64 |S|=27 tri_free=True greedyα=28
    walk 63/64 |S|=25 tri_free=True greedyα=30
    walk 64/64 |S|=24 tri_free=True greedyα=31
  [5c] p=281 e=5 D0∪D3 pool=56 t=20
    walk 1/64 |S|=26 tri_free=True greedyα=23
    walk 2/64 |S|=26 tri_free=True greedyα=25
    walk 3/64 |S|=26 tri_free=True greedyα=23
    walk 4/64 |S|=27 tri_free=True greedyα=32
    walk 5/64 |S|=27 tri_free=True greedyα=19
    walk 6/64 |S|=26 tri_free=True greedyα=31
    walk 7/64 |S|=27 tri_free=True greedyα=26
    walk 8/64 |S|=26 tri_free=True greedyα=30
    walk 9/64 |S|=25 tri_free=True greedyα=35
    walk 10/64 |S|=27 tri_free=True greedyα=35
    walk 11/64 |S|=23 tri_free=True greedyα=25
    walk 12/64 |S|=27 tri_free=True greedyα=32
    walk 13/64 |S|=30 tri_free=True greedyα=43
    walk 14/64 |S|=26 tri_free=True greedyα=25
    walk 15/64 |S|=27 tri_free=True greedyα=36
    walk 16/64 |S|=27 tri_free=True greedyα=30
    walk 17/64 |S|=26 tri_free=True greedyα=29
    walk 18/64 |S|=26 tri_free=True greedyα=27
    walk 19/64 |S|=25 tri_free=True greedyα=27
    walk 20/64 |S|=25 tri_free=True greedyα=25
    walk 21/64 |S|=29 tri_free=True greedyα=49
    walk 22/64 |S|=27 tri_free=True greedyα=46
    walk 23/64 |S|=25 tri_free=True greedyα=36
    walk 24/64 |S|=25 tri_free=True greedyα=24
    walk 25/64 |S|=25 tri_free=True greedyα=26
    walk 26/64 |S|=24 tri_free=True greedyα=30
    walk 27/64 |S|=25 tri_free=True greedyα=26
    walk 28/64 |S|=26 tri_free=True greedyα=27
    walk 29/64 |S|=27 tri_free=True greedyα=25
    walk 30/64 |S|=26 tri_free=True greedyα=30
    walk 31/64 |S|=24 tri_free=True greedyα=22
    walk 32/64 |S|=25 tri_free=True greedyα=34
    walk 33/64 |S|=24 tri_free=True greedyα=22
    walk 34/64 |S|=27 tri_free=True greedyα=23
    walk 35/64 |S|=26 tri_free=True greedyα=50
    walk 36/64 |S|=28 tri_free=True greedyα=32
    walk 37/64 |S|=26 tri_free=True greedyα=34
    walk 38/64 |S|=25 tri_free=True greedyα=34
    walk 39/64 |S|=26 tri_free=True greedyα=28
    walk 40/64 |S|=28 tri_free=True greedyα=44
    walk 41/64 |S|=27 tri_free=True greedyα=42
    walk 42/64 |S|=26 tri_free=True greedyα=32
    walk 43/64 |S|=27 tri_free=True greedyα=25
    walk 44/64 |S|=26 tri_free=True greedyα=36
    walk 45/64 |S|=27 tri_free=True greedyα=31
    walk 46/64 |S|=26 tri_free=True greedyα=24
    walk 47/64 |S|=27 tri_free=True greedyα=22
    walk 48/64 |S|=26 tri_free=True greedyα=37
    walk 49/64 |S|=24 tri_free=True greedyα=25
    walk 50/64 |S|=27 tri_free=True greedyα=25
    walk 51/64 |S|=27 tri_free=True greedyα=42
    walk 52/64 |S|=27 tri_free=True greedyα=24
    walk 53/64 |S|=29 tri_free=True greedyα=24
    walk 54/64 |S|=27 tri_free=True greedyα=29
    walk 55/64 |S|=32 tri_free=True greedyα=55
    walk 56/64 |S|=26 tri_free=True greedyα=28
    walk 57/64 |S|=25 tri_free=True greedyα=24
    walk 58/64 |S|=25 tri_free=True greedyα=29
    walk 59/64 |S|=25 tri_free=True greedyα=30
    walk 60/64 |S|=26 tri_free=True greedyα=23
    walk 61/64 |S|=25 tri_free=True greedyα=27
    walk 62/64 |S|=26 tri_free=True greedyα=22
    walk 63/64 |S|=27 tri_free=True greedyα=33
    walk 64/64 |S|=28 tri_free=True greedyα=43
      MIS |S|=27 greedyα=19 residual IS ≥ 19 (α(G)≥20) {'found': True, 'lower': 19, 'exact': True, 'nodes': 22, 'seconds': 0.0005623549222946167, 'timed_out': False, 'backend': 'c-decide'}
  [5c] p=281 e=5 D0∪D4 pool=56 t=20
    walk 1/64 |S|=29 tri_free=True greedyα=26
    walk 2/64 |S|=29 tri_free=True greedyα=25
    walk 3/64 |S|=28 tri_free=True greedyα=32
    walk 4/64 |S|=29 tri_free=True greedyα=28
    walk 5/64 |S|=28 tri_free=True greedyα=27
    walk 6/64 |S|=26 tri_free=True greedyα=21
    walk 7/64 |S|=26 tri_free=True greedyα=20
    walk 8/64 |S|=28 tri_free=True greedyα=24
    walk 9/64 |S|=29 tri_free=True greedyα=26
    walk 10/64 |S|=30 tri_free=True greedyα=27
    walk 11/64 |S|=28 tri_free=True greedyα=23
    walk 12/64 |S|=28 tri_free=True greedyα=28
    walk 13/64 |S|=30 tri_free=True greedyα=28
    walk 14/64 |S|=30 tri_free=True greedyα=29
    walk 15/64 |S|=30 tri_free=True greedyα=28
    walk 16/64 |S|=30 tri_free=True greedyα=27
    walk 17/64 |S|=28 tri_free=True greedyα=21
    walk 18/64 |S|=29 tri_free=True greedyα=38
    walk 19/64 |S|=29 tri_free=True greedyα=22
    walk 20/64 |S|=29 tri_free=True greedyα=21
    walk 21/64 |S|=27 tri_free=True greedyα=31
    walk 22/64 |S|=29 tri_free=True greedyα=28
    walk 23/64 |S|=29 tri_free=True greedyα=27
    walk 24/64 |S|=30 tri_free=True greedyα=31
    walk 25/64 |S|=31 tri_free=True greedyα=25
    walk 26/64 |S|=26 tri_free=True greedyα=18
    walk 27/64 |S|=30 tri_free=True greedyα=22
    walk 28/64 |S|=33 tri_free=True greedyα=45
    walk 29/64 |S|=29 tri_free=True greedyα=24
    walk 30/64 |S|=29 tri_free=True greedyα=21
    walk 31/64 |S|=30 tri_free=True greedyα=21
    walk 32/64 |S|=27 tri_free=True greedyα=18
    walk 33/64 |S|=29 tri_free=True greedyα=27
    walk 34/64 |S|=28 tri_free=True greedyα=28
    walk 35/64 |S|=28 tri_free=True greedyα=24
    walk 36/64 |S|=31 tri_free=True greedyα=21
    walk 37/64 |S|=28 tri_free=True greedyα=22
    walk 38/64 |S|=31 tri_free=True greedyα=28
    walk 39/64 |S|=27 tri_free=True greedyα=24
    walk 40/64 |S|=28 tri_free=True greedyα=31
    walk 41/64 |S|=27 tri_free=True greedyα=25
    walk 42/64 |S|=29 tri_free=True greedyα=23
    walk 43/64 |S|=28 tri_free=True greedyα=25
    walk 44/64 |S|=27 tri_free=True greedyα=22
    walk 45/64 |S|=30 tri_free=True greedyα=23
    walk 46/64 |S|=27 tri_free=True greedyα=24
    walk 47/64 |S|=29 tri_free=True greedyα=18
    walk 48/64 |S|=30 tri_free=True greedyα=31
    walk 49/64 |S|=30 tri_free=True greedyα=22
    walk 50/64 |S|=32 tri_free=True greedyα=28
    walk 51/64 |S|=27 tri_free=True greedyα=24
    walk 52/64 |S|=30 tri_free=True greedyα=23
    walk 53/64 |S|=28 tri_free=True greedyα=23
    walk 54/64 |S|=29 tri_free=True greedyα=25
    walk 55/64 |S|=26 tri_free=True greedyα=23
    walk 56/64 |S|=29 tri_free=True greedyα=25
    walk 57/64 |S|=27 tri_free=True greedyα=24
    walk 58/64 |S|=29 tri_free=True greedyα=26
    walk 59/64 |S|=29 tri_free=True greedyα=28
    walk 60/64 |S|=32 tri_free=True greedyα=35
    walk 61/64 |S|=28 tri_free=True greedyα=25
    walk 62/64 |S|=32 tri_free=True greedyα=25
    walk 63/64 |S|=26 tri_free=True greedyα=22
    walk 64/64 |S|=29 tri_free=True greedyα=27
      MIS |S|=29 greedyα=18 residual IS ≥ 19 (α(G)≥20) {'found': True, 'lower': 19, 'exact': True, 'nodes': 21, 'seconds': 0.0005444884300231934, 'timed_out': False, 'backend': 'c-decide'}
      MIS |S|=27 greedyα=18 residual IS ≥ 19 (α(G)≥20) {'found': True, 'lower': 19, 'exact': True, 'nodes': 50, 'seconds': 0.0005022399127483368, 'timed_out': False, 'backend': 'c-decide'}
      MIS |S|=26 greedyα=18 residual IS ≥ 19 (α(G)≥20) {'found': True, 'lower': 19, 'exact': True, 'nodes': 63, 'seconds': 0.0005325973033905029, 'timed_out': False, 'backend': 'c-decide'}
  [5c] p=281 e=5 D1∪D2 pool=56 t=20
    walk 1/64 |S|=27 tri_free=True greedyα=26
    walk 2/64 |S|=30 tri_free=True greedyα=21
    walk 3/64 |S|=27 tri_free=True greedyα=23
    walk 4/64 |S|=31 tri_free=True greedyα=30
    walk 5/64 |S|=31 tri_free=True greedyα=24
    walk 6/64 |S|=28 tri_free=True greedyα=24
    walk 7/64 |S|=29 tri_free=True greedyα=25
    walk 8/64 |S|=30 tri_free=True greedyα=28
    walk 9/64 |S|=31 tri_free=True greedyα=28
    walk 10/64 |S|=29 tri_free=True greedyα=27
    walk 11/64 |S|=29 tri_free=True greedyα=21
    walk 12/64 |S|=30 tri_free=True greedyα=23
    walk 13/64 |S|=28 tri_free=True greedyα=30
    walk 14/64 |S|=30 tri_free=True greedyα=27
    walk 15/64 |S|=28 tri_free=True greedyα=26
    walk 16/64 |S|=27 tri_free=True greedyα=26
    walk 17/64 |S|=31 tri_free=True greedyα=22
    walk 18/64 |S|=28 tri_free=True greedyα=26
    walk 19/64 |S|=30 tri_free=True greedyα=27
    walk 20/64 |S|=27 tri_free=True greedyα=30
    walk 21/64 |S|=32 tri_free=True greedyα=29
    walk 22/64 |S|=30 tri_free=True greedyα=29
    walk 23/64 |S|=27 tri_free=True greedyα=26
    walk 24/64 |S|=27 tri_free=True greedyα=23
    walk 25/64 |S|=30 tri_free=True greedyα=53
    walk 26/64 |S|=31 tri_free=True greedyα=27
    walk 27/64 |S|=29 tri_free=True greedyα=23
    walk 28/64 |S|=31 tri_free=True greedyα=24
    walk 29/64 |S|=27 tri_free=True greedyα=25
    walk 30/64 |S|=27 tri_free=True greedyα=33
    walk 31/64 |S|=29 tri_free=True greedyα=29
    walk 32/64 |S|=28 tri_free=True greedyα=22
    walk 33/64 |S|=27 tri_free=True greedyα=23
    walk 34/64 |S|=28 tri_free=True greedyα=23
    walk 35/64 |S|=30 tri_free=True greedyα=25
    walk 36/64 |S|=30 tri_free=True greedyα=34
    walk 37/64 |S|=28 tri_free=True greedyα=21
    walk 38/64 |S|=29 tri_free=True greedyα=30
    walk 39/64 |S|=30 tri_free=True greedyα=26
    walk 40/64 |S|=28 tri_free=True greedyα=24
    walk 41/64 |S|=28 tri_free=True greedyα=21
    walk 42/64 |S|=28 tri_free=True greedyα=23
    walk 43/64 |S|=31 tri_free=True greedyα=28
    walk 44/64 |S|=29 tri_free=True greedyα=23
    walk 45/64 |S|=29 tri_free=True greedyα=24
    walk 46/64 |S|=28 tri_free=True greedyα=27
    walk 47/64 |S|=30 tri_free=True greedyα=30
    walk 48/64 |S|=30 tri_free=True greedyα=24
    walk 49/64 |S|=27 tri_free=True greedyα=25
    walk 50/64 |S|=30 tri_free=True greedyα=29
    walk 51/64 |S|=29 tri_free=True greedyα=22
    walk 52/64 |S|=31 tri_free=True greedyα=28
    walk 53/64 |S|=31 tri_free=True greedyα=19
    walk 54/64 |S|=32 tri_free=True greedyα=29
    walk 55/64 |S|=29 tri_free=True greedyα=23
    walk 56/64 |S|=27 tri_free=True greedyα=26
    walk 57/64 |S|=28 tri_free=True greedyα=29
    walk 58/64 |S|=29 tri_free=True greedyα=24
    walk 59/64 |S|=30 tri_free=True greedyα=24
    walk 60/64 |S|=30 tri_free=True greedyα=26
    walk 61/64 |S|=29 tri_free=True greedyα=22
    walk 62/64 |S|=27 tri_free=True greedyα=23
    walk 63/64 |S|=31 tri_free=True greedyα=27
    walk 64/64 |S|=28 tri_free=True greedyα=21
      MIS |S|=31 greedyα=19 residual IS ≥ 19 (α(G)≥20) {'found': True, 'lower': 19, 'exact': True, 'nodes': 21, 'seconds': 0.0005775317549705505, 'timed_out': False, 'backend': 'c-decide'}
  [5c] p=281 e=5 D1∪D3 pool=56 t=20
    walk 1/64 |S|=26 tri_free=True greedyα=33
    walk 2/64 |S|=26 tri_free=True greedyα=33
    walk 3/64 |S|=26 tri_free=True greedyα=23
    walk 4/64 |S|=28 tri_free=True greedyα=35
    walk 5/64 |S|=24 tri_free=True greedyα=35
    walk 6/64 |S|=24 tri_free=True greedyα=32
    walk 7/64 |S|=26 tri_free=True greedyα=26
    walk 8/64 |S|=25 tri_free=True greedyα=24
    walk 9/64 |S|=31 tri_free=True greedyα=50
    walk 10/64 |S|=30 tri_free=True greedyα=31
    walk 11/64 |S|=25 tri_free=True greedyα=30
    walk 12/64 |S|=26 tri_free=True greedyα=29
    walk 13/64 |S|=28 tri_free=True greedyα=29
    walk 14/64 |S|=25 tri_free=True greedyα=27
    walk 15/64 |S|=26 tri_free=True greedyα=39
    walk 16/64 |S|=25 tri_free=True greedyα=22
    walk 17/64 |S|=24 tri_free=True greedyα=24
    walk 18/64 |S|=26 tri_free=True greedyα=25
    walk 19/64 |S|=29 tri_free=True greedyα=43
    walk 20/64 |S|=27 tri_free=True greedyα=27
    walk 21/64 |S|=27 tri_free=True greedyα=24
    walk 22/64 |S|=26 tri_free=True greedyα=28
    walk 23/64 |S|=25 tri_free=True greedyα=24
    walk 24/64 |S|=25 tri_free=True greedyα=39
    walk 25/64 |S|=26 tri_free=True greedyα=41
    walk 26/64 |S|=26 tri_free=True greedyα=28
    walk 27/64 |S|=26 tri_free=True greedyα=21
    walk 28/64 |S|=24 tri_free=True greedyα=28
    walk 29/64 |S|=29 tri_free=True greedyα=53
    walk 30/64 |S|=25 tri_free=True greedyα=27
    walk 31/64 |S|=26 tri_free=True greedyα=29
    walk 32/64 |S|=23 tri_free=True greedyα=30
    walk 33/64 |S|=27 tri_free=True greedyα=44
    walk 34/64 |S|=26 tri_free=True greedyα=30
    walk 35/64 |S|=25 tri_free=True greedyα=29
    walk 36/64 |S|=25 tri_free=True greedyα=27
    walk 37/64 |S|=25 tri_free=True greedyα=24
    walk 38/64 |S|=25 tri_free=True greedyα=24
    walk 39/64 |S|=24 tri_free=True greedyα=30
    walk 40/64 |S|=29 tri_free=True greedyα=29
    walk 41/64 |S|=25 tri_free=True greedyα=35
    walk 42/64 |S|=29 tri_free=True greedyα=28
    walk 43/64 |S|=27 tri_free=True greedyα=29
    walk 44/64 |S|=26 tri_free=True greedyα=29
    walk 45/64 |S|=26 tri_free=True greedyα=30
    walk 46/64 |S|=30 tri_free=True greedyα=50
    walk 47/64 |S|=25 tri_free=True greedyα=21
    walk 48/64 |S|=26 tri_free=True greedyα=30
    walk 49/64 |S|=27 tri_free=True greedyα=26
    walk 50/64 |S|=25 tri_free=True greedyα=34
    walk 51/64 |S|=27 tri_free=True greedyα=24
    walk 52/64 |S|=26 tri_free=True greedyα=29
    walk 53/64 |S|=26 tri_free=True greedyα=26
    walk 54/64 |S|=25 tri_free=True greedyα=28
    walk 55/64 |S|=23 tri_free=True greedyα=33
    walk 56/64 |S|=29 tri_free=True greedyα=25
    walk 57/64 |S|=25 tri_free=True greedyα=24
    walk 58/64 |S|=27 tri_free=True greedyα=23
    walk 59/64 |S|=27 tri_free=True greedyα=24
    walk 60/64 |S|=24 tri_free=True greedyα=30
    walk 61/64 |S|=24 tri_free=True greedyα=25
    walk 62/64 |S|=25 tri_free=True greedyα=21
    walk 63/64 |S|=23 tri_free=True greedyα=26
    walk 64/64 |S|=24 tri_free=True greedyα=23
  [5c] p=281 e=5 D1∪D4 pool=56 t=20
    walk 1/64 |S|=25 tri_free=True greedyα=28
    walk 2/64 |S|=24 tri_free=True greedyα=27
    walk 3/64 |S|=27 tri_free=True greedyα=31
    walk 4/64 |S|=25 tri_free=True greedyα=25
    walk 5/64 |S|=26 tri_free=True greedyα=26
    walk 6/64 |S|=27 tri_free=True greedyα=23
    walk 7/64 |S|=28 tri_free=True greedyα=29
    walk 8/64 |S|=26 tri_free=True greedyα=30
    walk 9/64 |S|=27 tri_free=True greedyα=32
    walk 10/64 |S|=25 tri_free=True greedyα=23
    walk 11/64 |S|=30 tri_free=True greedyα=50
    walk 12/64 |S|=27 tri_free=True greedyα=24
    walk 13/64 |S|=29 tri_free=True greedyα=35
    walk 14/64 |S|=25 tri_free=True greedyα=21
    walk 15/64 |S|=25 tri_free=True greedyα=33
    walk 16/64 |S|=27 tri_free=True greedyα=27
    walk 17/64 |S|=25 tri_free=True greedyα=25
    walk 18/64 |S|=28 tri_free=True greedyα=30
    walk 19/64 |S|=28 tri_free=True greedyα=29
    walk 20/64 |S|=27 tri_free=True greedyα=21
    walk 21/64 |S|=25 tri_free=True greedyα=27
    walk 22/64 |S|=26 tri_free=True greedyα=29
    walk 23/64 |S|=31 tri_free=True greedyα=35
    walk 24/64 |S|=26 tri_free=True greedyα=28
    walk 25/64 |S|=27 tri_free=True greedyα=23
    walk 26/64 |S|=25 tri_free=True greedyα=32
    walk 27/64 |S|=27 tri_free=True greedyα=26
    walk 28/64 |S|=26 tri_free=True greedyα=25
    walk 29/64 |S|=27 tri_free=True greedyα=25
    walk 30/64 |S|=25 tri_free=True greedyα=31
    walk 31/64 |S|=25 tri_free=True greedyα=26
    walk 32/64 |S|=25 tri_free=True greedyα=31
    walk 33/64 |S|=27 tri_free=True greedyα=28
    walk 34/64 |S|=26 tri_free=True greedyα=27
    walk 35/64 |S|=24 tri_free=True greedyα=33
    walk 36/64 |S|=27 tri_free=True greedyα=27
    walk 37/64 |S|=26 tri_free=True greedyα=27
    walk 38/64 |S|=27 tri_free=True greedyα=30
    walk 39/64 |S|=25 tri_free=True greedyα=24
    walk 40/64 |S|=26 tri_free=True greedyα=27
    walk 41/64 |S|=26 tri_free=True greedyα=28
    walk 42/64 |S|=26 tri_free=True greedyα=31
    walk 43/64 |S|=25 tri_free=True greedyα=25
    walk 44/64 |S|=25 tri_free=True greedyα=28
    walk 45/64 |S|=29 tri_free=True greedyα=33
    walk 46/64 |S|=25 tri_free=True greedyα=27
    walk 47/64 |S|=24 tri_free=True greedyα=25
    walk 48/64 |S|=25 tri_free=True greedyα=25
    walk 49/64 |S|=24 tri_free=True greedyα=24
    walk 50/64 |S|=25 tri_free=True greedyα=26
    walk 51/64 |S|=25 tri_free=True greedyα=26
    walk 52/64 |S|=26 tri_free=True greedyα=22
    walk 53/64 |S|=27 tri_free=True greedyα=27
    walk 54/64 |S|=24 tri_free=True greedyα=31
    walk 55/64 |S|=25 tri_free=True greedyα=29
    walk 56/64 |S|=27 tri_free=True greedyα=24
    walk 57/64 |S|=25 tri_free=True greedyα=23
    walk 58/64 |S|=26 tri_free=True greedyα=26
    walk 59/64 |S|=27 tri_free=True greedyα=24
    walk 60/64 |S|=28 tri_free=True greedyα=32
    walk 61/64 |S|=26 tri_free=True greedyα=24
    walk 62/64 |S|=25 tri_free=True greedyα=25
    walk 63/64 |S|=27 tri_free=True greedyα=28
    walk 64/64 |S|=27 tri_free=True greedyα=25
  [5c] p=281 e=5 D2∪D3 pool=56 t=20
    walk 1/64 |S|=31 tri_free=True greedyα=23
    walk 2/64 |S|=28 tri_free=True greedyα=18
    walk 3/64 |S|=30 tri_free=True greedyα=29
    walk 4/64 |S|=25 tri_free=True greedyα=35
    walk 5/64 |S|=30 tri_free=True greedyα=23
    walk 6/64 |S|=30 tri_free=True greedyα=26
    walk 7/64 |S|=29 tri_free=True greedyα=23
    walk 8/64 |S|=29 tri_free=True greedyα=29
    walk 9/64 |S|=30 tri_free=True greedyα=23
    walk 10/64 |S|=29 tri_free=True greedyα=23
    walk 11/64 |S|=29 tri_free=True greedyα=28
    walk 12/64 |S|=28 tri_free=True greedyα=25
    walk 13/64 |S|=28 tri_free=True greedyα=23
    walk 14/64 |S|=28 tri_free=True greedyα=27
    walk 15/64 |S|=32 tri_free=True greedyα=24
    walk 16/64 |S|=29 tri_free=True greedyα=23
    walk 17/64 |S|=27 tri_free=True greedyα=26
    walk 18/64 |S|=29 tri_free=True greedyα=21
    walk 19/64 |S|=30 tri_free=True greedyα=31
    walk 20/64 |S|=26 tri_free=True greedyα=25
    walk 21/64 |S|=30 tri_free=True greedyα=27
    walk 22/64 |S|=30 tri_free=True greedyα=30
    walk 23/64 |S|=29 tri_free=True greedyα=25
    walk 24/64 |S|=28 tri_free=True greedyα=26
    walk 25/64 |S|=28 tri_free=True greedyα=23
    walk 26/64 |S|=30 tri_free=True greedyα=31
    walk 27/64 |S|=32 tri_free=True greedyα=29
    walk 28/64 |S|=28 tri_free=True greedyα=36
    walk 29/64 |S|=28 tri_free=True greedyα=31
    walk 30/64 |S|=28 tri_free=True greedyα=24
    walk 31/64 |S|=28 tri_free=True greedyα=22
    walk 32/64 |S|=31 tri_free=True greedyα=22
    walk 33/64 |S|=28 tri_free=True greedyα=23
    walk 34/64 |S|=30 tri_free=True greedyα=26
    walk 35/64 |S|=26 tri_free=True greedyα=28
    walk 36/64 |S|=30 tri_free=True greedyα=25
    walk 37/64 |S|=30 tri_free=True greedyα=22
    walk 38/64 |S|=29 tri_free=True greedyα=27
    walk 39/64 |S|=29 tri_free=True greedyα=22
    walk 40/64 |S|=29 tri_free=True greedyα=29
    walk 41/64 |S|=30 tri_free=True greedyα=23
    walk 42/64 |S|=29 tri_free=True greedyα=27
    walk 43/64 |S|=28 tri_free=True greedyα=28
    walk 44/64 |S|=28 tri_free=True greedyα=24
    walk 45/64 |S|=28 tri_free=True greedyα=25
    walk 46/64 |S|=29 tri_free=True greedyα=22
    walk 47/64 |S|=30 tri_free=True greedyα=30
    walk 48/64 |S|=31 tri_free=True greedyα=22
    walk 49/64 |S|=29 tri_free=True greedyα=25
    walk 50/64 |S|=29 tri_free=True greedyα=25
    walk 51/64 |S|=30 tri_free=True greedyα=17
    walk 52/64 |S|=28 tri_free=True greedyα=26
    walk 53/64 |S|=28 tri_free=True greedyα=23
    walk 54/64 |S|=28 tri_free=True greedyα=19
    walk 55/64 |S|=29 tri_free=True greedyα=22
    walk 56/64 |S|=29 tri_free=True greedyα=24
    walk 57/64 |S|=30 tri_free=True greedyα=22
    walk 58/64 |S|=28 tri_free=True greedyα=23
    walk 59/64 |S|=28 tri_free=True greedyα=25
    walk 60/64 |S|=29 tri_free=True greedyα=24
    walk 61/64 |S|=28 tri_free=True greedyα=28
    walk 62/64 |S|=27 tri_free=True greedyα=27
    walk 63/64 |S|=28 tri_free=True greedyα=26
    walk 64/64 |S|=28 tri_free=True greedyα=21
      MIS |S|=30 greedyα=17 residual IS ≥ 19 (α(G)≥20) {'found': True, 'lower': 19, 'exact': True, 'nodes': 22, 'seconds': 0.00045584142208099365, 'timed_out': False, 'backend': 'c-decide'}
      MIS |S|=28 greedyα=18 residual IS ≥ 19 (α(G)≥20) {'found': True, 'lower': 19, 'exact': True, 'nodes': 60, 'seconds': 0.0004915408790111542, 'timed_out': False, 'backend': 'c-decide'}
      MIS |S|=28 greedyα=19 residual IS ≥ 19 (α(G)≥20) {'found': True, 'lower': 19, 'exact': True, 'nodes': 51, 'seconds': 0.000481240451335907, 'timed_out': False, 'backend': 'c-decide'}
  [5c] p=281 e=5 D2∪D4 pool=56 t=20
    walk 1/64 |S|=26 tri_free=True greedyα=25
    walk 2/64 |S|=26 tri_free=True greedyα=38
    walk 3/64 |S|=27 tri_free=True greedyα=25
    walk 4/64 |S|=28 tri_free=True greedyα=33
    walk 5/64 |S|=27 tri_free=True greedyα=24
    walk 6/64 |S|=26 tri_free=True greedyα=31
    walk 7/64 |S|=26 tri_free=True greedyα=32
    walk 8/64 |S|=26 tri_free=True greedyα=27
    walk 9/64 |S|=27 tri_free=True greedyα=29
    walk 10/64 |S|=25 tri_free=True greedyα=27
    walk 11/64 |S|=27 tri_free=True greedyα=28
    walk 12/64 |S|=26 tri_free=True greedyα=23
    walk 13/64 |S|=25 tri_free=True greedyα=25
    walk 14/64 |S|=25 tri_free=True greedyα=24
    walk 15/64 |S|=26 tri_free=True greedyα=21
    walk 16/64 |S|=26 tri_free=True greedyα=27
    walk 17/64 |S|=25 tri_free=True greedyα=25
    walk 18/64 |S|=27 tri_free=True greedyα=30
    walk 19/64 |S|=24 tri_free=True greedyα=28
    walk 20/64 |S|=26 tri_free=True greedyα=35
    walk 21/64 |S|=24 tri_free=True greedyα=33
    walk 22/64 |S|=27 tri_free=True greedyα=24
    walk 23/64 |S|=28 tri_free=True greedyα=25
    walk 24/64 |S|=26 tri_free=True greedyα=35
    walk 25/64 |S|=25 tri_free=True greedyα=21
    walk 26/64 |S|=28 tri_free=True greedyα=26
    walk 27/64 |S|=25 tri_free=True greedyα=29
    walk 28/64 |S|=27 tri_free=True greedyα=34
    walk 29/64 |S|=22 tri_free=True greedyα=23
    walk 30/64 |S|=24 tri_free=True greedyα=24
    walk 31/64 |S|=26 tri_free=True greedyα=25
    walk 32/64 |S|=25 tri_free=True greedyα=21
    walk 33/64 |S|=25 tri_free=True greedyα=34
    walk 34/64 |S|=31 tri_free=True greedyα=56
    walk 35/64 |S|=25 tri_free=True greedyα=24
    walk 36/64 |S|=25 tri_free=True greedyα=26
    walk 37/64 |S|=24 tri_free=True greedyα=35
    walk 38/64 |S|=25 tri_free=True greedyα=21
    walk 39/64 |S|=28 tri_free=True greedyα=30
    walk 40/64 |S|=23 tri_free=True greedyα=30
    walk 41/64 |S|=27 tri_free=True greedyα=31
    walk 42/64 |S|=26 tri_free=True greedyα=29
    walk 43/64 |S|=25 tri_free=True greedyα=24
    walk 44/64 |S|=24 tri_free=True greedyα=27
    walk 45/64 |S|=24 tri_free=True greedyα=31
    walk 46/64 |S|=25 tri_free=True greedyα=28
    walk 47/64 |S|=27 tri_free=True greedyα=26
    walk 48/64 |S|=29 tri_free=True greedyα=37
    walk 49/64 |S|=25 tri_free=True greedyα=27
    walk 50/64 |S|=27 tri_free=True greedyα=25
    walk 51/64 |S|=25 tri_free=True greedyα=23
    walk 52/64 |S|=24 tri_free=True greedyα=24
    walk 53/64 |S|=25 tri_free=True greedyα=21
    walk 54/64 |S|=27 tri_free=True greedyα=25
    walk 55/64 |S|=29 tri_free=True greedyα=40
    walk 56/64 |S|=24 tri_free=True greedyα=31
    walk 57/64 |S|=26 tri_free=True greedyα=19
    walk 58/64 |S|=26 tri_free=True greedyα=32
    walk 59/64 |S|=25 tri_free=True greedyα=22
    walk 60/64 |S|=26 tri_free=True greedyα=31
    walk 61/64 |S|=27 tri_free=True greedyα=27
    walk 62/64 |S|=26 tri_free=True greedyα=30
    walk 63/64 |S|=26 tri_free=True greedyα=24
    walk 64/64 |S|=26 tri_free=True greedyα=29
      MIS |S|=26 greedyα=19 residual IS ≥ 19 (α(G)≥20) {'found': True, 'lower': 19, 'exact': True, 'nodes': 22, 'seconds': 0.0005532503128051758, 'timed_out': False, 'backend': 'c-decide'}
  [5c] p=281 e=5 D3∪D4 pool=56 t=20
    walk 1/64 |S|=30 tri_free=True greedyα=26
    walk 2/64 |S|=27 tri_free=True greedyα=26
    walk 3/64 |S|=29 tri_free=True greedyα=22
    walk 4/64 |S|=29 tri_free=True greedyα=27
    walk 5/64 |S|=29 tri_free=True greedyα=21
    walk 6/64 |S|=30 tri_free=True greedyα=28
    walk 7/64 |S|=29 tri_free=True greedyα=25
    walk 8/64 |S|=29 tri_free=True greedyα=30
    walk 9/64 |S|=29 tri_free=True greedyα=28
    walk 10/64 |S|=27 tri_free=True greedyα=18
    walk 11/64 |S|=27 tri_free=True greedyα=26
    walk 12/64 |S|=28 tri_free=True greedyα=26
    walk 13/64 |S|=30 tri_free=True greedyα=23
    walk 14/64 |S|=29 tri_free=True greedyα=30
    walk 15/64 |S|=30 tri_free=True greedyα=25
    walk 16/64 |S|=29 tri_free=True greedyα=30
    walk 17/64 |S|=28 tri_free=True greedyα=21
    walk 18/64 |S|=29 tri_free=True greedyα=27
    walk 19/64 |S|=28 tri_free=True greedyα=24
    walk 20/64 |S|=28 tri_free=True greedyα=25
    walk 21/64 |S|=30 tri_free=True greedyα=24
    walk 22/64 |S|=31 tri_free=True greedyα=24
    walk 23/64 |S|=28 tri_free=True greedyα=25
    walk 24/64 |S|=28 tri_free=True greedyα=27
    walk 25/64 |S|=29 tri_free=True greedyα=22
    walk 26/64 |S|=29 tri_free=True greedyα=39
    walk 27/64 |S|=32 tri_free=True greedyα=32
    walk 28/64 |S|=30 tri_free=True greedyα=23
    walk 29/64 |S|=31 tri_free=True greedyα=26
    walk 30/64 |S|=28 tri_free=True greedyα=28
    walk 31/64 |S|=28 tri_free=True greedyα=24
    walk 32/64 |S|=27 tri_free=True greedyα=25
    walk 33/64 |S|=25 tri_free=True greedyα=26
    walk 34/64 |S|=27 tri_free=True greedyα=23
    walk 35/64 |S|=30 tri_free=True greedyα=18
    walk 36/64 |S|=29 tri_free=True greedyα=25
    walk 37/64 |S|=27 tri_free=True greedyα=22
    walk 38/64 |S|=30 tri_free=True greedyα=32
    walk 39/64 |S|=29 tri_free=True greedyα=25
    walk 40/64 |S|=32 tri_free=True greedyα=30
    walk 41/64 |S|=29 tri_free=True greedyα=22
    walk 42/64 |S|=28 tri_free=True greedyα=21
    walk 43/64 |S|=29 tri_free=True greedyα=21
    walk 44/64 |S|=30 tri_free=True greedyα=25
    walk 45/64 |S|=30 tri_free=True greedyα=28
    walk 46/64 |S|=26 tri_free=True greedyα=23
    walk 47/64 |S|=30 tri_free=True greedyα=28
    walk 48/64 |S|=29 tri_free=True greedyα=23
    walk 49/64 |S|=30 tri_free=True greedyα=40
    walk 50/64 |S|=31 tri_free=True greedyα=25
    walk 51/64 |S|=27 tri_free=True greedyα=26
    walk 52/64 |S|=27 tri_free=True greedyα=23
    walk 53/64 |S|=30 tri_free=True greedyα=25
    walk 54/64 |S|=30 tri_free=True greedyα=23
    walk 55/64 |S|=30 tri_free=True greedyα=24
    walk 56/64 |S|=26 tri_free=True greedyα=21
    walk 57/64 |S|=26 tri_free=True greedyα=28
    walk 58/64 |S|=29 tri_free=True greedyα=24
    walk 59/64 |S|=31 tri_free=True greedyα=33
    walk 60/64 |S|=30 tri_free=True greedyα=41
    walk 61/64 |S|=29 tri_free=True greedyα=25
    walk 62/64 |S|=30 tri_free=True greedyα=19
    walk 63/64 |S|=29 tri_free=True greedyα=25
    walk 64/64 |S|=28 tri_free=True greedyα=19
      MIS |S|=30 greedyα=18 residual IS ≥ 19 (α(G)≥20) {'found': True, 'lower': 19, 'exact': True, 'nodes': 28, 'seconds': 0.0007978528738021851, 'timed_out': False, 'backend': 'c-decide'}
      MIS |S|=27 greedyα=18 residual IS ≥ 19 (α(G)≥20) {'found': True, 'lower': 19, 'exact': True, 'nodes': 59, 'seconds': 0.00048264116048812866, 'timed_out': False, 'backend': 'c-decide'}
      MIS |S|=30 greedyα=19 residual IS ≥ 19 (α(G)≥20) {'found': True, 'lower': 19, 'exact': True, 'nodes': 46, 'seconds': 0.0004648454487323761, 'timed_out': False, 'backend': 'c-decide'}
      MIS |S|=28 greedyα=19 residual IS ≥ 19 (α(G)≥20) {'found': True, 'lower': 19, 'exact': True, 'nodes': 25, 'seconds': 0.00041776522994041443, 'timed_out': False, 'backend': 'c-decide'}
  [5c] p=281 e=10 D0∪D1 pool=28 t=20
    walk 1/64 |S|=28 tri_free=True greedyα=24
    walk 2/64 |S|=28 orbit-dup skip
    walk 3/64 |S|=28 orbit-dup skip
    walk 4/64 |S|=28 orbit-dup skip
    walk 5/64 |S|=28 orbit-dup skip
    walk 6/64 |S|=28 orbit-dup skip
    walk 7/64 |S|=28 orbit-dup skip
    walk 8/64 |S|=28 orbit-dup skip
    walk 9/64 |S|=28 orbit-dup skip
    walk 10/64 |S|=28 orbit-dup skip
    walk 11/64 |S|=28 orbit-dup skip
    walk 12/64 |S|=28 orbit-dup skip
    walk 13/64 |S|=28 orbit-dup skip
    walk 14/64 |S|=28 orbit-dup skip
    walk 15/64 |S|=28 orbit-dup skip
    walk 16/64 |S|=28 orbit-dup skip
    walk 17/64 |S|=28 orbit-dup skip
    walk 18/64 |S|=28 orbit-dup skip
    walk 19/64 |S|=28 orbit-dup skip
    walk 20/64 |S|=28 orbit-dup skip
    walk 21/64 |S|=28 orbit-dup skip
    walk 22/64 |S|=28 orbit-dup skip
    walk 23/64 |S|=28 orbit-dup skip
    walk 24/64 |S|=28 orbit-dup skip
    walk 25/64 |S|=28 orbit-dup skip
    walk 26/64 |S|=28 orbit-dup skip
    walk 27/64 |S|=28 orbit-dup skip
    walk 28/64 |S|=28 orbit-dup skip
    walk 29/64 |S|=28 orbit-dup skip
    walk 30/64 |S|=28 orbit-dup skip
    walk 31/64 |S|=28 orbit-dup skip
    walk 32/64 |S|=28 orbit-dup skip
    walk 33/64 |S|=28 orbit-dup skip
    walk 34/64 |S|=28 orbit-dup skip
    walk 35/64 |S|=28 orbit-dup skip
    walk 36/64 |S|=28 orbit-dup skip
    walk 37/64 |S|=28 orbit-dup skip
    walk 38/64 |S|=28 orbit-dup skip
    walk 39/64 |S|=28 orbit-dup skip
    walk 40/64 |S|=28 orbit-dup skip
    walk 41/64 |S|=28 orbit-dup skip
    walk 42/64 |S|=28 orbit-dup skip
    walk 43/64 |S|=28 orbit-dup skip
    walk 44/64 |S|=28 orbit-dup skip
    walk 45/64 |S|=28 orbit-dup skip
    walk 46/64 |S|=28 orbit-dup skip
    walk 47/64 |S|=28 orbit-dup skip
    walk 48/64 |S|=28 orbit-dup skip
    walk 49/64 |S|=28 orbit-dup skip
    walk 50/64 |S|=28 orbit-dup skip
    walk 51/64 |S|=28 orbit-dup skip
    walk 52/64 |S|=28 orbit-dup skip
    walk 53/64 |S|=28 orbit-dup skip
    walk 54/64 |S|=28 orbit-dup skip
    walk 55/64 |S|=28 orbit-dup skip
    walk 56/64 |S|=28 orbit-dup skip
    walk 57/64 |S|=28 orbit-dup skip
    walk 58/64 |S|=28 orbit-dup skip
    walk 59/64 |S|=28 orbit-dup skip
    walk 60/64 |S|=28 orbit-dup skip
    walk 61/64 |S|=28 orbit-dup skip
    walk 62/64 |S|=28 orbit-dup skip
    walk 63/64 |S|=28 orbit-dup skip
    walk 64/64 |S|=28 orbit-dup skip
  [5c] p=281 e=10 D0∪D2 pool=28 t=20
    walk 1/64 |S|=20 tri_free=True greedyα=35
    walk 2/64 |S|=19 tri_free=True greedyα=31
    walk 3/64 |S|=19 tri_free=True greedyα=29
    walk 4/64 |S|=19 tri_free=True greedyα=42
    walk 5/64 |S|=18 tri_free=True greedyα=28
    walk 6/64 |S|=19 orbit-dup skip
    walk 7/64 |S|=19 tri_free=True greedyα=39
    walk 8/64 |S|=19 tri_free=True greedyα=32
    walk 9/64 |S|=19 tri_free=True greedyα=28
    walk 10/64 |S|=20 tri_free=True greedyα=30
    walk 11/64 |S|=16 tri_free=True greedyα=37
    walk 12/64 |S|=19 tri_free=True greedyα=27
    walk 13/64 |S|=18 tri_free=True greedyα=32
    walk 14/64 |S|=19 tri_free=True greedyα=28
    walk 15/64 |S|=19 tri_free=True greedyα=30
    walk 16/64 |S|=19 tri_free=True greedyα=30
    walk 17/64 |S|=19 tri_free=True greedyα=34
    walk 18/64 |S|=20 tri_free=True greedyα=55
    walk 19/64 |S|=17 tri_free=True greedyα=34
    walk 20/64 |S|=19 tri_free=True greedyα=29
    walk 21/64 |S|=19 tri_free=True greedyα=36
    walk 22/64 |S|=19 tri_free=True greedyα=45
    walk 23/64 |S|=19 tri_free=True greedyα=31
    walk 24/64 |S|=18 tri_free=True greedyα=33
    walk 25/64 |S|=20 tri_free=True greedyα=43
    walk 26/64 |S|=19 tri_free=True greedyα=38
    walk 27/64 |S|=19 tri_free=True greedyα=44
    walk 28/64 |S|=19 tri_free=True greedyα=30
    walk 29/64 |S|=19 tri_free=True greedyα=47
    walk 30/64 |S|=18 tri_free=True greedyα=34
    walk 31/64 |S|=20 tri_free=True greedyα=34
    walk 32/64 |S|=19 tri_free=True greedyα=39
    walk 33/64 |S|=19 tri_free=True greedyα=28
    walk 34/64 |S|=19 tri_free=True greedyα=29
    walk 35/64 |S|=19 tri_free=True greedyα=27
    walk 36/64 |S|=19 tri_free=True greedyα=33
    walk 37/64 |S|=19 tri_free=True greedyα=32
    walk 38/64 |S|=18 tri_free=True greedyα=31
    walk 39/64 |S|=19 tri_free=True greedyα=30
    walk 40/64 |S|=17 tri_free=True greedyα=33
    walk 41/64 |S|=19 orbit-dup skip
    walk 42/64 |S|=18 tri_free=True greedyα=31
    walk 43/64 |S|=19 tri_free=True greedyα=35
    walk 44/64 |S|=18 tri_free=True greedyα=29
    walk 45/64 |S|=20 tri_free=True greedyα=32
    walk 46/64 |S|=19 orbit-dup skip
    walk 47/64 |S|=17 tri_free=True greedyα=30
    walk 48/64 |S|=19 tri_free=True greedyα=35
    walk 49/64 |S|=19 tri_free=True greedyα=29
    walk 50/64 |S|=19 tri_free=True greedyα=44
    walk 51/64 |S|=18 tri_free=True greedyα=28
    walk 52/64 |S|=18 tri_free=True greedyα=28
    walk 53/64 |S|=19 tri_free=True greedyα=31
    walk 54/64 |S|=20 tri_free=True greedyα=36
    walk 55/64 |S|=19 tri_free=True greedyα=38
    walk 56/64 |S|=19 tri_free=True greedyα=33
    walk 57/64 |S|=19 tri_free=True greedyα=38
    walk 58/64 |S|=19 orbit-dup skip
    walk 59/64 |S|=19 tri_free=True greedyα=33
    walk 60/64 |S|=18 tri_free=True greedyα=30
    walk 61/64 |S|=20 orbit-dup skip
    walk 62/64 |S|=19 tri_free=True greedyα=32
    walk 63/64 |S|=19 tri_free=True greedyα=32
    walk 64/64 |S|=20 orbit-dup skip
  [5c] p=281 e=10 D0∪D3 pool=28 t=20
    walk 1/64 |S|=20 tri_free=True greedyα=29
    walk 2/64 |S|=19 tri_free=True greedyα=30
    walk 3/64 |S|=20 tri_free=True greedyα=28
    walk 4/64 |S|=19 tri_free=True greedyα=35
    walk 5/64 |S|=20 tri_free=True greedyα=30
    walk 6/64 |S|=20 tri_free=True greedyα=32
    walk 7/64 |S|=20 tri_free=True greedyα=29
    walk 8/64 |S|=19 tri_free=True greedyα=38
    walk 9/64 |S|=20 tri_free=True greedyα=28
    walk 10/64 |S|=20 tri_free=True greedyα=29
    walk 11/64 |S|=19 tri_free=True greedyα=25
    walk 12/64 |S|=20 tri_free=True greedyα=25
    walk 13/64 |S|=20 tri_free=True greedyα=31
    walk 14/64 |S|=20 tri_free=True greedyα=26
    walk 15/64 |S|=20 tri_free=True greedyα=30
    walk 16/64 |S|=20 tri_free=True greedyα=28
    walk 17/64 |S|=20 tri_free=True greedyα=26
    walk 18/64 |S|=20 tri_free=True greedyα=27
    walk 19/64 |S|=20 tri_free=True greedyα=35
    walk 20/64 |S|=19 tri_free=True greedyα=33
    walk 21/64 |S|=20 tri_free=True greedyα=29
    walk 22/64 |S|=21 tri_free=True greedyα=23
    walk 23/64 |S|=20 tri_free=True greedyα=26
    walk 24/64 |S|=20 tri_free=True greedyα=28
    walk 25/64 |S|=21 tri_free=True greedyα=26
    walk 26/64 |S|=20 orbit-dup skip
    walk 27/64 |S|=20 tri_free=True greedyα=30
    walk 28/64 |S|=19 tri_free=True greedyα=32
    walk 29/64 |S|=21 tri_free=True greedyα=24
    walk 30/64 |S|=21 orbit-dup skip
    walk 31/64 |S|=19 tri_free=True greedyα=32
    walk 32/64 |S|=18 tri_free=True greedyα=26
    walk 33/64 |S|=20 tri_free=True greedyα=26
    walk 34/64 |S|=20 tri_free=True greedyα=29
    walk 35/64 |S|=20 tri_free=True greedyα=31
    walk 36/64 |S|=19 tri_free=True greedyα=29
    walk 37/64 |S|=19 tri_free=True greedyα=33
    walk 38/64 |S|=19 tri_free=True greedyα=25
    walk 39/64 |S|=20 tri_free=True greedyα=24
    walk 40/64 |S|=18 tri_free=True greedyα=25
    walk 41/64 |S|=20 tri_free=True greedyα=35
    walk 42/64 |S|=20 orbit-dup skip
    walk 43/64 |S|=20 tri_free=True greedyα=29
    walk 44/64 |S|=20 tri_free=True greedyα=28
    walk 45/64 |S|=19 tri_free=True greedyα=28
    walk 46/64 |S|=20 tri_free=True greedyα=24
    walk 47/64 |S|=20 tri_free=True greedyα=27
    walk 48/64 |S|=21 tri_free=True greedyα=24
    walk 49/64 |S|=20 tri_free=True greedyα=27
    walk 50/64 |S|=20 tri_free=True greedyα=27
    walk 51/64 |S|=18 tri_free=True greedyα=31
    walk 52/64 |S|=20 tri_free=True greedyα=33
    walk 53/64 |S|=19 tri_free=True greedyα=28
    walk 54/64 |S|=20 orbit-dup skip
    walk 55/64 |S|=19 tri_free=True greedyα=28
    walk 56/64 |S|=20 tri_free=True greedyα=38
    walk 57/64 |S|=20 orbit-dup skip
    walk 58/64 |S|=21 tri_free=True greedyα=27
    walk 59/64 |S|=19 tri_free=True greedyα=28
    walk 60/64 |S|=20 tri_free=True greedyα=28
    walk 61/64 |S|=18 tri_free=True greedyα=39
    walk 62/64 |S|=20 orbit-dup skip
    walk 63/64 |S|=19 tri_free=True greedyα=33
    walk 64/64 |S|=20 tri_free=True greedyα=27
  [5c] p=281 e=10 D0∪D4 pool=28 t=20
    walk 1/64 |S|=22 tri_free=True greedyα=31
    walk 2/64 |S|=22 tri_free=True greedyα=29
    walk 3/64 |S|=21 tri_free=True greedyα=26
    walk 4/64 |S|=22 tri_free=True greedyα=30
    walk 5/64 |S|=21 tri_free=True greedyα=29
    walk 6/64 |S|=22 tri_free=True greedyα=25
    walk 7/64 |S|=22 tri_free=True greedyα=24
    walk 8/64 |S|=22 orbit-dup skip
    walk 9/64 |S|=23 tri_free=True greedyα=22
    walk 10/64 |S|=21 tri_free=True greedyα=25
    walk 11/64 |S|=23 orbit-dup skip
    walk 12/64 |S|=22 tri_free=True greedyα=23
    walk 13/64 |S|=22 orbit-dup skip
    walk 14/64 |S|=19 tri_free=True greedyα=32
    walk 15/64 |S|=20 tri_free=True greedyα=34
    walk 16/64 |S|=22 orbit-dup skip
    walk 17/64 |S|=21 tri_free=True greedyα=26
    walk 18/64 |S|=22 orbit-dup skip
    walk 19/64 |S|=22 tri_free=True greedyα=26
    walk 20/64 |S|=21 tri_free=True greedyα=29
    walk 21/64 |S|=22 tri_free=True greedyα=31
    walk 22/64 |S|=22 tri_free=True greedyα=24
    walk 23/64 |S|=21 tri_free=True greedyα=27
    walk 24/64 |S|=22 orbit-dup skip
    walk 25/64 |S|=22 tri_free=True greedyα=28
    walk 26/64 |S|=20 tri_free=True greedyα=45
    walk 27/64 |S|=23 orbit-dup skip
    walk 28/64 |S|=21 tri_free=True greedyα=27
    walk 29/64 |S|=21 tri_free=True greedyα=35
    walk 30/64 |S|=21 tri_free=True greedyα=29
    walk 31/64 |S|=22 orbit-dup skip
    walk 32/64 |S|=22 tri_free=True greedyα=29
    walk 33/64 |S|=21 orbit-dup skip
    walk 34/64 |S|=21 orbit-dup skip
    walk 35/64 |S|=21 orbit-dup skip
    walk 36/64 |S|=22 tri_free=True greedyα=27
    walk 37/64 |S|=23 orbit-dup skip
    walk 38/64 |S|=23 orbit-dup skip
    walk 39/64 |S|=21 tri_free=True greedyα=43
    walk 40/64 |S|=22 orbit-dup skip
    walk 41/64 |S|=22 tri_free=True greedyα=30
    walk 42/64 |S|=20 tri_free=True greedyα=33
    walk 43/64 |S|=21 tri_free=True greedyα=27
    walk 44/64 |S|=22 orbit-dup skip
    walk 45/64 |S|=23 orbit-dup skip
    walk 46/64 |S|=22 orbit-dup skip
    walk 47/64 |S|=23 orbit-dup skip
    walk 48/64 |S|=22 orbit-dup skip
    walk 49/64 |S|=23 orbit-dup skip
    walk 50/64 |S|=20 tri_free=True greedyα=27
    walk 51/64 |S|=22 orbit-dup skip
    walk 52/64 |S|=21 orbit-dup skip
    walk 53/64 |S|=22 orbit-dup skip
    walk 54/64 |S|=20 tri_free=True greedyα=28
    walk 55/64 |S|=20 tri_free=True greedyα=27
    walk 56/64 |S|=21 orbit-dup skip
    walk 57/64 |S|=21 orbit-dup skip
    walk 58/64 |S|=22 orbit-dup skip
    walk 59/64 |S|=22 orbit-dup skip
    walk 60/64 |S|=22 orbit-dup skip
    walk 61/64 |S|=23 orbit-dup skip
    walk 62/64 |S|=22 tri_free=True greedyα=25
    walk 63/64 |S|=21 orbit-dup skip
    walk 64/64 |S|=21 orbit-dup skip
  [5c] p=281 e=10 D0∪D5 pool=28 t=20
    walk 1/64 |S|=19 tri_free=True greedyα=49
    walk 2/64 |S|=18 tri_free=True greedyα=45
    walk 3/64 |S|=19 tri_free=True greedyα=30
    walk 4/64 |S|=20 tri_free=True greedyα=29
    walk 5/64 |S|=20 tri_free=True greedyα=25
    walk 6/64 |S|=19 tri_free=True greedyα=34
    walk 7/64 |S|=20 tri_free=True greedyα=29
    walk 8/64 |S|=20 tri_free=True greedyα=25
    walk 9/64 |S|=19 tri_free=True greedyα=29
    walk 10/64 |S|=20 tri_free=True greedyα=26
    walk 11/64 |S|=19 orbit-dup skip
    walk 12/64 |S|=20 tri_free=True greedyα=29
    walk 13/64 |S|=19 tri_free=True greedyα=38
    walk 14/64 |S|=20 tri_free=True greedyα=31
    walk 15/64 |S|=20 orbit-dup skip
    walk 16/64 |S|=19 tri_free=True greedyα=49
    walk 17/64 |S|=20 tri_free=True greedyα=30
    walk 18/64 |S|=19 tri_free=True greedyα=29
    walk 19/64 |S|=19 tri_free=True greedyα=30
    walk 20/64 |S|=19 tri_free=True greedyα=43
    walk 21/64 |S|=19 tri_free=True greedyα=35
    walk 22/64 |S|=20 orbit-dup skip
    walk 23/64 |S|=19 tri_free=True greedyα=32
    walk 24/64 |S|=20 orbit-dup skip
    walk 25/64 |S|=19 tri_free=True greedyα=41
    walk 26/64 |S|=20 tri_free=True greedyα=28
    walk 27/64 |S|=19 tri_free=True greedyα=31
    walk 28/64 |S|=19 tri_free=True greedyα=31
    walk 29/64 |S|=20 tri_free=True greedyα=34
    walk 30/64 |S|=19 tri_free=True greedyα=49
    walk 31/64 |S|=19 orbit-dup skip
    walk 32/64 |S|=19 tri_free=True greedyα=29
    walk 33/64 |S|=19 tri_free=True greedyα=28
    walk 34/64 |S|=19 tri_free=True greedyα=34
    walk 35/64 |S|=20 tri_free=True greedyα=25
    walk 36/64 |S|=19 tri_free=True greedyα=30
    walk 37/64 |S|=19 tri_free=True greedyα=27
    walk 38/64 |S|=18 tri_free=True greedyα=30
    walk 39/64 |S|=18 tri_free=True greedyα=34
    walk 40/64 |S|=20 tri_free=True greedyα=26
    walk 41/64 |S|=19 tri_free=True greedyα=25
    walk 42/64 |S|=19 tri_free=True greedyα=45
    walk 43/64 |S|=19 tri_free=True greedyα=27
    walk 44/64 |S|=19 tri_free=True greedyα=29
    walk 45/64 |S|=19 tri_free=True greedyα=29
    walk 46/64 |S|=18 tri_free=True greedyα=33
    walk 47/64 |S|=18 tri_free=True greedyα=30
    walk 48/64 |S|=20 orbit-dup skip
    walk 49/64 |S|=20 tri_free=True greedyα=27
    walk 50/64 |S|=19 tri_free=True greedyα=32
    walk 51/64 |S|=19 tri_free=True greedyα=27
    walk 52/64 |S|=20 orbit-dup skip
    walk 53/64 |S|=20 tri_free=True greedyα=31
    walk 54/64 |S|=20 tri_free=True greedyα=45
    walk 55/64 |S|=19 orbit-dup skip
    walk 56/64 |S|=20 tri_free=True greedyα=27
    walk 57/64 |S|=19 tri_free=True greedyα=33
    walk 58/64 |S|=19 tri_free=True greedyα=29
    walk 59/64 |S|=20 tri_free=True greedyα=30
    walk 60/64 |S|=19 tri_free=True greedyα=27
    walk 61/64 |S|=20 orbit-dup skip
    walk 62/64 |S|=20 orbit-dup skip
    walk 63/64 |S|=19 tri_free=True greedyα=25
    walk 64/64 |S|=20 orbit-dup skip
  [5c] p=281 e=10 D0∪D6 pool=28 t=20
    walk 1/64 |S|=21 tri_free=True greedyα=22
    walk 2/64 |S|=20 tri_free=True greedyα=28
    walk 3/64 |S|=21 tri_free=True greedyα=26
    walk 4/64 |S|=22 tri_free=True greedyα=28
    walk 5/64 |S|=22 tri_free=True greedyα=33
    walk 6/64 |S|=23 tri_free=True greedyα=23
    walk 7/64 |S|=22 tri_free=True greedyα=24
    walk 8/64 |S|=23 orbit-dup skip
    walk 9/64 |S|=22 orbit-dup skip
    walk 10/64 |S|=19 tri_free=True greedyα=31
    walk 11/64 |S|=22 tri_free=True greedyα=26
    walk 12/64 |S|=22 orbit-dup skip
    walk 13/64 |S|=22 tri_free=True greedyα=27
    walk 14/64 |S|=23 orbit-dup skip
    walk 15/64 |S|=21 tri_free=True greedyα=25
    walk 16/64 |S|=20 tri_free=True greedyα=26
    walk 17/64 |S|=22 tri_free=True greedyα=29
    walk 18/64 |S|=22 orbit-dup skip
    walk 19/64 |S|=22 tri_free=True greedyα=24
    walk 20/64 |S|=21 tri_free=True greedyα=29
    walk 21/64 |S|=22 orbit-dup skip
    walk 22/64 |S|=19 tri_free=True greedyα=32
    walk 23/64 |S|=22 tri_free=True greedyα=29
    walk 24/64 |S|=22 tri_free=True greedyα=31
    walk 25/64 |S|=21 tri_free=True greedyα=23
    walk 26/64 |S|=21 tri_free=True greedyα=26
    walk 27/64 |S|=22 tri_free=True greedyα=27
    walk 28/64 |S|=22 tri_free=True greedyα=29
    walk 29/64 |S|=22 orbit-dup skip
    walk 30/64 |S|=22 tri_free=True greedyα=26
    walk 31/64 |S|=21 tri_free=True greedyα=30
    walk 32/64 |S|=20 tri_free=True greedyα=27
    walk 33/64 |S|=21 tri_free=True greedyα=24
    walk 34/64 |S|=23 orbit-dup skip
    walk 35/64 |S|=20 orbit-dup skip
    walk 36/64 |S|=22 orbit-dup skip
    walk 37/64 |S|=21 tri_free=True greedyα=35
    walk 38/64 |S|=23 orbit-dup skip
    walk 39/64 |S|=21 tri_free=True greedyα=25
    walk 40/64 |S|=20 tri_free=True greedyα=28
    walk 41/64 |S|=21 orbit-dup skip
    walk 42/64 |S|=23 orbit-dup skip
    walk 43/64 |S|=20 tri_free=True greedyα=26
    walk 44/64 |S|=22 orbit-dup skip
    walk 45/64 |S|=21 orbit-dup skip
    walk 46/64 |S|=22 tri_free=True greedyα=26
    walk 47/64 |S|=22 tri_free=True greedyα=26
    walk 48/64 |S|=22 orbit-dup skip
    walk 49/64 |S|=22 orbit-dup skip
    walk 50/64 |S|=18 tri_free=True greedyα=41
    walk 51/64 |S|=23 orbit-dup skip
    walk 52/64 |S|=21 orbit-dup skip
    walk 53/64 |S|=21 orbit-dup skip
    walk 54/64 |S|=21 tri_free=True greedyα=25
    walk 55/64 |S|=22 orbit-dup skip
    walk 56/64 |S|=21 tri_free=True greedyα=30
    walk 57/64 |S|=21 tri_free=True greedyα=27
    walk 58/64 |S|=22 orbit-dup skip
    walk 59/64 |S|=23 orbit-dup skip
    walk 60/64 |S|=22 tri_free=True greedyα=27
    walk 61/64 |S|=20 tri_free=True greedyα=26
    walk 62/64 |S|=20 tri_free=True greedyα=37
    walk 63/64 |S|=23 orbit-dup skip
    walk 64/64 |S|=21 orbit-dup skip
  [5c] p=281 e=10 D0∪D7 pool=28 t=20
    walk 1/64 |S|=20 tri_free=True greedyα=33
    walk 2/64 |S|=20 tri_free=True greedyα=32
    walk 3/64 |S|=20 tri_free=True greedyα=27
    walk 4/64 |S|=20 orbit-dup skip
    walk 5/64 |S|=20 tri_free=True greedyα=38
    walk 6/64 |S|=19 tri_free=True greedyα=34
    walk 7/64 |S|=20 tri_free=True greedyα=30
    walk 8/64 |S|=20 tri_free=True greedyα=30
    walk 9/64 |S|=19 tri_free=True greedyα=26
    walk 10/64 |S|=20 tri_free=True greedyα=29
    walk 11/64 |S|=20 tri_free=True greedyα=28
    walk 12/64 |S|=20 tri_free=True greedyα=30
    walk 13/64 |S|=19 tri_free=True greedyα=48
    walk 14/64 |S|=20 tri_free=True greedyα=27
    walk 15/64 |S|=21 tri_free=True greedyα=28
    walk 16/64 |S|=18 tri_free=True greedyα=30
    walk 17/64 |S|=20 tri_free=True greedyα=29
    walk 18/64 |S|=20 tri_free=True greedyα=28
    walk 19/64 |S|=19 tri_free=True greedyα=37
    walk 20/64 |S|=21 tri_free=True greedyα=27
    walk 21/64 |S|=20 tri_free=True greedyα=29
    walk 22/64 |S|=20 tri_free=True greedyα=31
    walk 23/64 |S|=20 tri_free=True greedyα=30
    walk 24/64 |S|=20 tri_free=True greedyα=29
    walk 25/64 |S|=19 tri_free=True greedyα=29
    walk 26/64 |S|=19 tri_free=True greedyα=28
    walk 27/64 |S|=19 tri_free=True greedyα=26
    walk 28/64 |S|=20 tri_free=True greedyα=29
    walk 29/64 |S|=19 tri_free=True greedyα=30
    walk 30/64 |S|=21 tri_free=True greedyα=26
    walk 31/64 |S|=20 tri_free=True greedyα=32
    walk 32/64 |S|=20 tri_free=True greedyα=30
    walk 33/64 |S|=19 tri_free=True greedyα=32
    walk 34/64 |S|=20 tri_free=True greedyα=28
    walk 35/64 |S|=21 tri_free=True greedyα=29
    walk 36/64 |S|=19 tri_free=True greedyα=28
    walk 37/64 |S|=20 tri_free=True greedyα=29
    walk 38/64 |S|=20 tri_free=True greedyα=33
    walk 39/64 |S|=18 tri_free=True greedyα=27
    walk 40/64 |S|=19 tri_free=True greedyα=30
    walk 41/64 |S|=20 tri_free=True greedyα=28
    walk 42/64 |S|=21 orbit-dup skip
    walk 43/64 |S|=20 tri_free=True greedyα=40
    walk 44/64 |S|=20 orbit-dup skip
    walk 45/64 |S|=20 tri_free=True greedyα=30
    walk 46/64 |S|=20 orbit-dup skip
    walk 47/64 |S|=19 tri_free=True greedyα=28
    walk 48/64 |S|=20 tri_free=True greedyα=32
    walk 49/64 |S|=20 tri_free=True greedyα=30
    walk 50/64 |S|=20 tri_free=True greedyα=29
    walk 51/64 |S|=20 tri_free=True greedyα=33
    walk 52/64 |S|=19 tri_free=True greedyα=36
    walk 53/64 |S|=20 orbit-dup skip
    walk 54/64 |S|=20 tri_free=True greedyα=26
    walk 55/64 |S|=20 tri_free=True greedyα=30
    walk 56/64 |S|=20 tri_free=True greedyα=33
    walk 57/64 |S|=20 orbit-dup skip
    walk 58/64 |S|=20 tri_free=True greedyα=38
    walk 59/64 |S|=20 orbit-dup skip
    walk 60/64 |S|=19 tri_free=True greedyα=35
    walk 61/64 |S|=20 tri_free=True greedyα=26
    walk 62/64 |S|=18 tri_free=True greedyα=32
    walk 63/64 |S|=19 tri_free=True greedyα=25
    walk 64/64 |S|=20 orbit-dup skip
  [5c] p=281 e=10 D0∪D8 pool=28 t=20
    walk 1/64 |S|=19 tri_free=True greedyα=41
    walk 2/64 |S|=19 tri_free=True greedyα=30
    walk 3/64 |S|=19 tri_free=True greedyα=28
    walk 4/64 |S|=19 tri_free=True greedyα=32
    walk 5/64 |S|=19 tri_free=True greedyα=25
    walk 6/64 |S|=20 tri_free=True greedyα=36
    walk 7/64 |S|=19 orbit-dup skip
    walk 8/64 |S|=19 tri_free=True greedyα=31
    walk 9/64 |S|=18 tri_free=True greedyα=32
    walk 10/64 |S|=20 tri_free=True greedyα=51
    walk 11/64 |S|=19 tri_free=True greedyα=31
    walk 12/64 |S|=20 tri_free=True greedyα=30
    walk 13/64 |S|=18 tri_free=True greedyα=33
    walk 14/64 |S|=20 tri_free=True greedyα=29
    walk 15/64 |S|=18 tri_free=True greedyα=37
    walk 16/64 |S|=20 tri_free=True greedyα=30
    walk 17/64 |S|=20 orbit-dup skip
    walk 18/64 |S|=19 orbit-dup skip
    walk 19/64 |S|=18 tri_free=True greedyα=29
    walk 20/64 |S|=19 tri_free=True greedyα=45
    walk 21/64 |S|=20 tri_free=True greedyα=34
    walk 22/64 |S|=17 tri_free=True greedyα=34
    walk 23/64 |S|=19 tri_free=True greedyα=40
    walk 24/64 |S|=19 tri_free=True greedyα=28
    walk 25/64 |S|=20 tri_free=True greedyα=29
    walk 26/64 |S|=18 tri_free=True greedyα=29
    walk 27/64 |S|=18 tri_free=True greedyα=31
    walk 28/64 |S|=20 tri_free=True greedyα=33
    walk 29/64 |S|=19 tri_free=True greedyα=33
    walk 30/64 |S|=20 orbit-dup skip
    walk 31/64 |S|=18 tri_free=True greedyα=30
    walk 32/64 |S|=19 tri_free=True greedyα=29
    walk 33/64 |S|=18 tri_free=True greedyα=32
    walk 34/64 |S|=19 tri_free=True greedyα=32
    walk 35/64 |S|=19 tri_free=True greedyα=42
    walk 36/64 |S|=19 tri_free=True greedyα=45
    walk 37/64 |S|=20 orbit-dup skip
    walk 38/64 |S|=19 tri_free=True greedyα=36
    walk 39/64 |S|=19 tri_free=True greedyα=30
    walk 40/64 |S|=19 tri_free=True greedyα=31
    walk 41/64 |S|=18 tri_free=True greedyα=30
    walk 42/64 |S|=18 tri_free=True greedyα=33
    walk 43/64 |S|=19 tri_free=True greedyα=29
    walk 44/64 |S|=19 tri_free=True greedyα=29
    walk 45/64 |S|=20 tri_free=True greedyα=55
    walk 46/64 |S|=19 tri_free=True greedyα=26
    walk 47/64 |S|=18 tri_free=True greedyα=29
    walk 48/64 |S|=18 tri_free=True greedyα=32
    walk 49/64 |S|=19 tri_free=True greedyα=29
    walk 50/64 |S|=18 tri_free=True greedyα=33
    walk 51/64 |S|=18 tri_free=True greedyα=30
    walk 52/64 |S|=19 tri_free=True greedyα=36
    walk 53/64 |S|=19 tri_free=True greedyα=31
    walk 54/64 |S|=19 orbit-dup skip
    walk 55/64 |S|=20 orbit-dup skip
    walk 56/64 |S|=18 orbit-dup skip
    walk 57/64 |S|=18 tri_free=True greedyα=33
    walk 58/64 |S|=19 orbit-dup skip
    walk 59/64 |S|=18 tri_free=True greedyα=36
    walk 60/64 |S|=19 tri_free=True greedyα=43
    walk 61/64 |S|=20 tri_free=True greedyα=28
    walk 62/64 |S|=19 tri_free=True greedyα=45
    walk 63/64 |S|=20 orbit-dup skip
    walk 64/64 |S|=19 tri_free=True greedyα=40
  [5c] p=281 e=10 D0∪D9 pool=28 t=20
    walk 1/64 |S|=28 tri_free=True greedyα=20
    walk 2/64 |S|=28 orbit-dup skip
    walk 3/64 |S|=28 orbit-dup skip
    walk 4/64 |S|=28 orbit-dup skip
    walk 5/64 |S|=28 orbit-dup skip
    walk 6/64 |S|=28 orbit-dup skip
    walk 7/64 |S|=28 orbit-dup skip
    walk 8/64 |S|=28 orbit-dup skip
    walk 9/64 |S|=28 orbit-dup skip
    walk 10/64 |S|=28 orbit-dup skip
    walk 11/64 |S|=28 orbit-dup skip
    walk 12/64 |S|=28 orbit-dup skip
    walk 13/64 |S|=28 orbit-dup skip
    walk 14/64 |S|=28 orbit-dup skip
    walk 15/64 |S|=28 orbit-dup skip
    walk 16/64 |S|=28 orbit-dup skip
    walk 17/64 |S|=28 orbit-dup skip
    walk 18/64 |S|=28 orbit-dup skip
    walk 19/64 |S|=28 orbit-dup skip
    walk 20/64 |S|=28 orbit-dup skip
    walk 21/64 |S|=28 orbit-dup skip
    walk 22/64 |S|=28 orbit-dup skip
    walk 23/64 |S|=28 orbit-dup skip
    walk 24/64 |S|=28 orbit-dup skip
    walk 25/64 |S|=28 orbit-dup skip
    walk 26/64 |S|=28 orbit-dup skip
    walk 27/64 |S|=28 orbit-dup skip
    walk 28/64 |S|=28 orbit-dup skip
    walk 29/64 |S|=28 orbit-dup skip
    walk 30/64 |S|=28 orbit-dup skip
    walk 31/64 |S|=28 orbit-dup skip
    walk 32/64 |S|=28 orbit-dup skip
    walk 33/64 |S|=28 orbit-dup skip
    walk 34/64 |S|=28 orbit-dup skip
    walk 35/64 |S|=28 orbit-dup skip
    walk 36/64 |S|=28 orbit-dup skip
    walk 37/64 |S|=28 orbit-dup skip
    walk 38/64 |S|=28 orbit-dup skip
    walk 39/64 |S|=28 orbit-dup skip
    walk 40/64 |S|=28 orbit-dup skip
    walk 41/64 |S|=28 orbit-dup skip
    walk 42/64 |S|=28 orbit-dup skip
    walk 43/64 |S|=28 orbit-dup skip
    walk 44/64 |S|=28 orbit-dup skip
    walk 45/64 |S|=28 orbit-dup skip
    walk 46/64 |S|=28 orbit-dup skip
    walk 47/64 |S|=28 orbit-dup skip
    walk 48/64 |S|=28 orbit-dup skip
    walk 49/64 |S|=28 orbit-dup skip
    walk 50/64 |S|=28 orbit-dup skip
    walk 51/64 |S|=28 orbit-dup skip
    walk 52/64 |S|=28 orbit-dup skip
    walk 53/64 |S|=28 orbit-dup skip
    walk 54/64 |S|=28 orbit-dup skip
    walk 55/64 |S|=28 orbit-dup skip
    walk 56/64 |S|=28 orbit-dup skip
    walk 57/64 |S|=28 orbit-dup skip
    walk 58/64 |S|=28 orbit-dup skip
    walk 59/64 |S|=28 orbit-dup skip
    walk 60/64 |S|=28 orbit-dup skip
    walk 61/64 |S|=28 orbit-dup skip
    walk 62/64 |S|=28 orbit-dup skip
    walk 63/64 |S|=28 orbit-dup skip
    walk 64/64 |S|=28 orbit-dup skip
  [5c] p=281 e=10 D1∪D2 pool=28 t=20
    walk 1/64 |S|=28 tri_free=True greedyα=23
    walk 2/64 |S|=28 orbit-dup skip
    walk 3/64 |S|=28 orbit-dup skip
    walk 4/64 |S|=28 orbit-dup skip
    walk 5/64 |S|=28 orbit-dup skip
    walk 6/64 |S|=28 orbit-dup skip
    walk 7/64 |S|=28 orbit-dup skip
    walk 8/64 |S|=28 orbit-dup skip
    walk 9/64 |S|=28 orbit-dup skip
    walk 10/64 |S|=28 orbit-dup skip
    walk 11/64 |S|=28 orbit-dup skip
    walk 12/64 |S|=28 orbit-dup skip
    walk 13/64 |S|=28 orbit-dup skip
    walk 14/64 |S|=28 orbit-dup skip
    walk 15/64 |S|=28 orbit-dup skip
    walk 16/64 |S|=28 orbit-dup skip
    walk 17/64 |S|=28 orbit-dup skip
    walk 18/64 |S|=28 orbit-dup skip
    walk 19/64 |S|=28 orbit-dup skip
    walk 20/64 |S|=28 orbit-dup skip
    walk 21/64 |S|=28 orbit-dup skip
    walk 22/64 |S|=28 orbit-dup skip
    walk 23/64 |S|=28 orbit-dup skip
    walk 24/64 |S|=28 orbit-dup skip
    walk 25/64 |S|=28 orbit-dup skip
    walk 26/64 |S|=28 orbit-dup skip
    walk 27/64 |S|=28 orbit-dup skip
    walk 28/64 |S|=28 orbit-dup skip
    walk 29/64 |S|=28 orbit-dup skip
    walk 30/64 |S|=28 orbit-dup skip
    walk 31/64 |S|=28 orbit-dup skip
    walk 32/64 |S|=28 orbit-dup skip
    walk 33/64 |S|=28 orbit-dup skip
    walk 34/64 |S|=28 orbit-dup skip
    walk 35/64 |S|=28 orbit-dup skip
    walk 36/64 |S|=28 orbit-dup skip
    walk 37/64 |S|=28 orbit-dup skip
    walk 38/64 |S|=28 orbit-dup skip
    walk 39/64 |S|=28 orbit-dup skip
    walk 40/64 |S|=28 orbit-dup skip
    walk 41/64 |S|=28 orbit-dup skip
    walk 42/64 |S|=28 orbit-dup skip
    walk 43/64 |S|=28 orbit-dup skip
    walk 44/64 |S|=28 orbit-dup skip
    walk 45/64 |S|=28 orbit-dup skip
    walk 46/64 |S|=28 orbit-dup skip
    walk 47/64 |S|=28 orbit-dup skip
    walk 48/64 |S|=28 orbit-dup skip
    walk 49/64 |S|=28 orbit-dup skip
    walk 50/64 |S|=28 orbit-dup skip
    walk 51/64 |S|=28 orbit-dup skip
    walk 52/64 |S|=28 orbit-dup skip
    walk 53/64 |S|=28 orbit-dup skip
    walk 54/64 |S|=28 orbit-dup skip
    walk 55/64 |S|=28 orbit-dup skip
    walk 56/64 |S|=28 orbit-dup skip
    walk 57/64 |S|=28 orbit-dup skip
    walk 58/64 |S|=28 orbit-dup skip
    walk 59/64 |S|=28 orbit-dup skip
    walk 60/64 |S|=28 orbit-dup skip
    walk 61/64 |S|=28 orbit-dup skip
    walk 62/64 |S|=28 orbit-dup skip
    walk 63/64 |S|=28 orbit-dup skip
    walk 64/64 |S|=28 orbit-dup skip
  [5c] p=281 e=10 D1∪D3 pool=28 t=20
    walk 1/64 |S|=20 tri_free=True greedyα=36
    walk 2/64 |S|=19 tri_free=True greedyα=32
    walk 3/64 |S|=20 tri_free=True greedyα=33
    walk 4/64 |S|=20 tri_free=True greedyα=28
    walk 5/64 |S|=19 tri_free=True greedyα=31
    walk 6/64 |S|=18 tri_free=True greedyα=33
    walk 7/64 |S|=20 tri_free=True greedyα=63
    walk 8/64 |S|=19 tri_free=True greedyα=27
    walk 9/64 |S|=19 tri_free=True greedyα=28
    walk 10/64 |S|=18 tri_free=True greedyα=36
    walk 11/64 |S|=19 tri_free=True greedyα=38
    walk 12/64 |S|=19 tri_free=True greedyα=29
    walk 13/64 |S|=19 tri_free=True greedyα=39
    walk 14/64 |S|=20 tri_free=True greedyα=31
    walk 15/64 |S|=19 tri_free=True greedyα=40
    walk 16/64 |S|=19 tri_free=True greedyα=46
    walk 17/64 |S|=19 tri_free=True greedyα=26
    walk 18/64 |S|=19 tri_free=True greedyα=27
    walk 19/64 |S|=19 tri_free=True greedyα=31
    walk 20/64 |S|=18 tri_free=True greedyα=32
    walk 21/64 |S|=19 tri_free=True greedyα=28
    walk 22/64 |S|=20 tri_free=True greedyα=31
    walk 23/64 |S|=19 tri_free=True greedyα=37
    walk 24/64 |S|=18 tri_free=True greedyα=37
    walk 25/64 |S|=19 tri_free=True greedyα=38
    walk 26/64 |S|=19 tri_free=True greedyα=41
    walk 27/64 |S|=18 tri_free=True greedyα=29
    walk 28/64 |S|=19 tri_free=True greedyα=32
    walk 29/64 |S|=19 tri_free=True greedyα=32
    walk 30/64 |S|=18 tri_free=True greedyα=31
    walk 31/64 |S|=18 tri_free=True greedyα=28
    walk 32/64 |S|=19 tri_free=True greedyα=38
    walk 33/64 |S|=19 tri_free=True greedyα=42
    walk 34/64 |S|=19 tri_free=True greedyα=35
    walk 35/64 |S|=19 tri_free=True greedyα=37
    walk 36/64 |S|=19 tri_free=True greedyα=29
    walk 37/64 |S|=20 tri_free=True greedyα=27
    walk 38/64 |S|=19 orbit-dup skip
    walk 39/64 |S|=17 tri_free=True greedyα=32
    walk 40/64 |S|=17 tri_free=True greedyα=31
    walk 41/64 |S|=19 tri_free=True greedyα=30
    walk 42/64 |S|=19 tri_free=True greedyα=46
    walk 43/64 |S|=19 tri_free=True greedyα=30
    walk 44/64 |S|=20 tri_free=True greedyα=34
    walk 45/64 |S|=20 tri_free=True greedyα=29
    walk 46/64 |S|=19 tri_free=True greedyα=30
    walk 47/64 |S|=19 tri_free=True greedyα=30
    walk 48/64 |S|=19 tri_free=True greedyα=34
    walk 49/64 |S|=19 tri_free=True greedyα=33
    walk 50/64 |S|=19 orbit-dup skip
    walk 51/64 |S|=20 tri_free=True greedyα=54
    walk 52/64 |S|=20 orbit-dup skip
    walk 53/64 |S|=18 tri_free=True greedyα=32
    walk 54/64 |S|=18 tri_free=True greedyα=32
    walk 55/64 |S|=19 tri_free=True greedyα=39
    walk 56/64 |S|=19 orbit-dup skip
    walk 57/64 |S|=20 tri_free=True greedyα=33
    walk 58/64 |S|=19 tri_free=True greedyα=34
    walk 59/64 |S|=19 tri_free=True greedyα=46
    walk 60/64 |S|=19 tri_free=True greedyα=33
    walk 61/64 |S|=19 tri_free=True greedyα=25
    walk 62/64 |S|=20 tri_free=True greedyα=35
    walk 63/64 |S|=18 tri_free=True greedyα=27
    walk 64/64 |S|=18 tri_free=True greedyα=31
  [5c] p=281 e=10 D1∪D4 pool=28 t=20
    walk 1/64 |S|=20 tri_free=True greedyα=28
    walk 2/64 |S|=18 tri_free=True greedyα=37
    walk 3/64 |S|=20 tri_free=True greedyα=28
    walk 4/64 |S|=19 tri_free=True greedyα=49
    walk 5/64 |S|=20 tri_free=True greedyα=34
    walk 6/64 |S|=19 tri_free=True greedyα=38
    walk 7/64 |S|=19 tri_free=True greedyα=30
    walk 8/64 |S|=21 tri_free=True greedyα=29
    walk 9/64 |S|=19 tri_free=True greedyα=31
    walk 10/64 |S|=20 tri_free=True greedyα=34
    walk 11/64 |S|=20 tri_free=True greedyα=26
    walk 12/64 |S|=19 tri_free=True greedyα=32
    walk 13/64 |S|=19 tri_free=True greedyα=27
    walk 14/64 |S|=19 tri_free=True greedyα=26
    walk 15/64 |S|=20 tri_free=True greedyα=40
    walk 16/64 |S|=20 tri_free=True greedyα=27
    walk 17/64 |S|=20 tri_free=True greedyα=37
    walk 18/64 |S|=20 tri_free=True greedyα=31
    walk 19/64 |S|=20 tri_free=True greedyα=29
    walk 20/64 |S|=20 tri_free=True greedyα=27
    walk 21/64 |S|=20 tri_free=True greedyα=25
    walk 22/64 |S|=19 tri_free=True greedyα=26
    walk 23/64 |S|=19 tri_free=True greedyα=28
    walk 24/64 |S|=21 tri_free=True greedyα=28
    walk 25/64 |S|=20 tri_free=True greedyα=31
    walk 26/64 |S|=20 tri_free=True greedyα=24
    walk 27/64 |S|=20 tri_free=True greedyα=30
    walk 28/64 |S|=20 tri_free=True greedyα=29
    walk 29/64 |S|=20 tri_free=True greedyα=27
    walk 30/64 |S|=19 tri_free=True greedyα=39
    walk 31/64 |S|=20 tri_free=True greedyα=31
    walk 32/64 |S|=19 tri_free=True greedyα=32
    walk 33/64 |S|=20 tri_free=True greedyα=28
    walk 34/64 |S|=20 tri_free=True greedyα=28
    walk 35/64 |S|=21 tri_free=True greedyα=25
    walk 36/64 |S|=20 tri_free=True greedyα=27
    walk 37/64 |S|=21 tri_free=True greedyα=27
    walk 38/64 |S|=19 tri_free=True greedyα=33
    walk 39/64 |S|=20 orbit-dup skip
    walk 40/64 |S|=19 tri_free=True greedyα=31
    walk 41/64 |S|=20 tri_free=True greedyα=29
    walk 42/64 |S|=20 tri_free=True greedyα=29
    walk 43/64 |S|=20 tri_free=True greedyα=28
    walk 44/64 |S|=19 tri_free=True greedyα=30
    walk 45/64 |S|=19 tri_free=True greedyα=29
    walk 46/64 |S|=20 tri_free=True greedyα=32
    walk 47/64 |S|=20 orbit-dup skip
    walk 48/64 |S|=20 tri_free=True greedyα=34
    walk 49/64 |S|=19 tri_free=True greedyα=39
    walk 50/64 |S|=20 tri_free=True greedyα=33
    walk 51/64 |S|=20 orbit-dup skip
    walk 52/64 |S|=19 tri_free=True greedyα=28
    walk 53/64 |S|=19 tri_free=True greedyα=35
    walk 54/64 |S|=21 orbit-dup skip
    walk 55/64 |S|=20 tri_free=True greedyα=32
    walk 56/64 |S|=20 tri_free=True greedyα=32
    walk 57/64 |S|=21 tri_free=True greedyα=28
    walk 58/64 |S|=20 tri_free=True greedyα=29
    walk 59/64 |S|=20 tri_free=True greedyα=32
    walk 60/64 |S|=20 tri_free=True greedyα=27
    walk 61/64 |S|=19 tri_free=True greedyα=26
    walk 62/64 |S|=19 tri_free=True greedyα=31
    walk 63/64 |S|=20 orbit-dup skip
    walk 64/64 |S|=20 orbit-dup skip
  [5c] p=281 e=10 D1∪D5 pool=28 t=20
    walk 1/64 |S|=23 tri_free=True greedyα=20
    walk 2/64 |S|=23 orbit-dup skip
    walk 3/64 |S|=21 tri_free=True greedyα=45
    walk 4/64 |S|=22 tri_free=True greedyα=30
    walk 5/64 |S|=23 orbit-dup skip
    walk 6/64 |S|=21 tri_free=True greedyα=23
    walk 7/64 |S|=21 tri_free=True greedyα=28
    walk 8/64 |S|=21 tri_free=True greedyα=29
    walk 9/64 |S|=22 tri_free=True greedyα=30
    walk 10/64 |S|=21 orbit-dup skip
    walk 11/64 |S|=22 orbit-dup skip
    walk 12/64 |S|=22 tri_free=True greedyα=25
    walk 13/64 |S|=20 tri_free=True greedyα=34
    walk 14/64 |S|=22 tri_free=True greedyα=26
    walk 15/64 |S|=23 orbit-dup skip
    walk 16/64 |S|=21 tri_free=True greedyα=29
    walk 17/64 |S|=19 tri_free=True greedyα=31
    walk 18/64 |S|=21 tri_free=True greedyα=27
    walk 19/64 |S|=21 orbit-dup skip
    walk 20/64 |S|=22 tri_free=True greedyα=27
    walk 21/64 |S|=22 orbit-dup skip
    walk 22/64 |S|=22 orbit-dup skip
    walk 23/64 |S|=23 orbit-dup skip
    walk 24/64 |S|=21 tri_free=True greedyα=24
    walk 25/64 |S|=21 tri_free=True greedyα=31
    walk 26/64 |S|=22 tri_free=True greedyα=32
    walk 27/64 |S|=23 orbit-dup skip
    walk 28/64 |S|=23 orbit-dup skip
    walk 29/64 |S|=20 tri_free=True greedyα=47
    walk 30/64 |S|=21 tri_free=True greedyα=30
    walk 31/64 |S|=21 tri_free=True greedyα=29
    walk 32/64 |S|=22 orbit-dup skip
    walk 33/64 |S|=21 tri_free=True greedyα=29
    walk 34/64 |S|=22 tri_free=True greedyα=25
    walk 35/64 |S|=22 tri_free=True greedyα=25
    walk 36/64 |S|=21 orbit-dup skip
    walk 37/64 |S|=22 orbit-dup skip
    walk 38/64 |S|=22 orbit-dup skip
    walk 39/64 |S|=22 orbit-dup skip
    walk 40/64 |S|=21 tri_free=True greedyα=29
    walk 41/64 |S|=22 tri_free=True greedyα=30
    walk 42/64 |S|=21 tri_free=True greedyα=23
    walk 43/64 |S|=22 orbit-dup skip
    walk 44/64 |S|=21 orbit-dup skip
    walk 45/64 |S|=21 orbit-dup skip
    walk 46/64 |S|=22 orbit-dup skip
    walk 47/64 |S|=22 tri_free=True greedyα=27
    walk 48/64 |S|=22 orbit-dup skip
    walk 49/64 |S|=22 orbit-dup skip
    walk 50/64 |S|=22 tri_free=True greedyα=25
    walk 51/64 |S|=20 tri_free=True greedyα=28
    walk 52/64 |S|=22 tri_free=True greedyα=29
    walk 53/64 |S|=23 orbit-dup skip
    walk 54/64 |S|=22 orbit-dup skip
    walk 55/64 |S|=22 orbit-dup skip
    walk 56/64 |S|=22 orbit-dup skip
    walk 57/64 |S|=22 orbit-dup skip
    walk 58/64 |S|=22 orbit-dup skip
    walk 59/64 |S|=22 orbit-dup skip
    walk 60/64 |S|=21 orbit-dup skip
    walk 61/64 |S|=22 orbit-dup skip
    walk 62/64 |S|=21 tri_free=True greedyα=27
    walk 63/64 |S|=22 orbit-dup skip
    walk 64/64 |S|=23 orbit-dup skip
  [5c] p=281 e=10 D1∪D6 pool=28 t=20
    walk 1/64 |S|=20 tri_free=True greedyα=29
    walk 2/64 |S|=19 tri_free=True greedyα=28
    walk 3/64 |S|=19 tri_free=True greedyα=26
    walk 4/64 |S|=19 tri_free=True greedyα=33
    walk 5/64 |S|=20 tri_free=True greedyα=26
    walk 6/64 |S|=19 tri_free=True greedyα=32
    walk 7/64 |S|=19 tri_free=True greedyα=40
    walk 8/64 |S|=20 tri_free=True greedyα=28
    walk 9/64 |S|=20 tri_free=True greedyα=32
    walk 10/64 |S|=20 tri_free=True greedyα=31
    walk 11/64 |S|=20 tri_free=True greedyα=37
    walk 12/64 |S|=20 tri_free=True greedyα=30
    walk 13/64 |S|=19 tri_free=True greedyα=29
    walk 14/64 |S|=19 tri_free=True greedyα=28
    walk 15/64 |S|=20 tri_free=True greedyα=29
    walk 16/64 |S|=20 orbit-dup skip
    walk 17/64 |S|=19 tri_free=True greedyα=28
    walk 18/64 |S|=20 tri_free=True greedyα=28
    walk 19/64 |S|=20 tri_free=True greedyα=28
    walk 20/64 |S|=19 tri_free=True greedyα=26
    walk 21/64 |S|=19 tri_free=True greedyα=25
    walk 22/64 |S|=20 tri_free=True greedyα=28
    walk 23/64 |S|=19 tri_free=True greedyα=42
    walk 24/64 |S|=20 tri_free=True greedyα=27
    walk 25/64 |S|=20 orbit-dup skip
    walk 26/64 |S|=20 orbit-dup skip
    walk 27/64 |S|=20 orbit-dup skip
    walk 28/64 |S|=19 tri_free=True greedyα=28
    walk 29/64 |S|=20 tri_free=True greedyα=26
    walk 30/64 |S|=20 orbit-dup skip
    walk 31/64 |S|=20 orbit-dup skip
    walk 32/64 |S|=20 orbit-dup skip
    walk 33/64 |S|=20 tri_free=True greedyα=35
    walk 34/64 |S|=20 tri_free=True greedyα=30
    walk 35/64 |S|=19 tri_free=True greedyα=31
    walk 36/64 |S|=20 tri_free=True greedyα=32
    walk 37/64 |S|=19 tri_free=True greedyα=31
    walk 38/64 |S|=19 tri_free=True greedyα=39
    walk 39/64 |S|=19 tri_free=True greedyα=37
    walk 40/64 |S|=20 orbit-dup skip
    walk 41/64 |S|=19 tri_free=True greedyα=27
    walk 42/64 |S|=20 tri_free=True greedyα=36
    walk 43/64 |S|=19 tri_free=True greedyα=25
    walk 44/64 |S|=20 tri_free=True greedyα=27
    walk 45/64 |S|=20 orbit-dup skip
    walk 46/64 |S|=19 tri_free=True greedyα=28
    walk 47/64 |S|=19 tri_free=True greedyα=28
    walk 48/64 |S|=18 tri_free=True greedyα=31
    walk 49/64 |S|=19 tri_free=True greedyα=30
    walk 50/64 |S|=19 tri_free=True greedyα=31
    walk 51/64 |S|=18 tri_free=True greedyα=44
    walk 52/64 |S|=20 tri_free=True greedyα=23
    walk 53/64 |S|=19 tri_free=True greedyα=36
    walk 54/64 |S|=20 orbit-dup skip
    walk 55/64 |S|=19 orbit-dup skip
    walk 56/64 |S|=19 tri_free=True greedyα=30
    walk 57/64 |S|=19 tri_free=True greedyα=30
    walk 58/64 |S|=19 tri_free=True greedyα=36
    walk 59/64 |S|=19 orbit-dup skip
    walk 60/64 |S|=19 tri_free=True greedyα=31
    walk 61/64 |S|=19 tri_free=True greedyα=29
    walk 62/64 |S|=19 tri_free=True greedyα=31
    walk 63/64 |S|=19 tri_free=True greedyα=31
    walk 64/64 |S|=19 tri_free=True greedyα=29
  [5c] p=281 e=10 D1∪D7 pool=28 t=20
    walk 1/64 |S|=23 tri_free=True greedyα=22
    walk 2/64 |S|=22 tri_free=True greedyα=27
    walk 3/64 |S|=21 tri_free=True greedyα=27
    walk 4/64 |S|=21 tri_free=True greedyα=28
    walk 5/64 |S|=22 tri_free=True greedyα=26
    walk 6/64 |S|=22 tri_free=True greedyα=25
    walk 7/64 |S|=22 tri_free=True greedyα=33
    walk 8/64 |S|=22 tri_free=True greedyα=24
    walk 9/64 |S|=21 tri_free=True greedyα=25
    walk 10/64 |S|=22 tri_free=True greedyα=26
    walk 11/64 |S|=23 orbit-dup skip
    walk 12/64 |S|=22 tri_free=True greedyα=30
    walk 13/64 |S|=22 tri_free=True greedyα=26
    walk 14/64 |S|=22 orbit-dup skip
    walk 15/64 |S|=23 orbit-dup skip
    walk 16/64 |S|=22 orbit-dup skip
    walk 17/64 |S|=22 tri_free=True greedyα=28
    walk 18/64 |S|=22 orbit-dup skip
    walk 19/64 |S|=22 orbit-dup skip
    walk 20/64 |S|=21 tri_free=True greedyα=28
    walk 21/64 |S|=22 orbit-dup skip
    walk 22/64 |S|=22 tri_free=True greedyα=34
    walk 23/64 |S|=21 orbit-dup skip
    walk 24/64 |S|=19 tri_free=True greedyα=31
    walk 25/64 |S|=23 orbit-dup skip
    walk 26/64 |S|=23 orbit-dup skip
    walk 27/64 |S|=21 tri_free=True greedyα=23
    walk 28/64 |S|=22 orbit-dup skip
    walk 29/64 |S|=21 orbit-dup skip
    walk 30/64 |S|=21 tri_free=True greedyα=32
    walk 31/64 |S|=22 tri_free=True greedyα=28
    walk 32/64 |S|=22 tri_free=True greedyα=26
    walk 33/64 |S|=21 tri_free=True greedyα=26
    walk 34/64 |S|=22 orbit-dup skip
    walk 35/64 |S|=22 tri_free=True greedyα=24
    walk 36/64 |S|=22 tri_free=True greedyα=25
    walk 37/64 |S|=18 tri_free=True greedyα=34
    walk 38/64 |S|=21 tri_free=True greedyα=25
    walk 39/64 |S|=22 orbit-dup skip
    walk 40/64 |S|=22 tri_free=True greedyα=25
    walk 41/64 |S|=23 orbit-dup skip
    walk 42/64 |S|=22 tri_free=True greedyα=27
    walk 43/64 |S|=21 orbit-dup skip
    walk 44/64 |S|=22 orbit-dup skip
    walk 45/64 |S|=22 orbit-dup skip
    walk 46/64 |S|=22 orbit-dup skip
    walk 47/64 |S|=21 orbit-dup skip
    walk 48/64 |S|=22 orbit-dup skip
    walk 49/64 |S|=23 orbit-dup skip
    walk 50/64 |S|=22 orbit-dup skip
    walk 51/64 |S|=23 orbit-dup skip
    walk 52/64 |S|=22 orbit-dup skip
    walk 53/64 |S|=21 orbit-dup skip
    walk 54/64 |S|=20 tri_free=True greedyα=26
    walk 55/64 |S|=21 tri_free=True greedyα=31
    walk 56/64 |S|=22 orbit-dup skip
    walk 57/64 |S|=23 orbit-dup skip
    walk 58/64 |S|=21 tri_free=True greedyα=29
    walk 59/64 |S|=20 tri_free=True greedyα=27
    walk 60/64 |S|=20 tri_free=True greedyα=29
    walk 61/64 |S|=21 tri_free=True greedyα=29
    walk 62/64 |S|=22 orbit-dup skip
    walk 63/64 |S|=21 tri_free=True greedyα=47
    walk 64/64 |S|=21 tri_free=True greedyα=23
  [5c] p=281 e=10 D1∪D8 pool=28 t=20
    walk 1/64 |S|=20 tri_free=True greedyα=27
    walk 2/64 |S|=20 tri_free=True greedyα=27
    walk 3/64 |S|=20 tri_free=True greedyα=30
    walk 4/64 |S|=20 tri_free=True greedyα=29
    walk 5/64 |S|=20 tri_free=True greedyα=25
    walk 6/64 |S|=19 tri_free=True greedyα=33
    walk 7/64 |S|=19 tri_free=True greedyα=29
    walk 8/64 |S|=19 tri_free=True greedyα=34
    walk 9/64 |S|=19 tri_free=True greedyα=25
    walk 10/64 |S|=19 tri_free=True greedyα=37
    walk 11/64 |S|=20 tri_free=True greedyα=36
    walk 12/64 |S|=20 tri_free=True greedyα=29
    walk 13/64 |S|=20 tri_free=True greedyα=32
    walk 14/64 |S|=21 tri_free=True greedyα=28
    walk 15/64 |S|=18 tri_free=True greedyα=31
    walk 16/64 |S|=20 tri_free=True greedyα=27
    walk 17/64 |S|=20 orbit-dup skip
    walk 18/64 |S|=20 tri_free=True greedyα=28
    walk 19/64 |S|=20 tri_free=True greedyα=27
    walk 20/64 |S|=20 tri_free=True greedyα=32
    walk 21/64 |S|=21 tri_free=True greedyα=22
    walk 22/64 |S|=20 tri_free=True greedyα=41
    walk 23/64 |S|=19 tri_free=True greedyα=32
    walk 24/64 |S|=20 tri_free=True greedyα=29
    walk 25/64 |S|=19 tri_free=True greedyα=30
    walk 26/64 |S|=20 tri_free=True greedyα=31
    walk 27/64 |S|=19 tri_free=True greedyα=26
    walk 28/64 |S|=19 tri_free=True greedyα=30
    walk 29/64 |S|=19 tri_free=True greedyα=26
    walk 30/64 |S|=20 tri_free=True greedyα=31
    walk 31/64 |S|=19 tri_free=True greedyα=26
    walk 32/64 |S|=20 tri_free=True greedyα=27
    walk 33/64 |S|=19 tri_free=True greedyα=33
    walk 34/64 |S|=20 tri_free=True greedyα=29
    walk 35/64 |S|=20 tri_free=True greedyα=31
    walk 36/64 |S|=19 tri_free=True greedyα=31
    walk 37/64 |S|=21 tri_free=True greedyα=28
    walk 38/64 |S|=19 tri_free=True greedyα=33
    walk 39/64 |S|=19 tri_free=True greedyα=46
    walk 40/64 |S|=20 tri_free=True greedyα=25
    walk 41/64 |S|=20 tri_free=True greedyα=25
    walk 42/64 |S|=20 tri_free=True greedyα=26
    walk 43/64 |S|=21 tri_free=True greedyα=28
    walk 44/64 |S|=20 tri_free=True greedyα=28
    walk 45/64 |S|=20 tri_free=True greedyα=31
    walk 46/64 |S|=20 tri_free=True greedyα=28
    walk 47/64 |S|=20 tri_free=True greedyα=33
    walk 48/64 |S|=20 tri_free=True greedyα=36
    walk 49/64 |S|=20 tri_free=True greedyα=35
    walk 50/64 |S|=20 tri_free=True greedyα=39
    walk 51/64 |S|=19 tri_free=True greedyα=32
    walk 52/64 |S|=19 tri_free=True greedyα=35
    walk 53/64 |S|=20 tri_free=True greedyα=26
    walk 54/64 |S|=19 tri_free=True greedyα=31
    walk 55/64 |S|=20 tri_free=True greedyα=32
    walk 56/64 |S|=19 tri_free=True greedyα=26
    walk 57/64 |S|=21 tri_free=True greedyα=26
    walk 58/64 |S|=20 tri_free=True greedyα=29
    walk 59/64 |S|=19 tri_free=True greedyα=35
    walk 60/64 |S|=20 tri_free=True greedyα=32
    walk 61/64 |S|=20 tri_free=True greedyα=38
    walk 62/64 |S|=21 tri_free=True greedyα=27
    walk 63/64 |S|=21 orbit-dup skip
    walk 64/64 |S|=19 tri_free=True greedyα=35
  [5c] p=281 e=10 D1∪D9 pool=28 t=20
    walk 1/64 |S|=20 tri_free=True greedyα=31
    walk 2/64 |S|=20 tri_free=True greedyα=63
    walk 3/64 |S|=19 tri_free=True greedyα=28
    walk 4/64 |S|=19 tri_free=True greedyα=30
    walk 5/64 |S|=19 tri_free=True greedyα=43
    walk 6/64 |S|=19 tri_free=True greedyα=32
    walk 7/64 |S|=17 tri_free=True greedyα=44
    walk 8/64 |S|=19 tri_free=True greedyα=31
    walk 9/64 |S|=19 tri_free=True greedyα=32
    walk 10/64 |S|=19 tri_free=True greedyα=40
    walk 11/64 |S|=19 tri_free=True greedyα=32
    walk 12/64 |S|=20 tri_free=True greedyα=27
    walk 13/64 |S|=19 tri_free=True greedyα=43
    walk 14/64 |S|=19 tri_free=True greedyα=28
    walk 15/64 |S|=20 tri_free=True greedyα=23
    walk 16/64 |S|=19 tri_free=True greedyα=29
    walk 17/64 |S|=18 tri_free=True greedyα=27
    walk 18/64 |S|=19 tri_free=True greedyα=35
    walk 19/64 |S|=19 tri_free=True greedyα=30
    walk 20/64 |S|=17 tri_free=True greedyα=33
    walk 21/64 |S|=19 orbit-dup skip
    walk 22/64 |S|=20 orbit-dup skip
    walk 23/64 |S|=19 orbit-dup skip
    walk 24/64 |S|=19 tri_free=True greedyα=33
    walk 25/64 |S|=20 tri_free=True greedyα=33
    walk 26/64 |S|=19 tri_free=True greedyα=38
    walk 27/64 |S|=20 tri_free=True greedyα=26
    walk 28/64 |S|=20 tri_free=True greedyα=55
    walk 29/64 |S|=18 tri_free=True greedyα=26
    walk 30/64 |S|=19 tri_free=True greedyα=27
    walk 31/64 |S|=19 tri_free=True greedyα=45
    walk 32/64 |S|=19 tri_free=True greedyα=42
    walk 33/64 |S|=18 tri_free=True greedyα=27
    walk 34/64 |S|=19 tri_free=True greedyα=29
    walk 35/64 |S|=19 tri_free=True greedyα=39
    walk 36/64 |S|=20 orbit-dup skip
    walk 37/64 |S|=19 tri_free=True greedyα=33
    walk 38/64 |S|=19 tri_free=True greedyα=29
    walk 39/64 |S|=18 tri_free=True greedyα=38
    walk 40/64 |S|=18 tri_free=True greedyα=27
    walk 41/64 |S|=21 tri_free=True greedyα=29
    walk 42/64 |S|=19 tri_free=True greedyα=30
    walk 43/64 |S|=19 tri_free=True greedyα=34
    walk 44/64 |S|=20 tri_free=True greedyα=31
    walk 45/64 |S|=18 tri_free=True greedyα=36
    walk 46/64 |S|=19 tri_free=True greedyα=44
    walk 47/64 |S|=18 tri_free=True greedyα=30
    walk 48/64 |S|=19 tri_free=True greedyα=30
    walk 49/64 |S|=19 tri_free=True greedyα=29
    walk 50/64 |S|=20 orbit-dup skip
    walk 51/64 |S|=19 tri_free=True greedyα=28
    walk 52/64 |S|=19 tri_free=True greedyα=31
    walk 53/64 |S|=20 tri_free=True greedyα=31
    walk 54/64 |S|=19 tri_free=True greedyα=28
    walk 55/64 |S|=19 tri_free=True greedyα=28
    walk 56/64 |S|=20 orbit-dup skip
    walk 57/64 |S|=18 tri_free=True greedyα=34
    walk 58/64 |S|=18 tri_free=True greedyα=30
    walk 59/64 |S|=19 tri_free=True greedyα=26
    walk 60/64 |S|=19 tri_free=True greedyα=37
    walk 61/64 |S|=19 tri_free=True greedyα=34
    walk 62/64 |S|=20 orbit-dup skip
    walk 63/64 |S|=20 tri_free=True greedyα=53
    walk 64/64 |S|=20 orbit-dup skip
  [5c] p=281 e=10 D2∪D3 pool=28 t=20
    walk 1/64 |S|=28 tri_free=True greedyα=22
    walk 2/64 |S|=28 orbit-dup skip
    walk 3/64 |S|=28 orbit-dup skip
    walk 4/64 |S|=28 orbit-dup skip
    walk 5/64 |S|=28 orbit-dup skip
    walk 6/64 |S|=28 orbit-dup skip
    walk 7/64 |S|=28 orbit-dup skip
    walk 8/64 |S|=28 orbit-dup skip
    walk 9/64 |S|=28 orbit-dup skip
    walk 10/64 |S|=28 orbit-dup skip
    walk 11/64 |S|=28 orbit-dup skip
    walk 12/64 |S|=28 orbit-dup skip
    walk 13/64 |S|=28 orbit-dup skip
    walk 14/64 |S|=28 orbit-dup skip
    walk 15/64 |S|=28 orbit-dup skip
    walk 16/64 |S|=28 orbit-dup skip
    walk 17/64 |S|=28 orbit-dup skip
    walk 18/64 |S|=28 orbit-dup skip
    walk 19/64 |S|=28 orbit-dup skip
    walk 20/64 |S|=28 orbit-dup skip
    walk 21/64 |S|=28 orbit-dup skip
    walk 22/64 |S|=28 orbit-dup skip
    walk 23/64 |S|=28 orbit-dup skip
    walk 24/64 |S|=28 orbit-dup skip
    walk 25/64 |S|=28 orbit-dup skip
    walk 26/64 |S|=28 orbit-dup skip
    walk 27/64 |S|=28 orbit-dup skip
    walk 28/64 |S|=28 orbit-dup skip
    walk 29/64 |S|=28 orbit-dup skip
    walk 30/64 |S|=28 orbit-dup skip
    walk 31/64 |S|=28 orbit-dup skip
    walk 32/64 |S|=28 orbit-dup skip
    walk 33/64 |S|=28 orbit-dup skip
    walk 34/64 |S|=28 orbit-dup skip
    walk 35/64 |S|=28 orbit-dup skip
    walk 36/64 |S|=28 orbit-dup skip
    walk 37/64 |S|=28 orbit-dup skip
    walk 38/64 |S|=28 orbit-dup skip
    walk 39/64 |S|=28 orbit-dup skip
    walk 40/64 |S|=28 orbit-dup skip
    walk 41/64 |S|=28 orbit-dup skip
    walk 42/64 |S|=28 orbit-dup skip
    walk 43/64 |S|=28 orbit-dup skip
    walk 44/64 |S|=28 orbit-dup skip
    walk 45/64 |S|=28 orbit-dup skip
    walk 46/64 |S|=28 orbit-dup skip
    walk 47/64 |S|=28 orbit-dup skip
    walk 48/64 |S|=28 orbit-dup skip
    walk 49/64 |S|=28 orbit-dup skip
    walk 50/64 |S|=28 orbit-dup skip
    walk 51/64 |S|=28 orbit-dup skip
    walk 52/64 |S|=28 orbit-dup skip
    walk 53/64 |S|=28 orbit-dup skip
    walk 54/64 |S|=28 orbit-dup skip
    walk 55/64 |S|=28 orbit-dup skip
    walk 56/64 |S|=28 orbit-dup skip
    walk 57/64 |S|=28 orbit-dup skip
    walk 58/64 |S|=28 orbit-dup skip
    walk 59/64 |S|=28 orbit-dup skip
    walk 60/64 |S|=28 orbit-dup skip
    walk 61/64 |S|=28 orbit-dup skip
    walk 62/64 |S|=28 orbit-dup skip
    walk 63/64 |S|=28 orbit-dup skip
    walk 64/64 |S|=28 orbit-dup skip
  [5c] p=281 e=10 D2∪D4 pool=28 t=20
    walk 1/64 |S|=18 tri_free=True greedyα=34
    walk 2/64 |S|=18 tri_free=True greedyα=33
    walk 3/64 |S|=19 tri_free=True greedyα=27
    walk 4/64 |S|=19 tri_free=True greedyα=42
    walk 5/64 |S|=19 tri_free=True greedyα=32
    walk 6/64 |S|=20 tri_free=True greedyα=29
    walk 7/64 |S|=19 tri_free=True greedyα=35
    walk 8/64 |S|=20 tri_free=True greedyα=28
    walk 9/64 |S|=19 tri_free=True greedyα=37
    walk 10/64 |S|=18 tri_free=True greedyα=29
    walk 11/64 |S|=19 tri_free=True greedyα=34
    walk 12/64 |S|=18 tri_free=True greedyα=29
    walk 13/64 |S|=19 tri_free=True greedyα=31
    walk 14/64 |S|=18 tri_free=True greedyα=31
    walk 15/64 |S|=18 tri_free=True greedyα=32
    walk 16/64 |S|=19 tri_free=True greedyα=26
    walk 17/64 |S|=19 tri_free=True greedyα=33
    walk 18/64 |S|=18 tri_free=True greedyα=42
    walk 19/64 |S|=20 tri_free=True greedyα=28
    walk 20/64 |S|=19 tri_free=True greedyα=26
    walk 21/64 |S|=19 tri_free=True greedyα=32
    walk 22/64 |S|=19 tri_free=True greedyα=34
    walk 23/64 |S|=18 tri_free=True greedyα=34
    walk 24/64 |S|=18 tri_free=True greedyα=33
    walk 25/64 |S|=20 tri_free=True greedyα=63
    walk 26/64 |S|=18 orbit-dup skip
    walk 27/64 |S|=20 tri_free=True greedyα=51
    walk 28/64 |S|=19 tri_free=True greedyα=37
    walk 29/64 |S|=18 tri_free=True greedyα=34
    walk 30/64 |S|=19 tri_free=True greedyα=30
    walk 31/64 |S|=19 tri_free=True greedyα=28
    walk 32/64 |S|=19 tri_free=True greedyα=27
    walk 33/64 |S|=18 tri_free=True greedyα=30
    walk 34/64 |S|=19 tri_free=True greedyα=32
    walk 35/64 |S|=20 tri_free=True greedyα=44
    walk 36/64 |S|=19 tri_free=True greedyα=32
    walk 37/64 |S|=20 tri_free=True greedyα=31
    walk 38/64 |S|=19 tri_free=True greedyα=29
    walk 39/64 |S|=19 tri_free=True greedyα=43
    walk 40/64 |S|=17 tri_free=True greedyα=32
    walk 41/64 |S|=19 tri_free=True greedyα=31
    walk 42/64 |S|=19 tri_free=True greedyα=28
    walk 43/64 |S|=19 tri_free=True greedyα=33
    walk 44/64 |S|=19 tri_free=True greedyα=37
    walk 45/64 |S|=20 tri_free=True greedyα=35
    walk 46/64 |S|=19 tri_free=True greedyα=44
    walk 47/64 |S|=19 tri_free=True greedyα=34
    walk 48/64 |S|=20 tri_free=True greedyα=41
    walk 49/64 |S|=19 tri_free=True greedyα=33
    walk 50/64 |S|=18 tri_free=True greedyα=30
    walk 51/64 |S|=19 tri_free=True greedyα=27
    walk 52/64 |S|=20 tri_free=True greedyα=31
    walk 53/64 |S|=19 tri_free=True greedyα=27
    walk 54/64 |S|=19 tri_free=True greedyα=32
    walk 55/64 |S|=19 tri_free=True greedyα=39
    walk 56/64 |S|=19 tri_free=True greedyα=34
    walk 57/64 |S|=20 tri_free=True greedyα=34
    walk 58/64 |S|=19 tri_free=True greedyα=33
    walk 59/64 |S|=19 tri_free=True greedyα=27
    walk 60/64 |S|=19 tri_free=True greedyα=26
    walk 61/64 |S|=18 tri_free=True greedyα=36
    walk 62/64 |S|=20 tri_free=True greedyα=31
    walk 63/64 |S|=19 tri_free=True greedyα=34
    walk 64/64 |S|=19 tri_free=True greedyα=44
  [5c] p=281 e=10 D2∪D5 pool=28 t=20
    walk 1/64 |S|=19 tri_free=True greedyα=28
    walk 2/64 |S|=20 tri_free=True greedyα=33
    walk 3/64 |S|=19 tri_free=True greedyα=28
    walk 4/64 |S|=20 tri_free=True greedyα=33
    walk 5/64 |S|=19 tri_free=True greedyα=32
    walk 6/64 |S|=19 tri_free=True greedyα=28
    walk 7/64 |S|=19 tri_free=True greedyα=27
    walk 8/64 |S|=20 tri_free=True greedyα=27
    walk 9/64 |S|=20 tri_free=True greedyα=27
    walk 10/64 |S|=20 tri_free=True greedyα=37
    walk 11/64 |S|=20 tri_free=True greedyα=33
    walk 12/64 |S|=19 tri_free=True greedyα=29
    walk 13/64 |S|=20 tri_free=True greedyα=25
    walk 14/64 |S|=21 tri_free=True greedyα=26
    walk 15/64 |S|=20 tri_free=True greedyα=31
    walk 16/64 |S|=20 tri_free=True greedyα=34
    walk 17/64 |S|=20 tri_free=True greedyα=31
    walk 18/64 |S|=19 tri_free=True greedyα=32
    walk 19/64 |S|=20 tri_free=True greedyα=27
    walk 20/64 |S|=20 tri_free=True greedyα=24
    walk 21/64 |S|=19 tri_free=True greedyα=46
    walk 22/64 |S|=19 tri_free=True greedyα=35
    walk 23/64 |S|=19 tri_free=True greedyα=26
    walk 24/64 |S|=19 tri_free=True greedyα=29
    walk 25/64 |S|=19 tri_free=True greedyα=28
    walk 26/64 |S|=20 tri_free=True greedyα=38
    walk 27/64 |S|=20 tri_free=True greedyα=29
    walk 28/64 |S|=20 tri_free=True greedyα=28
    walk 29/64 |S|=20 tri_free=True greedyα=29
    walk 30/64 |S|=21 tri_free=True greedyα=25
    walk 31/64 |S|=20 tri_free=True greedyα=29
    walk 32/64 |S|=19 tri_free=True greedyα=36
    walk 33/64 |S|=20 tri_free=True greedyα=33
    walk 34/64 |S|=20 tri_free=True greedyα=34
    walk 35/64 |S|=20 orbit-dup skip
    walk 36/64 |S|=20 tri_free=True greedyα=30
    walk 37/64 |S|=20 tri_free=True greedyα=25
    walk 38/64 |S|=20 tri_free=True greedyα=26
    walk 39/64 |S|=20 tri_free=True greedyα=31
    walk 40/64 |S|=20 tri_free=True greedyα=33
    walk 41/64 |S|=20 tri_free=True greedyα=32
    walk 42/64 |S|=20 tri_free=True greedyα=34
    walk 43/64 |S|=20 tri_free=True greedyα=27
    walk 44/64 |S|=21 tri_free=True greedyα=27
    walk 45/64 |S|=20 tri_free=True greedyα=29
    walk 46/64 |S|=19 tri_free=True greedyα=31
    walk 47/64 |S|=19 tri_free=True greedyα=34
    walk 48/64 |S|=19 tri_free=True greedyα=33
    walk 49/64 |S|=21 tri_free=True greedyα=31
    walk 50/64 |S|=18 tri_free=True greedyα=29
    walk 51/64 |S|=20 tri_free=True greedyα=29
    walk 52/64 |S|=20 tri_free=True greedyα=29
    walk 53/64 |S|=20 tri_free=True greedyα=31
    walk 54/64 |S|=20 tri_free=True greedyα=29
    walk 55/64 |S|=20 tri_free=True greedyα=26
    walk 56/64 |S|=19 tri_free=True greedyα=32
    walk 57/64 |S|=19 tri_free=True greedyα=28
    walk 58/64 |S|=19 tri_free=True greedyα=30
    walk 59/64 |S|=19 tri_free=True greedyα=27
    walk 60/64 |S|=20 tri_free=True greedyα=28
    walk 61/64 |S|=20 tri_free=True greedyα=25
    walk 62/64 |S|=20 tri_free=True greedyα=27
    walk 63/64 |S|=21 orbit-dup skip
    walk 64/64 |S|=21 tri_free=True greedyα=24
  [5c] p=281 e=10 D2∪D6 pool=28 t=20
    walk 1/64 |S|=22 tri_free=True greedyα=27
    walk 2/64 |S|=20 tri_free=True greedyα=27
    walk 3/64 |S|=22 tri_free=True greedyα=27
    walk 4/64 |S|=22 tri_free=True greedyα=31
    walk 5/64 |S|=22 tri_free=True greedyα=30
    walk 6/64 |S|=21 tri_free=True greedyα=26
    walk 7/64 |S|=22 tri_free=True greedyα=34
    walk 8/64 |S|=20 tri_free=True greedyα=28
    walk 9/64 |S|=22 tri_free=True greedyα=29
    walk 10/64 |S|=20 tri_free=True greedyα=27
    walk 11/64 |S|=22 tri_free=True greedyα=31
    walk 12/64 |S|=23 tri_free=True greedyα=20
    walk 13/64 |S|=23 orbit-dup skip
    walk 14/64 |S|=23 orbit-dup skip
    walk 15/64 |S|=22 tri_free=True greedyα=29
    walk 16/64 |S|=21 tri_free=True greedyα=31
    walk 17/64 |S|=22 orbit-dup skip
    walk 18/64 |S|=21 tri_free=True greedyα=26
    walk 19/64 |S|=20 tri_free=True greedyα=32
    walk 20/64 |S|=22 tri_free=True greedyα=26
    walk 21/64 |S|=20 tri_free=True greedyα=47
    walk 22/64 |S|=22 tri_free=True greedyα=26
    walk 23/64 |S|=22 tri_free=True greedyα=25
    walk 24/64 |S|=23 orbit-dup skip
    walk 25/64 |S|=23 orbit-dup skip
    walk 26/64 |S|=22 tri_free=True greedyα=31
    walk 27/64 |S|=22 tri_free=True greedyα=27
    walk 28/64 |S|=21 tri_free=True greedyα=28
    walk 29/64 |S|=22 orbit-dup skip
    walk 30/64 |S|=21 tri_free=True greedyα=23
    walk 31/64 |S|=22 orbit-dup skip
    walk 32/64 |S|=22 tri_free=True greedyα=26
    walk 33/64 |S|=23 orbit-dup skip
    walk 34/64 |S|=23 orbit-dup skip
    walk 35/64 |S|=20 tri_free=True greedyα=27
    walk 36/64 |S|=21 orbit-dup skip
    walk 37/64 |S|=21 tri_free=True greedyα=26
    walk 38/64 |S|=22 orbit-dup skip
    walk 39/64 |S|=22 orbit-dup skip
    walk 40/64 |S|=23 orbit-dup skip
    walk 41/64 |S|=21 tri_free=True greedyα=24
    walk 42/64 |S|=22 tri_free=True greedyα=25
    walk 43/64 |S|=22 tri_free=True greedyα=24
    walk 44/64 |S|=21 tri_free=True greedyα=26
    walk 45/64 |S|=22 orbit-dup skip
    walk 46/64 |S|=21 tri_free=True greedyα=29
    walk 47/64 |S|=22 orbit-dup skip
    walk 48/64 |S|=21 tri_free=True greedyα=27
    walk 49/64 |S|=22 orbit-dup skip
    walk 50/64 |S|=23 orbit-dup skip
    walk 51/64 |S|=22 tri_free=True greedyα=28
    walk 52/64 |S|=23 orbit-dup skip
    walk 53/64 |S|=22 orbit-dup skip
    walk 54/64 |S|=22 orbit-dup skip
    walk 55/64 |S|=21 tri_free=True greedyα=26
    walk 56/64 |S|=21 orbit-dup skip
    walk 57/64 |S|=22 orbit-dup skip
    walk 58/64 |S|=21 tri_free=True greedyα=30
    walk 59/64 |S|=22 orbit-dup skip
    walk 60/64 |S|=22 orbit-dup skip
    walk 61/64 |S|=20 tri_free=True greedyα=29
    walk 62/64 |S|=21 tri_free=True greedyα=36
    walk 63/64 |S|=21 tri_free=True greedyα=43
    walk 64/64 |S|=22 tri_free=True greedyα=24
  [5c] p=281 e=10 D2∪D7 pool=28 t=20
    walk 1/64 |S|=20 tri_free=True greedyα=28
    walk 2/64 |S|=20 tri_free=True greedyα=28
    walk 3/64 |S|=19 tri_free=True greedyα=30
    walk 4/64 |S|=19 tri_free=True greedyα=33
    walk 5/64 |S|=20 tri_free=True greedyα=30
    walk 6/64 |S|=18 tri_free=True greedyα=35
    walk 7/64 |S|=20 tri_free=True greedyα=28
    walk 8/64 |S|=18 tri_free=True greedyα=35
    walk 9/64 |S|=19 tri_free=True greedyα=31
    walk 10/64 |S|=20 tri_free=True greedyα=29
    walk 11/64 |S|=19 tri_free=True greedyα=30
    walk 12/64 |S|=20 tri_free=True greedyα=24
    walk 13/64 |S|=19 tri_free=True greedyα=30
    walk 14/64 |S|=19 tri_free=True greedyα=28
    walk 15/64 |S|=20 tri_free=True greedyα=28
    walk 16/64 |S|=19 tri_free=True greedyα=30
    walk 17/64 |S|=19 tri_free=True greedyα=30
    walk 18/64 |S|=19 tri_free=True greedyα=27
    walk 19/64 |S|=20 tri_free=True greedyα=29
    walk 20/64 |S|=19 tri_free=True greedyα=30
    walk 21/64 |S|=19 tri_free=True greedyα=33
    walk 22/64 |S|=19 tri_free=True greedyα=25
    walk 23/64 |S|=19 tri_free=True greedyα=43
    walk 24/64 |S|=19 tri_free=True greedyα=30
    walk 25/64 |S|=19 tri_free=True greedyα=26
    walk 26/64 |S|=20 orbit-dup skip
    walk 27/64 |S|=20 tri_free=True greedyα=33
    walk 28/64 |S|=19 tri_free=True greedyα=43
    walk 29/64 |S|=19 tri_free=True greedyα=33
    walk 30/64 |S|=19 tri_free=True greedyα=28
    walk 31/64 |S|=20 orbit-dup skip
    walk 32/64 |S|=19 tri_free=True greedyα=29
    walk 33/64 |S|=18 tri_free=True greedyα=29
    walk 34/64 |S|=19 tri_free=True greedyα=40
    walk 35/64 |S|=19 tri_free=True greedyα=30
    walk 36/64 |S|=20 orbit-dup skip
    walk 37/64 |S|=19 tri_free=True greedyα=28
    walk 38/64 |S|=19 tri_free=True greedyα=33
    walk 39/64 |S|=19 tri_free=True greedyα=29
    walk 40/64 |S|=20 tri_free=True greedyα=29
    walk 41/64 |S|=20 tri_free=True greedyα=28
    walk 42/64 |S|=20 tri_free=True greedyα=26
    walk 43/64 |S|=19 tri_free=True greedyα=29
    walk 44/64 |S|=19 tri_free=True greedyα=31
    walk 45/64 |S|=19 tri_free=True greedyα=28
    walk 46/64 |S|=19 tri_free=True greedyα=29
    walk 47/64 |S|=20 orbit-dup skip
    walk 48/64 |S|=20 tri_free=True greedyα=28
    walk 49/64 |S|=19 tri_free=True greedyα=37
    walk 50/64 |S|=18 tri_free=True greedyα=34
    walk 51/64 |S|=20 orbit-dup skip
    walk 52/64 |S|=19 orbit-dup skip
    walk 53/64 |S|=19 tri_free=True greedyα=25
    walk 54/64 |S|=19 tri_free=True greedyα=31
    walk 55/64 |S|=20 tri_free=True greedyα=37
    walk 56/64 |S|=19 tri_free=True greedyα=30
    walk 57/64 |S|=19 tri_free=True greedyα=32
    walk 58/64 |S|=20 orbit-dup skip
    walk 59/64 |S|=19 tri_free=True greedyα=26
    walk 60/64 |S|=19 tri_free=True greedyα=30
    walk 61/64 |S|=20 orbit-dup skip
    walk 62/64 |S|=19 tri_free=True greedyα=31
    walk 63/64 |S|=19 tri_free=True greedyα=41
    walk 64/64 |S|=19 tri_free=True greedyα=27
  [5c] p=281 e=10 D2∪D8 pool=28 t=20
    walk 1/64 |S|=20 tri_free=True greedyα=28
    walk 2/64 |S|=21 tri_free=True greedyα=26
    walk 3/64 |S|=20 tri_free=True greedyα=32
    walk 4/64 |S|=22 tri_free=True greedyα=28
    walk 5/64 |S|=20 tri_free=True greedyα=24
    walk 6/64 |S|=21 tri_free=True greedyα=24
    walk 7/64 |S|=22 tri_free=True greedyα=34
    walk 8/64 |S|=22 tri_free=True greedyα=26
    walk 9/64 |S|=22 tri_free=True greedyα=26
    walk 10/64 |S|=22 tri_free=True greedyα=27
    walk 11/64 |S|=22 tri_free=True greedyα=24
    walk 12/64 |S|=21 tri_free=True greedyα=26
    walk 13/64 |S|=21 tri_free=True greedyα=24
    walk 14/64 |S|=21 tri_free=True greedyα=26
    walk 15/64 |S|=20 tri_free=True greedyα=35
    walk 16/64 |S|=23 tri_free=True greedyα=24
    walk 17/64 |S|=22 tri_free=True greedyα=22
    walk 18/64 |S|=22 orbit-dup skip
    walk 19/64 |S|=23 orbit-dup skip
    walk 20/64 |S|=22 tri_free=True greedyα=26
    walk 21/64 |S|=21 tri_free=True greedyα=27
    walk 22/64 |S|=22 tri_free=True greedyα=24
    walk 23/64 |S|=22 orbit-dup skip
    walk 24/64 |S|=22 tri_free=True greedyα=26
    walk 25/64 |S|=22 orbit-dup skip
    walk 26/64 |S|=22 tri_free=True greedyα=29
    walk 27/64 |S|=21 tri_free=True greedyα=26
    walk 28/64 |S|=23 orbit-dup skip
    walk 29/64 |S|=20 tri_free=True greedyα=28
    walk 30/64 |S|=23 orbit-dup skip
    walk 31/64 |S|=21 orbit-dup skip
    walk 32/64 |S|=23 orbit-dup skip
    walk 33/64 |S|=21 tri_free=True greedyα=25
    walk 34/64 |S|=22 orbit-dup skip
    walk 35/64 |S|=22 tri_free=True greedyα=26
    walk 36/64 |S|=20 tri_free=True greedyα=29
    walk 37/64 |S|=21 orbit-dup skip
    walk 38/64 |S|=22 orbit-dup skip
    walk 39/64 |S|=21 orbit-dup skip
    walk 40/64 |S|=22 orbit-dup skip
    walk 41/64 |S|=21 tri_free=True greedyα=39
    walk 42/64 |S|=21 tri_free=True greedyα=29
    walk 43/64 |S|=20 tri_free=True greedyα=28
    walk 44/64 |S|=22 tri_free=True greedyα=28
    walk 45/64 |S|=21 orbit-dup skip
    walk 46/64 |S|=22 orbit-dup skip
    walk 47/64 |S|=22 tri_free=True greedyα=28
    walk 48/64 |S|=20 tri_free=True greedyα=45
    walk 49/64 |S|=23 orbit-dup skip
    walk 50/64 |S|=20 tri_free=True greedyα=26
    walk 51/64 |S|=22 orbit-dup skip
    walk 52/64 |S|=22 orbit-dup skip
    walk 53/64 |S|=22 tri_free=True greedyα=26
    walk 54/64 |S|=20 tri_free=True greedyα=26
    walk 55/64 |S|=21 orbit-dup skip
    walk 56/64 |S|=23 orbit-dup skip
    walk 57/64 |S|=23 orbit-dup skip
    walk 58/64 |S|=20 tri_free=True greedyα=32
    walk 59/64 |S|=20 tri_free=True greedyα=45
    walk 60/64 |S|=20 tri_free=True greedyα=27
    walk 61/64 |S|=21 orbit-dup skip
    walk 62/64 |S|=21 tri_free=True greedyα=23
    walk 63/64 |S|=22 orbit-dup skip
    walk 64/64 |S|=21 tri_free=True greedyα=27
  [5c] p=281 e=10 D2∪D9 pool=28 t=20
    walk 1/64 |S|=21 tri_free=True greedyα=28
    walk 2/64 |S|=20 tri_free=True greedyα=34
    walk 3/64 |S|=19 tri_free=True greedyα=29
    walk 4/64 |S|=20 tri_free=True greedyα=36
    walk 5/64 |S|=19 tri_free=True greedyα=31
    walk 6/64 |S|=20 tri_free=True greedyα=29
    walk 7/64 |S|=21 tri_free=True greedyα=26
    walk 8/64 |S|=21 tri_free=True greedyα=28
    walk 9/64 |S|=20 tri_free=True greedyα=27
    walk 10/64 |S|=20 tri_free=True greedyα=28
    walk 11/64 |S|=19 tri_free=True greedyα=30
    walk 12/64 |S|=20 tri_free=True greedyα=29
    walk 13/64 |S|=18 tri_free=True greedyα=40
    walk 14/64 |S|=19 tri_free=True greedyα=31
    walk 15/64 |S|=18 tri_free=True greedyα=30
    walk 16/64 |S|=20 tri_free=True greedyα=30
    walk 17/64 |S|=20 tri_free=True greedyα=37
    walk 18/64 |S|=20 tri_free=True greedyα=40
    walk 19/64 |S|=20 tri_free=True greedyα=28
    walk 20/64 |S|=19 tri_free=True greedyα=32
    walk 21/64 |S|=19 tri_free=True greedyα=33
    walk 22/64 |S|=21 tri_free=True greedyα=25
    walk 23/64 |S|=20 tri_free=True greedyα=28
    walk 24/64 |S|=19 tri_free=True greedyα=30
    walk 25/64 |S|=19 tri_free=True greedyα=31
    walk 26/64 |S|=20 tri_free=True greedyα=34
    walk 27/64 |S|=20 orbit-dup skip
    walk 28/64 |S|=21 orbit-dup skip
    walk 29/64 |S|=20 tri_free=True greedyα=32
    walk 30/64 |S|=20 tri_free=True greedyα=27
    walk 31/64 |S|=21 tri_free=True greedyα=23
    walk 32/64 |S|=20 tri_free=True greedyα=31
    walk 33/64 |S|=20 tri_free=True greedyα=26
    walk 34/64 |S|=20 tri_free=True greedyα=32
    walk 35/64 |S|=19 tri_free=True greedyα=26
    walk 36/64 |S|=19 tri_free=True greedyα=32
    walk 37/64 |S|=19 tri_free=True greedyα=31
    walk 38/64 |S|=20 tri_free=True greedyα=31
    walk 39/64 |S|=20 tri_free=True greedyα=34
    walk 40/64 |S|=20 tri_free=True greedyα=29
    walk 41/64 |S|=18 tri_free=True greedyα=28
    walk 42/64 |S|=19 tri_free=True greedyα=31
    walk 43/64 |S|=20 tri_free=True greedyα=32
    walk 44/64 |S|=19 tri_free=True greedyα=27
    walk 45/64 |S|=20 tri_free=True greedyα=26
    walk 46/64 |S|=19 tri_free=True greedyα=31
    walk 47/64 |S|=18 tri_free=True greedyα=27
    walk 48/64 |S|=19 tri_free=True greedyα=32
    walk 49/64 |S|=20 tri_free=True greedyα=29
    walk 50/64 |S|=20 tri_free=True greedyα=32
    walk 51/64 |S|=20 tri_free=True greedyα=28
    walk 52/64 |S|=21 orbit-dup skip
    walk 53/64 |S|=19 tri_free=True greedyα=27
    walk 54/64 |S|=20 tri_free=True greedyα=26
    walk 55/64 |S|=21 orbit-dup skip
    walk 56/64 |S|=20 orbit-dup skip
    walk 57/64 |S|=19 tri_free=True greedyα=30
    walk 58/64 |S|=20 tri_free=True greedyα=26
    walk 59/64 |S|=19 tri_free=True greedyα=28
    walk 60/64 |S|=20 tri_free=True greedyα=27
    walk 61/64 |S|=20 tri_free=True greedyα=29
    walk 62/64 |S|=20 tri_free=True greedyα=33
    walk 63/64 |S|=20 tri_free=True greedyα=27
    walk 64/64 |S|=20 tri_free=True greedyα=28
  [5c] p=281 e=10 D3∪D4 pool=28 t=20
    walk 1/64 |S|=28 tri_free=True greedyα=23
    walk 2/64 |S|=28 orbit-dup skip
    walk 3/64 |S|=28 orbit-dup skip
    walk 4/64 |S|=28 orbit-dup skip
    walk 5/64 |S|=28 orbit-dup skip
    walk 6/64 |S|=28 orbit-dup skip
    walk 7/64 |S|=28 orbit-dup skip
    walk 8/64 |S|=28 orbit-dup skip
    walk 9/64 |S|=28 orbit-dup skip
    walk 10/64 |S|=28 orbit-dup skip
    walk 11/64 |S|=28 orbit-dup skip
    walk 12/64 |S|=28 orbit-dup skip
    walk 13/64 |S|=28 orbit-dup skip
    walk 14/64 |S|=28 orbit-dup skip
    walk 15/64 |S|=28 orbit-dup skip
    walk 16/64 |S|=28 orbit-dup skip
    walk 17/64 |S|=28 orbit-dup skip
    walk 18/64 |S|=28 orbit-dup skip
    walk 19/64 |S|=28 orbit-dup skip
    walk 20/64 |S|=28 orbit-dup skip
    walk 21/64 |S|=28 orbit-dup skip
    walk 22/64 |S|=28 orbit-dup skip
    walk 23/64 |S|=28 orbit-dup skip
    walk 24/64 |S|=28 orbit-dup skip
    walk 25/64 |S|=28 orbit-dup skip
    walk 26/64 |S|=28 orbit-dup skip
    walk 27/64 |S|=28 orbit-dup skip
    walk 28/64 |S|=28 orbit-dup skip
    walk 29/64 |S|=28 orbit-dup skip
    walk 30/64 |S|=28 orbit-dup skip
    walk 31/64 |S|=28 orbit-dup skip
    walk 32/64 |S|=28 orbit-dup skip
    walk 33/64 |S|=28 orbit-dup skip
    walk 34/64 |S|=28 orbit-dup skip
    walk 35/64 |S|=28 orbit-dup skip
    walk 36/64 |S|=28 orbit-dup skip
    walk 37/64 |S|=28 orbit-dup skip
    walk 38/64 |S|=28 orbit-dup skip
    walk 39/64 |S|=28 orbit-dup skip
    walk 40/64 |S|=28 orbit-dup skip
    walk 41/64 |S|=28 orbit-dup skip
    walk 42/64 |S|=28 orbit-dup skip
    walk 43/64 |S|=28 orbit-dup skip
    walk 44/64 |S|=28 orbit-dup skip
    walk 45/64 |S|=28 orbit-dup skip
    walk 46/64 |S|=28 orbit-dup skip
    walk 47/64 |S|=28 orbit-dup skip
    walk 48/64 |S|=28 orbit-dup skip
    walk 49/64 |S|=28 orbit-dup skip
    walk 50/64 |S|=28 orbit-dup skip
    walk 51/64 |S|=28 orbit-dup skip
    walk 52/64 |S|=28 orbit-dup skip
    walk 53/64 |S|=28 orbit-dup skip
    walk 54/64 |S|=28 orbit-dup skip
    walk 55/64 |S|=28 orbit-dup skip
    walk 56/64 |S|=28 orbit-dup skip
    walk 57/64 |S|=28 orbit-dup skip
    walk 58/64 |S|=28 orbit-dup skip
    walk 59/64 |S|=28 orbit-dup skip
    walk 60/64 |S|=28 orbit-dup skip
    walk 61/64 |S|=28 orbit-dup skip
    walk 62/64 |S|=28 orbit-dup skip
    walk 63/64 |S|=28 orbit-dup skip
    walk 64/64 |S|=28 orbit-dup skip
  [5c] p=281 e=10 D3∪D5 pool=28 t=20
    walk 1/64 |S|=19 tri_free=True greedyα=39
    walk 2/64 |S|=20 tri_free=True greedyα=31
    walk 3/64 |S|=19 tri_free=True greedyα=28
    walk 4/64 |S|=18 tri_free=True greedyα=35
    walk 5/64 |S|=19 tri_free=True greedyα=28
    walk 6/64 |S|=18 tri_free=True greedyα=30
    walk 7/64 |S|=20 tri_free=True greedyα=38
    walk 8/64 |S|=19 tri_free=True greedyα=31
    walk 9/64 |S|=19 tri_free=True greedyα=33
    walk 10/64 |S|=19 tri_free=True greedyα=31
    walk 11/64 |S|=21 tri_free=True greedyα=29
    walk 12/64 |S|=20 tri_free=True greedyα=34
    walk 13/64 |S|=18 tri_free=True greedyα=35
    walk 14/64 |S|=19 tri_free=True greedyα=33
    walk 15/64 |S|=18 tri_free=True greedyα=36
    walk 16/64 |S|=19 tri_free=True greedyα=32
    walk 17/64 |S|=18 tri_free=True greedyα=30
    walk 18/64 |S|=19 tri_free=True greedyα=31
    walk 19/64 |S|=18 tri_free=True greedyα=28
    walk 20/64 |S|=18 tri_free=True greedyα=32
    walk 21/64 |S|=21 orbit-dup skip
    walk 22/64 |S|=18 tri_free=True greedyα=28
    walk 23/64 |S|=19 tri_free=True greedyα=24
    walk 24/64 |S|=19 tri_free=True greedyα=32
    walk 25/64 |S|=19 tri_free=True greedyα=29
    walk 26/64 |S|=20 tri_free=True greedyα=34
    walk 27/64 |S|=19 tri_free=True greedyα=30
    walk 28/64 |S|=19 orbit-dup skip
    walk 29/64 |S|=20 orbit-dup skip
    walk 30/64 |S|=20 orbit-dup skip
    walk 31/64 |S|=18 tri_free=True greedyα=32
    walk 32/64 |S|=20 orbit-dup skip
    walk 33/64 |S|=19 tri_free=True greedyα=32
    walk 34/64 |S|=19 tri_free=True greedyα=30
    walk 35/64 |S|=18 tri_free=True greedyα=34
    walk 36/64 |S|=20 tri_free=True greedyα=30
    walk 37/64 |S|=19 tri_free=True greedyα=35
    walk 38/64 |S|=19 tri_free=True greedyα=29
    walk 39/64 |S|=19 tri_free=True greedyα=29
    walk 40/64 |S|=18 tri_free=True greedyα=26
    walk 41/64 |S|=19 tri_free=True greedyα=29
    walk 42/64 |S|=19 orbit-dup skip
    walk 43/64 |S|=19 tri_free=True greedyα=32
    walk 44/64 |S|=20 tri_free=True greedyα=30
    walk 45/64 |S|=19 orbit-dup skip
    walk 46/64 |S|=20 tri_free=True greedyα=55
    walk 47/64 |S|=19 tri_free=True greedyα=39
    walk 48/64 |S|=19 orbit-dup skip
    walk 49/64 |S|=19 tri_free=True greedyα=34
    walk 50/64 |S|=18 tri_free=True greedyα=32
    walk 51/64 |S|=19 tri_free=True greedyα=32
    walk 52/64 |S|=18 tri_free=True greedyα=33
    walk 53/64 |S|=19 tri_free=True greedyα=39
    walk 54/64 |S|=18 tri_free=True greedyα=41
    walk 55/64 |S|=19 tri_free=True greedyα=30
    walk 56/64 |S|=21 orbit-dup skip
    walk 57/64 |S|=19 tri_free=True greedyα=28
    walk 58/64 |S|=19 tri_free=True greedyα=30
    walk 59/64 |S|=19 tri_free=True greedyα=31
    walk 60/64 |S|=20 tri_free=True greedyα=33
    walk 61/64 |S|=18 tri_free=True greedyα=35
    walk 62/64 |S|=20 tri_free=True greedyα=31
    walk 63/64 |S|=19 tri_free=True greedyα=33
    walk 64/64 |S|=18 tri_free=True greedyα=31
  [5c] p=281 e=10 D3∪D6 pool=28 t=20
    walk 1/64 |S|=19 tri_free=True greedyα=29
    walk 2/64 |S|=20 tri_free=True greedyα=26
    walk 3/64 |S|=19 tri_free=True greedyα=46
    walk 4/64 |S|=20 tri_free=True greedyα=29
    walk 5/64 |S|=19 tri_free=True greedyα=30
    walk 6/64 |S|=20 tri_free=True greedyα=27
    walk 7/64 |S|=20 tri_free=True greedyα=29
    walk 8/64 |S|=19 tri_free=True greedyα=33
    walk 9/64 |S|=19 tri_free=True greedyα=29
    walk 10/64 |S|=20 tri_free=True greedyα=31
    walk 11/64 |S|=20 tri_free=True greedyα=32
    walk 12/64 |S|=20 tri_free=True greedyα=27
    walk 13/64 |S|=20 tri_free=True greedyα=28
    walk 14/64 |S|=19 tri_free=True greedyα=28
    walk 15/64 |S|=20 tri_free=True greedyα=27
    walk 16/64 |S|=20 tri_free=True greedyα=31
    walk 17/64 |S|=20 tri_free=True greedyα=33
    walk 18/64 |S|=20 tri_free=True greedyα=29
    walk 19/64 |S|=20 tri_free=True greedyα=27
    walk 20/64 |S|=19 tri_free=True greedyα=24
    walk 21/64 |S|=20 tri_free=True greedyα=25
    walk 22/64 |S|=19 tri_free=True greedyα=25
    walk 23/64 |S|=20 tri_free=True greedyα=30
    walk 24/64 |S|=19 tri_free=True greedyα=29
    walk 25/64 |S|=20 tri_free=True greedyα=27
    walk 26/64 |S|=20 tri_free=True greedyα=33
    walk 27/64 |S|=20 orbit-dup skip
    walk 28/64 |S|=20 tri_free=True greedyα=42
    walk 29/64 |S|=20 tri_free=True greedyα=31
    walk 30/64 |S|=20 tri_free=True greedyα=30
    walk 31/64 |S|=19 tri_free=True greedyα=36
    walk 32/64 |S|=20 tri_free=True greedyα=30
    walk 33/64 |S|=19 tri_free=True greedyα=30
    walk 34/64 |S|=20 tri_free=True greedyα=26
    walk 35/64 |S|=20 tri_free=True greedyα=27
    walk 36/64 |S|=20 orbit-dup skip
    walk 37/64 |S|=19 tri_free=True greedyα=28
    walk 38/64 |S|=20 tri_free=True greedyα=25
    walk 39/64 |S|=21 tri_free=True greedyα=28
    walk 40/64 |S|=20 tri_free=True greedyα=30
    walk 41/64 |S|=20 tri_free=True greedyα=40
    walk 42/64 |S|=20 orbit-dup skip
    walk 43/64 |S|=20 tri_free=True greedyα=28
    walk 44/64 |S|=21 tri_free=True greedyα=27
    walk 45/64 |S|=20 tri_free=True greedyα=33
    walk 46/64 |S|=20 tri_free=True greedyα=31
    walk 47/64 |S|=20 tri_free=True greedyα=32
    walk 48/64 |S|=20 tri_free=True greedyα=31
    walk 49/64 |S|=21 orbit-dup skip
    walk 50/64 |S|=20 tri_free=True greedyα=33
    walk 51/64 |S|=20 orbit-dup skip
    walk 52/64 |S|=20 tri_free=True greedyα=29
    walk 53/64 |S|=19 tri_free=True greedyα=31
    walk 54/64 |S|=20 orbit-dup skip
    walk 55/64 |S|=20 tri_free=True greedyα=35
    walk 56/64 |S|=19 tri_free=True greedyα=28
    walk 57/64 |S|=20 tri_free=True greedyα=29
    walk 58/64 |S|=19 tri_free=True greedyα=29
    walk 59/64 |S|=20 tri_free=True greedyα=38
    walk 60/64 |S|=20 tri_free=True greedyα=38
    walk 61/64 |S|=19 tri_free=True greedyα=33
    walk 62/64 |S|=19 tri_free=True greedyα=36
    walk 63/64 |S|=20 tri_free=True greedyα=30
    walk 64/64 |S|=19 tri_free=True greedyα=39
  [5c] p=281 e=10 D3∪D7 pool=28 t=20
    walk 1/64 |S|=22 tri_free=True greedyα=26
    walk 2/64 |S|=21 tri_free=True greedyα=25
    walk 3/64 |S|=21 tri_free=True greedyα=23
    walk 4/64 |S|=22 tri_free=True greedyα=24
    walk 5/64 |S|=22 tri_free=True greedyα=26
    walk 6/64 |S|=20 tri_free=True greedyα=26
    walk 7/64 |S|=22 tri_free=True greedyα=32
    walk 8/64 |S|=22 tri_free=True greedyα=27
    walk 9/64 |S|=21 tri_free=True greedyα=27
    walk 10/64 |S|=21 orbit-dup skip
    walk 11/64 |S|=23 tri_free=True greedyα=19
    walk 12/64 |S|=23 orbit-dup skip
    walk 13/64 |S|=20 tri_free=True greedyα=30
    walk 14/64 |S|=22 tri_free=True greedyα=30
    walk 15/64 |S|=21 tri_free=True greedyα=33
    walk 16/64 |S|=21 orbit-dup skip
    walk 17/64 |S|=22 tri_free=True greedyα=24
    walk 18/64 |S|=23 orbit-dup skip
    walk 19/64 |S|=21 tri_free=True greedyα=29
    walk 20/64 |S|=21 tri_free=True greedyα=27
    walk 21/64 |S|=21 tri_free=True greedyα=28
    walk 22/64 |S|=21 tri_free=True greedyα=33
    walk 23/64 |S|=22 orbit-dup skip
    walk 24/64 |S|=23 orbit-dup skip
    walk 25/64 |S|=22 orbit-dup skip
    walk 26/64 |S|=21 tri_free=True greedyα=28
    walk 27/64 |S|=21 tri_free=True greedyα=35
    walk 28/64 |S|=22 tri_free=True greedyα=26
    walk 29/64 |S|=22 tri_free=True greedyα=29
    walk 30/64 |S|=23 orbit-dup skip
    walk 31/64 |S|=22 tri_free=True greedyα=29
    walk 32/64 |S|=20 tri_free=True greedyα=27
    walk 33/64 |S|=22 orbit-dup skip
    walk 34/64 |S|=22 orbit-dup skip
    walk 35/64 |S|=22 tri_free=True greedyα=32
    walk 36/64 |S|=22 orbit-dup skip
    walk 37/64 |S|=22 orbit-dup skip
    walk 38/64 |S|=22 orbit-dup skip
    walk 39/64 |S|=21 orbit-dup skip
    walk 40/64 |S|=21 tri_free=True greedyα=23
    walk 41/64 |S|=23 orbit-dup skip
    walk 42/64 |S|=22 orbit-dup skip
    walk 43/64 |S|=20 orbit-dup skip
    walk 44/64 |S|=21 tri_free=True greedyα=28
    walk 45/64 |S|=22 orbit-dup skip
    walk 46/64 |S|=22 orbit-dup skip
    walk 47/64 |S|=20 tri_free=True greedyα=31
    walk 48/64 |S|=23 orbit-dup skip
    walk 49/64 |S|=23 orbit-dup skip
    walk 50/64 |S|=22 orbit-dup skip
    walk 51/64 |S|=22 orbit-dup skip
    walk 52/64 |S|=23 orbit-dup skip
    walk 53/64 |S|=21 orbit-dup skip
    walk 54/64 |S|=22 orbit-dup skip
    walk 55/64 |S|=22 tri_free=True greedyα=26
    walk 56/64 |S|=22 orbit-dup skip
    walk 57/64 |S|=20 tri_free=True greedyα=27
    walk 58/64 |S|=20 tri_free=True greedyα=32
    walk 59/64 |S|=21 tri_free=True greedyα=26
    walk 60/64 |S|=22 orbit-dup skip
    walk 61/64 |S|=20 orbit-dup skip
    walk 62/64 |S|=20 tri_free=True greedyα=27
    walk 63/64 |S|=21 orbit-dup skip
    walk 64/64 |S|=21 tri_free=True greedyα=29
      MIS |S|=23 greedyα=19 residual IS ≥ 19 (α(G)≥20) {'found': True, 'lower': 19, 'exact': True, 'nodes': 26, 'seconds': 0.0006488300859928131, 'timed_out': False, 'backend': 'c-decide'}
  [5c] p=281 e=10 D3∪D8 pool=28 t=20
    walk 1/64 |S|=20 tri_free=True greedyα=37
    walk 2/64 |S|=19 tri_free=True greedyα=24
    walk 3/64 |S|=19 tri_free=True greedyα=33
    walk 4/64 |S|=20 tri_free=True greedyα=29
    walk 5/64 |S|=20 tri_free=True greedyα=34
    walk 6/64 |S|=19 tri_free=True greedyα=28
    walk 7/64 |S|=20 tri_free=True greedyα=26
    walk 8/64 |S|=19 tri_free=True greedyα=30
    walk 9/64 |S|=19 tri_free=True greedyα=31
    walk 10/64 |S|=19 tri_free=True greedyα=27
    walk 11/64 |S|=21 tri_free=True greedyα=23
    walk 12/64 |S|=20 orbit-dup skip
    walk 13/64 |S|=19 tri_free=True greedyα=24
    walk 14/64 |S|=19 tri_free=True greedyα=32
    walk 15/64 |S|=19 tri_free=True greedyα=28
    walk 16/64 |S|=20 tri_free=True greedyα=26
    walk 17/64 |S|=19 tri_free=True greedyα=30
    walk 18/64 |S|=19 tri_free=True greedyα=26
    walk 19/64 |S|=19 tri_free=True greedyα=42
    walk 20/64 |S|=20 orbit-dup skip
    walk 21/64 |S|=19 tri_free=True greedyα=27
    walk 22/64 |S|=19 tri_free=True greedyα=32
    walk 23/64 |S|=19 tri_free=True greedyα=27
    walk 24/64 |S|=20 tri_free=True greedyα=29
    walk 25/64 |S|=20 tri_free=True greedyα=26
    walk 26/64 |S|=19 tri_free=True greedyα=29
    walk 27/64 |S|=20 tri_free=True greedyα=21
    walk 28/64 |S|=20 tri_free=True greedyα=29
    walk 29/64 |S|=20 orbit-dup skip
    walk 30/64 |S|=19 tri_free=True greedyα=47
    walk 31/64 |S|=20 tri_free=True greedyα=27
    walk 32/64 |S|=18 tri_free=True greedyα=31
    walk 33/64 |S|=20 orbit-dup skip
    walk 34/64 |S|=19 tri_free=True greedyα=32
    walk 35/64 |S|=21 orbit-dup skip
    walk 36/64 |S|=20 orbit-dup skip
    walk 37/64 |S|=20 tri_free=True greedyα=23
    walk 38/64 |S|=20 orbit-dup skip
    walk 39/64 |S|=18 tri_free=True greedyα=31
    walk 40/64 |S|=20 tri_free=True greedyα=29
    walk 41/64 |S|=19 tri_free=True greedyα=31
    walk 42/64 |S|=20 tri_free=True greedyα=29
    walk 43/64 |S|=20 tri_free=True greedyα=26
    walk 44/64 |S|=20 tri_free=True greedyα=27
    walk 45/64 |S|=19 tri_free=True greedyα=33
    walk 46/64 |S|=19 tri_free=True greedyα=31
    walk 47/64 |S|=20 tri_free=True greedyα=29
    walk 48/64 |S|=20 orbit-dup skip
    walk 49/64 |S|=20 tri_free=True greedyα=27
    walk 50/64 |S|=20 tri_free=True greedyα=29
    walk 51/64 |S|=20 tri_free=True greedyα=26
    walk 52/64 |S|=19 tri_free=True greedyα=27
    walk 53/64 |S|=20 tri_free=True greedyα=29
    walk 54/64 |S|=19 tri_free=True greedyα=36
    walk 55/64 |S|=18 tri_free=True greedyα=26
    walk 56/64 |S|=20 tri_free=True greedyα=33
    walk 57/64 |S|=20 orbit-dup skip
    walk 58/64 |S|=20 tri_free=True greedyα=27
    walk 59/64 |S|=18 tri_free=True greedyα=34
    walk 60/64 |S|=20 orbit-dup skip
    walk 61/64 |S|=19 tri_free=True greedyα=34
    walk 62/64 |S|=19 tri_free=True greedyα=28
    walk 63/64 |S|=20 orbit-dup skip
    walk 64/64 |S|=19 tri_free=True greedyα=28
  [5c] p=281 e=10 D3∪D9 pool=28 t=20
    walk 1/64 |S|=23 tri_free=True greedyα=21
    walk 2/64 |S|=22 tri_free=True greedyα=24
    walk 3/64 |S|=20 tri_free=True greedyα=28
    walk 4/64 |S|=22 tri_free=True greedyα=24
    walk 5/64 |S|=21 tri_free=True greedyα=27
    walk 6/64 |S|=21 tri_free=True greedyα=28
    walk 7/64 |S|=22 tri_free=True greedyα=27
    walk 8/64 |S|=21 tri_free=True greedyα=29
    walk 9/64 |S|=21 tri_free=True greedyα=25
    walk 10/64 |S|=21 tri_free=True greedyα=32
    walk 11/64 |S|=21 orbit-dup skip
    walk 12/64 |S|=21 tri_free=True greedyα=25
    walk 13/64 |S|=20 tri_free=True greedyα=24
    walk 14/64 |S|=22 tri_free=True greedyα=29
    walk 15/64 |S|=21 orbit-dup skip
    walk 16/64 |S|=23 orbit-dup skip
    walk 17/64 |S|=21 orbit-dup skip
    walk 18/64 |S|=19 tri_free=True greedyα=33
    walk 19/64 |S|=21 tri_free=True greedyα=31
    walk 20/64 |S|=22 tri_free=True greedyα=26
    walk 21/64 |S|=22 orbit-dup skip
    walk 22/64 |S|=22 tri_free=True greedyα=27
    walk 23/64 |S|=22 orbit-dup skip
    walk 24/64 |S|=22 orbit-dup skip
    walk 25/64 |S|=22 tri_free=True greedyα=33
    walk 26/64 |S|=22 orbit-dup skip
    walk 27/64 |S|=22 orbit-dup skip
    walk 28/64 |S|=21 tri_free=True greedyα=28
    walk 29/64 |S|=21 orbit-dup skip
    walk 30/64 |S|=21 tri_free=True greedyα=39
    walk 31/64 |S|=22 tri_free=True greedyα=22
    walk 32/64 |S|=23 orbit-dup skip
    walk 33/64 |S|=22 tri_free=True greedyα=25
    walk 34/64 |S|=21 tri_free=True greedyα=47
    walk 35/64 |S|=22 tri_free=True greedyα=29
    walk 36/64 |S|=22 orbit-dup skip
    walk 37/64 |S|=23 orbit-dup skip
    walk 38/64 |S|=23 orbit-dup skip
    walk 39/64 |S|=22 orbit-dup skip
    walk 40/64 |S|=23 orbit-dup skip
    walk 41/64 |S|=20 orbit-dup skip
    walk 42/64 |S|=22 orbit-dup skip
    walk 43/64 |S|=23 orbit-dup skip
    walk 44/64 |S|=23 orbit-dup skip
    walk 45/64 |S|=19 tri_free=True greedyα=30
    walk 46/64 |S|=21 tri_free=True greedyα=29
    walk 47/64 |S|=22 tri_free=True greedyα=23
    walk 48/64 |S|=21 tri_free=True greedyα=27
    walk 49/64 |S|=22 orbit-dup skip
    walk 50/64 |S|=18 tri_free=True greedyα=27
    walk 51/64 |S|=22 tri_free=True greedyα=31
    walk 52/64 |S|=21 orbit-dup skip
    walk 53/64 |S|=22 orbit-dup skip
    walk 54/64 |S|=22 tri_free=True greedyα=28
    walk 55/64 |S|=19 tri_free=True greedyα=34
    walk 56/64 |S|=22 tri_free=True greedyα=27
    walk 57/64 |S|=21 tri_free=True greedyα=23
    walk 58/64 |S|=22 orbit-dup skip
    walk 59/64 |S|=22 orbit-dup skip
    walk 60/64 |S|=21 tri_free=True greedyα=24
    walk 61/64 |S|=21 orbit-dup skip
    walk 62/64 |S|=21 tri_free=True greedyα=24
    walk 63/64 |S|=20 tri_free=True greedyα=42
    walk 64/64 |S|=21 tri_free=True greedyα=29
  [5c] p=281 e=10 D4∪D5 pool=28 t=20
    walk 1/64 |S|=28 tri_free=True greedyα=22
    walk 2/64 |S|=28 orbit-dup skip
    walk 3/64 |S|=28 orbit-dup skip
    walk 4/64 |S|=28 orbit-dup skip
    walk 5/64 |S|=28 orbit-dup skip
    walk 6/64 |S|=28 orbit-dup skip
    walk 7/64 |S|=28 orbit-dup skip
    walk 8/64 |S|=28 orbit-dup skip
    walk 9/64 |S|=28 orbit-dup skip
    walk 10/64 |S|=28 orbit-dup skip
    walk 11/64 |S|=28 orbit-dup skip
    walk 12/64 |S|=28 orbit-dup skip
    walk 13/64 |S|=28 orbit-dup skip
    walk 14/64 |S|=28 orbit-dup skip
    walk 15/64 |S|=28 orbit-dup skip
    walk 16/64 |S|=28 orbit-dup skip
    walk 17/64 |S|=28 orbit-dup skip
    walk 18/64 |S|=28 orbit-dup skip
    walk 19/64 |S|=28 orbit-dup skip
    walk 20/64 |S|=28 orbit-dup skip
    walk 21/64 |S|=28 orbit-dup skip
    walk 22/64 |S|=28 orbit-dup skip
    walk 23/64 |S|=28 orbit-dup skip
    walk 24/64 |S|=28 orbit-dup skip
    walk 25/64 |S|=28 orbit-dup skip
    walk 26/64 |S|=28 orbit-dup skip
    walk 27/64 |S|=28 orbit-dup skip
    walk 28/64 |S|=28 orbit-dup skip
    walk 29/64 |S|=28 orbit-dup skip
    walk 30/64 |S|=28 orbit-dup skip
    walk 31/64 |S|=28 orbit-dup skip
    walk 32/64 |S|=28 orbit-dup skip
    walk 33/64 |S|=28 orbit-dup skip
    walk 34/64 |S|=28 orbit-dup skip
    walk 35/64 |S|=28 orbit-dup skip
    walk 36/64 |S|=28 orbit-dup skip
    walk 37/64 |S|=28 orbit-dup skip
    walk 38/64 |S|=28 orbit-dup skip
    walk 39/64 |S|=28 orbit-dup skip
    walk 40/64 |S|=28 orbit-dup skip
    walk 41/64 |S|=28 orbit-dup skip
    walk 42/64 |S|=28 orbit-dup skip
    walk 43/64 |S|=28 orbit-dup skip
    walk 44/64 |S|=28 orbit-dup skip
    walk 45/64 |S|=28 orbit-dup skip
    walk 46/64 |S|=28 orbit-dup skip
    walk 47/64 |S|=28 orbit-dup skip
    walk 48/64 |S|=28 orbit-dup skip
    walk 49/64 |S|=28 orbit-dup skip
    walk 50/64 |S|=28 orbit-dup skip
    walk 51/64 |S|=28 orbit-dup skip
    walk 52/64 |S|=28 orbit-dup skip
    walk 53/64 |S|=28 orbit-dup skip
    walk 54/64 |S|=28 orbit-dup skip
    walk 55/64 |S|=28 orbit-dup skip
    walk 56/64 |S|=28 orbit-dup skip
    walk 57/64 |S|=28 orbit-dup skip
    walk 58/64 |S|=28 orbit-dup skip
    walk 59/64 |S|=28 orbit-dup skip
    walk 60/64 |S|=28 orbit-dup skip
    walk 61/64 |S|=28 orbit-dup skip
    walk 62/64 |S|=28 orbit-dup skip
    walk 63/64 |S|=28 orbit-dup skip
    walk 64/64 |S|=28 orbit-dup skip
  [5c] p=281 e=10 D4∪D6 pool=28 t=20
    walk 1/64 |S|=18 tri_free=True greedyα=33
    walk 2/64 |S|=19 tri_free=True greedyα=29
    walk 3/64 |S|=20 tri_free=True greedyα=31
    walk 4/64 |S|=18 tri_free=True greedyα=40
    walk 5/64 |S|=19 tri_free=True greedyα=31
    walk 6/64 |S|=19 tri_free=True greedyα=34
    walk 7/64 |S|=18 tri_free=True greedyα=33
    walk 8/64 |S|=20 tri_free=True greedyα=32
    walk 9/64 |S|=19 tri_free=True greedyα=31
    walk 10/64 |S|=19 tri_free=True greedyα=33
    walk 11/64 |S|=20 tri_free=True greedyα=38
    walk 12/64 |S|=17 tri_free=True greedyα=30
    walk 13/64 |S|=19 tri_free=True greedyα=32
    walk 14/64 |S|=19 tri_free=True greedyα=32
    walk 15/64 |S|=19 orbit-dup skip
    walk 16/64 |S|=20 tri_free=True greedyα=35
    walk 17/64 |S|=19 tri_free=True greedyα=29
    walk 18/64 |S|=18 tri_free=True greedyα=32
    walk 19/64 |S|=19 tri_free=True greedyα=36
    walk 20/64 |S|=19 tri_free=True greedyα=42
    walk 21/64 |S|=19 tri_free=True greedyα=35
    walk 22/64 |S|=20 orbit-dup skip
    walk 23/64 |S|=19 tri_free=True greedyα=38
    walk 24/64 |S|=19 tri_free=True greedyα=36
    walk 25/64 |S|=20 tri_free=True greedyα=31
    walk 26/64 |S|=18 tri_free=True greedyα=41
    walk 27/64 |S|=19 tri_free=True greedyα=29
    walk 28/64 |S|=19 tri_free=True greedyα=31
    walk 29/64 |S|=18 tri_free=True greedyα=33
    walk 30/64 |S|=18 tri_free=True greedyα=36
    walk 31/64 |S|=19 tri_free=True greedyα=35
    walk 32/64 |S|=19 tri_free=True greedyα=32
    walk 33/64 |S|=19 tri_free=True greedyα=27
    walk 34/64 |S|=19 orbit-dup skip
    walk 35/64 |S|=18 tri_free=True greedyα=32
    walk 36/64 |S|=19 tri_free=True greedyα=37
    walk 37/64 |S|=19 orbit-dup skip
    walk 38/64 |S|=19 tri_free=True greedyα=31
    walk 39/64 |S|=19 tri_free=True greedyα=33
    walk 40/64 |S|=19 tri_free=True greedyα=40
    walk 41/64 |S|=19 tri_free=True greedyα=34
    walk 42/64 |S|=19 tri_free=True greedyα=44
    walk 43/64 |S|=19 tri_free=True greedyα=28
    walk 44/64 |S|=19 tri_free=True greedyα=32
    walk 45/64 |S|=19 tri_free=True greedyα=44
    walk 46/64 |S|=19 tri_free=True greedyα=34
    walk 47/64 |S|=19 tri_free=True greedyα=35
    walk 48/64 |S|=18 tri_free=True greedyα=36
    walk 49/64 |S|=19 orbit-dup skip
    walk 50/64 |S|=19 tri_free=True greedyα=37
    walk 51/64 |S|=19 tri_free=True greedyα=30
    walk 52/64 |S|=18 tri_free=True greedyα=34
    walk 53/64 |S|=18 tri_free=True greedyα=29
    walk 54/64 |S|=19 tri_free=True greedyα=25
    walk 55/64 |S|=19 tri_free=True greedyα=30
    walk 56/64 |S|=18 tri_free=True greedyα=30
    walk 57/64 |S|=18 tri_free=True greedyα=35
    walk 58/64 |S|=20 orbit-dup skip
    walk 59/64 |S|=19 tri_free=True greedyα=34
    walk 60/64 |S|=19 orbit-dup skip
    walk 61/64 |S|=20 tri_free=True greedyα=29
    walk 62/64 |S|=18 tri_free=True greedyα=33
    walk 63/64 |S|=19 tri_free=True greedyα=30
    walk 64/64 |S|=20 tri_free=True greedyα=63
  [5c] p=281 e=10 D4∪D7 pool=28 t=20
    walk 1/64 |S|=19 tri_free=True greedyα=32
    walk 2/64 |S|=20 tri_free=True greedyα=32
    walk 3/64 |S|=20 tri_free=True greedyα=23
    walk 4/64 |S|=20 tri_free=True greedyα=28
    walk 5/64 |S|=21 tri_free=True greedyα=25
    walk 6/64 |S|=20 tri_free=True greedyα=29
    walk 7/64 |S|=20 tri_free=True greedyα=31
    walk 8/64 |S|=20 orbit-dup skip
    walk 9/64 |S|=20 tri_free=True greedyα=28
    walk 10/64 |S|=20 tri_free=True greedyα=32
    walk 11/64 |S|=20 tri_free=True greedyα=28
    walk 12/64 |S|=19 tri_free=True greedyα=29
    walk 13/64 |S|=20 tri_free=True greedyα=31
    walk 14/64 |S|=20 orbit-dup skip
    walk 15/64 |S|=20 tri_free=True greedyα=31
    walk 16/64 |S|=19 tri_free=True greedyα=29
    walk 17/64 |S|=20 orbit-dup skip
    walk 18/64 |S|=19 tri_free=True greedyα=25
    walk 19/64 |S|=19 tri_free=True greedyα=30
    walk 20/64 |S|=19 tri_free=True greedyα=37
    walk 21/64 |S|=19 tri_free=True greedyα=31
    walk 22/64 |S|=19 tri_free=True greedyα=32
    walk 23/64 |S|=20 tri_free=True greedyα=28
    walk 24/64 |S|=20 tri_free=True greedyα=29
    walk 25/64 |S|=20 tri_free=True greedyα=29
    walk 26/64 |S|=19 tri_free=True greedyα=30
    walk 27/64 |S|=20 tri_free=True greedyα=27
    walk 28/64 |S|=19 tri_free=True greedyα=35
    walk 29/64 |S|=20 tri_free=True greedyα=38
    walk 30/64 |S|=20 tri_free=True greedyα=31
    walk 31/64 |S|=19 tri_free=True greedyα=32
    walk 32/64 |S|=19 tri_free=True greedyα=31
    walk 33/64 |S|=19 tri_free=True greedyα=32
    walk 34/64 |S|=20 tri_free=True greedyα=28
    walk 35/64 |S|=20 tri_free=True greedyα=25
    walk 36/64 |S|=20 orbit-dup skip
    walk 37/64 |S|=20 tri_free=True greedyα=30
    walk 38/64 |S|=19 tri_free=True greedyα=29
    walk 39/64 |S|=20 tri_free=True greedyα=32
    walk 40/64 |S|=20 tri_free=True greedyα=34
    walk 41/64 |S|=19 tri_free=True greedyα=30
    walk 42/64 |S|=20 tri_free=True greedyα=35
    walk 43/64 |S|=20 tri_free=True greedyα=34
    walk 44/64 |S|=21 tri_free=True greedyα=23
    walk 45/64 |S|=19 tri_free=True greedyα=30
    walk 46/64 |S|=19 tri_free=True greedyα=27
    walk 47/64 |S|=20 tri_free=True greedyα=30
    walk 48/64 |S|=20 tri_free=True greedyα=27
    walk 49/64 |S|=19 tri_free=True greedyα=32
    walk 50/64 |S|=20 tri_free=True greedyα=30
    walk 51/64 |S|=19 tri_free=True greedyα=36
    walk 52/64 |S|=20 tri_free=True greedyα=30
    walk 53/64 |S|=20 tri_free=True greedyα=29
    walk 54/64 |S|=20 tri_free=True greedyα=26
    walk 55/64 |S|=19 orbit-dup skip
    walk 56/64 |S|=19 tri_free=True greedyα=29
    walk 57/64 |S|=20 tri_free=True greedyα=32
    walk 58/64 |S|=20 tri_free=True greedyα=26
    walk 59/64 |S|=20 tri_free=True greedyα=27
    walk 60/64 |S|=20 tri_free=True greedyα=35
    walk 61/64 |S|=21 tri_free=True greedyα=28
    walk 62/64 |S|=20 tri_free=True greedyα=28
    walk 63/64 |S|=19 tri_free=True greedyα=29
    walk 64/64 |S|=20 tri_free=True greedyα=31
  [5c] p=281 e=10 D4∪D8 pool=28 t=20
    walk 1/64 |S|=20 tri_free=True greedyα=27
    walk 2/64 |S|=22 tri_free=True greedyα=26
    walk 3/64 |S|=20 tri_free=True greedyα=27
    walk 4/64 |S|=20 tri_free=True greedyα=27
    walk 5/64 |S|=22 tri_free=True greedyα=30
    walk 6/64 |S|=23 tri_free=True greedyα=20
    walk 7/64 |S|=21 tri_free=True greedyα=29
    walk 8/64 |S|=23 orbit-dup skip
    walk 9/64 |S|=22 tri_free=True greedyα=31
    walk 10/64 |S|=22 tri_free=True greedyα=26
    walk 11/64 |S|=22 tri_free=True greedyα=27
    walk 12/64 |S|=22 tri_free=True greedyα=26
    walk 13/64 |S|=22 tri_free=True greedyα=24
    walk 14/64 |S|=23 orbit-dup skip
    walk 15/64 |S|=21 tri_free=True greedyα=26
    walk 16/64 |S|=22 orbit-dup skip
    walk 17/64 |S|=21 tri_free=True greedyα=24
    walk 18/64 |S|=23 orbit-dup skip
    walk 19/64 |S|=20 tri_free=True greedyα=28
    walk 20/64 |S|=22 tri_free=True greedyα=27
    walk 21/64 |S|=22 tri_free=True greedyα=31
    walk 22/64 |S|=21 tri_free=True greedyα=26
    walk 23/64 |S|=22 orbit-dup skip
    walk 24/64 |S|=22 orbit-dup skip
    walk 25/64 |S|=22 tri_free=True greedyα=26
    walk 26/64 |S|=20 tri_free=True greedyα=30
    walk 27/64 |S|=22 tri_free=True greedyα=30
    walk 28/64 |S|=21 tri_free=True greedyα=24
    walk 29/64 |S|=22 orbit-dup skip
    walk 30/64 |S|=21 tri_free=True greedyα=28
    walk 31/64 |S|=23 orbit-dup skip
    walk 32/64 |S|=23 orbit-dup skip
    walk 33/64 |S|=22 orbit-dup skip
    walk 34/64 |S|=21 tri_free=True greedyα=27
    walk 35/64 |S|=21 tri_free=True greedyα=30
    walk 36/64 |S|=19 tri_free=True greedyα=27
    walk 37/64 |S|=19 tri_free=True greedyα=28
    walk 38/64 |S|=22 orbit-dup skip
    walk 39/64 |S|=22 tri_free=True greedyα=24
    walk 40/64 |S|=19 tri_free=True greedyα=29
    walk 41/64 |S|=20 tri_free=True greedyα=28
    walk 42/64 |S|=22 orbit-dup skip
    walk 43/64 |S|=22 tri_free=True greedyα=24
    walk 44/64 |S|=21 tri_free=True greedyα=28
    walk 45/64 |S|=20 tri_free=True greedyα=29
    walk 46/64 |S|=23 orbit-dup skip
    walk 47/64 |S|=22 orbit-dup skip
    walk 48/64 |S|=20 tri_free=True greedyα=26
    walk 49/64 |S|=21 orbit-dup skip
    walk 50/64 |S|=21 tri_free=True greedyα=25
    walk 51/64 |S|=22 orbit-dup skip
    walk 52/64 |S|=22 tri_free=True greedyα=22
    walk 53/64 |S|=22 tri_free=True greedyα=27
    walk 54/64 |S|=22 orbit-dup skip
    walk 55/64 |S|=23 orbit-dup skip
    walk 56/64 |S|=21 tri_free=True greedyα=27
    walk 57/64 |S|=21 tri_free=True greedyα=24
    walk 58/64 |S|=21 tri_free=True greedyα=26
    walk 59/64 |S|=23 orbit-dup skip
    walk 60/64 |S|=20 tri_free=True greedyα=28
    walk 61/64 |S|=23 orbit-dup skip
    walk 62/64 |S|=21 orbit-dup skip
    walk 63/64 |S|=23 orbit-dup skip
    walk 64/64 |S|=20 tri_free=True greedyα=28
  [5c] p=281 e=10 D4∪D9 pool=28 t=20
    walk 1/64 |S|=19 tri_free=True greedyα=29
    walk 2/64 |S|=20 tri_free=True greedyα=24
    walk 3/64 |S|=18 tri_free=True greedyα=28
    walk 4/64 |S|=19 tri_free=True greedyα=32
    walk 5/64 |S|=18 tri_free=True greedyα=31
    walk 6/64 |S|=20 tri_free=True greedyα=26
    walk 7/64 |S|=19 tri_free=True greedyα=29
    walk 8/64 |S|=19 tri_free=True greedyα=42
    walk 9/64 |S|=20 tri_free=True greedyα=29
    walk 10/64 |S|=19 tri_free=True greedyα=30
    walk 11/64 |S|=19 tri_free=True greedyα=27
    walk 12/64 |S|=19 tri_free=True greedyα=26
    walk 13/64 |S|=19 tri_free=True greedyα=26
    walk 14/64 |S|=19 tri_free=True greedyα=28
    walk 15/64 |S|=20 tri_free=True greedyα=29
    walk 16/64 |S|=19 tri_free=True greedyα=29
    walk 17/64 |S|=19 tri_free=True greedyα=32
    walk 18/64 |S|=20 tri_free=True greedyα=26
    walk 19/64 |S|=19 tri_free=True greedyα=23
    walk 20/64 |S|=19 tri_free=True greedyα=26
    walk 21/64 |S|=19 tri_free=True greedyα=38
    walk 22/64 |S|=19 tri_free=True greedyα=41
    walk 23/64 |S|=20 tri_free=True greedyα=37
    walk 24/64 |S|=20 orbit-dup skip
    walk 25/64 |S|=18 orbit-dup skip
    walk 26/64 |S|=19 tri_free=True greedyα=44
    walk 27/64 |S|=18 tri_free=True greedyα=33
    walk 28/64 |S|=20 tri_free=True greedyα=27
    walk 29/64 |S|=19 tri_free=True greedyα=25
    walk 30/64 |S|=19 tri_free=True greedyα=41
    walk 31/64 |S|=19 tri_free=True greedyα=30
    walk 32/64 |S|=20 orbit-dup skip
    walk 33/64 |S|=20 orbit-dup skip
    walk 34/64 |S|=20 tri_free=True greedyα=26
    walk 35/64 |S|=20 tri_free=True greedyα=25
    walk 36/64 |S|=20 tri_free=True greedyα=30
    walk 37/64 |S|=19 tri_free=True greedyα=37
    walk 38/64 |S|=19 tri_free=True greedyα=27
    walk 39/64 |S|=19 tri_free=True greedyα=29
    walk 40/64 |S|=19 tri_free=True greedyα=25
    walk 41/64 |S|=19 tri_free=True greedyα=33
    walk 42/64 |S|=20 tri_free=True greedyα=36
    walk 43/64 |S|=19 tri_free=True greedyα=28
    walk 44/64 |S|=19 orbit-dup skip
    walk 45/64 |S|=19 tri_free=True greedyα=35
    walk 46/64 |S|=20 tri_free=True greedyα=28
    walk 47/64 |S|=19 tri_free=True greedyα=28
    walk 48/64 |S|=19 tri_free=True greedyα=29
    walk 49/64 |S|=19 orbit-dup skip
    walk 50/64 |S|=19 tri_free=True greedyα=28
    walk 51/64 |S|=18 tri_free=True greedyα=38
    walk 52/64 |S|=19 tri_free=True greedyα=29
    walk 53/64 |S|=19 tri_free=True greedyα=29
    walk 54/64 |S|=21 tri_free=True greedyα=24
    walk 55/64 |S|=20 tri_free=True greedyα=30
    walk 56/64 |S|=20 orbit-dup skip
    walk 57/64 |S|=19 tri_free=True greedyα=26
    walk 58/64 |S|=20 orbit-dup skip
    walk 59/64 |S|=19 tri_free=True greedyα=30
    walk 60/64 |S|=19 orbit-dup skip
    walk 61/64 |S|=20 tri_free=True greedyα=25
    walk 62/64 |S|=20 tri_free=True greedyα=28
    walk 63/64 |S|=19 tri_free=True greedyα=30
    walk 64/64 |S|=19 tri_free=True greedyα=31
  [5c] p=281 e=10 D5∪D6 pool=28 t=20
    walk 1/64 |S|=28 tri_free=True greedyα=21
    walk 2/64 |S|=28 orbit-dup skip
    walk 3/64 |S|=28 orbit-dup skip
    walk 4/64 |S|=28 orbit-dup skip
    walk 5/64 |S|=28 orbit-dup skip
    walk 6/64 |S|=28 orbit-dup skip
    walk 7/64 |S|=28 orbit-dup skip
    walk 8/64 |S|=28 orbit-dup skip
    walk 9/64 |S|=28 orbit-dup skip
    walk 10/64 |S|=28 orbit-dup skip
    walk 11/64 |S|=28 orbit-dup skip
    walk 12/64 |S|=28 orbit-dup skip
    walk 13/64 |S|=28 orbit-dup skip
    walk 14/64 |S|=28 orbit-dup skip
    walk 15/64 |S|=28 orbit-dup skip
    walk 16/64 |S|=28 orbit-dup skip
    walk 17/64 |S|=28 orbit-dup skip
    walk 18/64 |S|=28 orbit-dup skip
    walk 19/64 |S|=28 orbit-dup skip
    walk 20/64 |S|=28 orbit-dup skip
    walk 21/64 |S|=28 orbit-dup skip
    walk 22/64 |S|=28 orbit-dup skip
    walk 23/64 |S|=28 orbit-dup skip
    walk 24/64 |S|=28 orbit-dup skip
    walk 25/64 |S|=28 orbit-dup skip
    walk 26/64 |S|=28 orbit-dup skip
    walk 27/64 |S|=28 orbit-dup skip
    walk 28/64 |S|=28 orbit-dup skip
    walk 29/64 |S|=28 orbit-dup skip
    walk 30/64 |S|=28 orbit-dup skip
    walk 31/64 |S|=28 orbit-dup skip
    walk 32/64 |S|=28 orbit-dup skip
    walk 33/64 |S|=28 orbit-dup skip
    walk 34/64 |S|=28 orbit-dup skip
    walk 35/64 |S|=28 orbit-dup skip
    walk 36/64 |S|=28 orbit-dup skip
    walk 37/64 |S|=28 orbit-dup skip
    walk 38/64 |S|=28 orbit-dup skip
    walk 39/64 |S|=28 orbit-dup skip
    walk 40/64 |S|=28 orbit-dup skip
    walk 41/64 |S|=28 orbit-dup skip
    walk 42/64 |S|=28 orbit-dup skip
    walk 43/64 |S|=28 orbit-dup skip
    walk 44/64 |S|=28 orbit-dup skip
    walk 45/64 |S|=28 orbit-dup skip
    walk 46/64 |S|=28 orbit-dup skip
    walk 47/64 |S|=28 orbit-dup skip
    walk 48/64 |S|=28 orbit-dup skip
    walk 49/64 |S|=28 orbit-dup skip
    walk 50/64 |S|=28 orbit-dup skip
    walk 51/64 |S|=28 orbit-dup skip
    walk 52/64 |S|=28 orbit-dup skip
    walk 53/64 |S|=28 orbit-dup skip
    walk 54/64 |S|=28 orbit-dup skip
    walk 55/64 |S|=28 orbit-dup skip
    walk 56/64 |S|=28 orbit-dup skip
    walk 57/64 |S|=28 orbit-dup skip
    walk 58/64 |S|=28 orbit-dup skip
    walk 59/64 |S|=28 orbit-dup skip
    walk 60/64 |S|=28 orbit-dup skip
    walk 61/64 |S|=28 orbit-dup skip
    walk 62/64 |S|=28 orbit-dup skip
    walk 63/64 |S|=28 orbit-dup skip
    walk 64/64 |S|=28 orbit-dup skip
  [5c] p=281 e=10 D5∪D7 pool=28 t=20
    walk 1/64 |S|=20 tri_free=True greedyα=55
    walk 2/64 |S|=18 tri_free=True greedyα=33
    walk 3/64 |S|=19 tri_free=True greedyα=28
    walk 4/64 |S|=18 tri_free=True greedyα=34
    walk 5/64 |S|=17 tri_free=True greedyα=32
    walk 6/64 |S|=18 tri_free=True greedyα=35
    walk 7/64 |S|=18 tri_free=True greedyα=33
    walk 8/64 |S|=20 tri_free=True greedyα=37
    walk 9/64 |S|=19 tri_free=True greedyα=29
    walk 10/64 |S|=19 tri_free=True greedyα=28
    walk 11/64 |S|=19 tri_free=True greedyα=45
    walk 12/64 |S|=19 tri_free=True greedyα=28
    walk 13/64 |S|=19 tri_free=True greedyα=28
    walk 14/64 |S|=19 tri_free=True greedyα=32
    walk 15/64 |S|=18 tri_free=True greedyα=33
    walk 16/64 |S|=19 tri_free=True greedyα=29
    walk 17/64 |S|=20 tri_free=True greedyα=30
    walk 18/64 |S|=19 tri_free=True greedyα=31
    walk 19/64 |S|=18 tri_free=True greedyα=32
    walk 20/64 |S|=20 tri_free=True greedyα=51
    walk 21/64 |S|=18 tri_free=True greedyα=34
    walk 22/64 |S|=18 tri_free=True greedyα=31
    walk 23/64 |S|=18 tri_free=True greedyα=37
    walk 24/64 |S|=19 tri_free=True greedyα=37
    walk 25/64 |S|=19 tri_free=True greedyα=42
    walk 26/64 |S|=20 tri_free=True greedyα=26
    walk 27/64 |S|=19 tri_free=True greedyα=32
    walk 28/64 |S|=19 tri_free=True greedyα=38
    walk 29/64 |S|=19 tri_free=True greedyα=34
    walk 30/64 |S|=20 orbit-dup skip
    walk 31/64 |S|=18 tri_free=True greedyα=29
    walk 32/64 |S|=19 tri_free=True greedyα=38
    walk 33/64 |S|=19 tri_free=True greedyα=43
    walk 34/64 |S|=20 orbit-dup skip
    walk 35/64 |S|=20 tri_free=True greedyα=63
    walk 36/64 |S|=19 tri_free=True greedyα=30
    walk 37/64 |S|=19 tri_free=True greedyα=26
    walk 38/64 |S|=17 tri_free=True greedyα=32
    walk 39/64 |S|=17 tri_free=True greedyα=39
    walk 40/64 |S|=19 tri_free=True greedyα=29
    walk 41/64 |S|=18 tri_free=True greedyα=33
    walk 42/64 |S|=19 tri_free=True greedyα=29
    walk 43/64 |S|=18 tri_free=True greedyα=38
    walk 44/64 |S|=19 tri_free=True greedyα=34
    walk 45/64 |S|=19 tri_free=True greedyα=29
    walk 46/64 |S|=20 tri_free=True greedyα=28
    walk 47/64 |S|=19 tri_free=True greedyα=47
    walk 48/64 |S|=19 tri_free=True greedyα=29
    walk 49/64 |S|=19 tri_free=True greedyα=45
    walk 50/64 |S|=19 tri_free=True greedyα=41
    walk 51/64 |S|=20 tri_free=True greedyα=33
    walk 52/64 |S|=19 tri_free=True greedyα=36
    walk 53/64 |S|=19 tri_free=True greedyα=41
    walk 54/64 |S|=18 tri_free=True greedyα=31
    walk 55/64 |S|=20 tri_free=True greedyα=32
    walk 56/64 |S|=19 tri_free=True greedyα=37
    walk 57/64 |S|=20 tri_free=True greedyα=29
    walk 58/64 |S|=18 tri_free=True greedyα=33
    walk 59/64 |S|=18 tri_free=True greedyα=33
    walk 60/64 |S|=20 tri_free=True greedyα=29
    walk 61/64 |S|=20 tri_free=True greedyα=31
    walk 62/64 |S|=19 tri_free=True greedyα=38
    walk 63/64 |S|=19 orbit-dup skip
    walk 64/64 |S|=19 tri_free=True greedyα=28
  [5c] p=281 e=10 D5∪D8 pool=28 t=20
    walk 1/64 |S|=20 tri_free=True greedyα=27
    walk 2/64 |S|=20 tri_free=True greedyα=30
    walk 3/64 |S|=20 tri_free=True greedyα=29
    walk 4/64 |S|=19 tri_free=True greedyα=31
    walk 5/64 |S|=19 tri_free=True greedyα=31
    walk 6/64 |S|=21 tri_free=True greedyα=29
    walk 7/64 |S|=19 tri_free=True greedyα=26
    walk 8/64 |S|=19 tri_free=True greedyα=30
    walk 9/64 |S|=20 tri_free=True greedyα=27
    walk 10/64 |S|=20 tri_free=True greedyα=26
    walk 11/64 |S|=21 tri_free=True greedyα=28
    walk 12/64 |S|=20 tri_free=True greedyα=36
    walk 13/64 |S|=20 tri_free=True greedyα=28
    walk 14/64 |S|=20 tri_free=True greedyα=28
    walk 15/64 |S|=20 tri_free=True greedyα=36
    walk 16/64 |S|=21 orbit-dup skip
    walk 17/64 |S|=20 tri_free=True greedyα=28
    walk 18/64 |S|=20 tri_free=True greedyα=34
    walk 19/64 |S|=19 tri_free=True greedyα=34
    walk 20/64 |S|=20 tri_free=True greedyα=34
    walk 21/64 |S|=20 tri_free=True greedyα=30
    walk 22/64 |S|=20 tri_free=True greedyα=34
    walk 23/64 |S|=20 tri_free=True greedyα=27
    walk 24/64 |S|=20 tri_free=True greedyα=26
    walk 25/64 |S|=19 tri_free=True greedyα=31
    walk 26/64 |S|=20 tri_free=True greedyα=25
    walk 27/64 |S|=21 tri_free=True greedyα=26
    walk 28/64 |S|=20 tri_free=True greedyα=30
    walk 29/64 |S|=19 tri_free=True greedyα=27
    walk 30/64 |S|=20 tri_free=True greedyα=29
    walk 31/64 |S|=20 tri_free=True greedyα=28
    walk 32/64 |S|=20 tri_free=True greedyα=29
    walk 33/64 |S|=19 tri_free=True greedyα=30
    walk 34/64 |S|=20 tri_free=True greedyα=29
    walk 35/64 |S|=20 tri_free=True greedyα=28
    walk 36/64 |S|=20 tri_free=True greedyα=40
    walk 37/64 |S|=20 orbit-dup skip
    walk 38/64 |S|=20 orbit-dup skip
    walk 39/64 |S|=19 tri_free=True greedyα=26
    walk 40/64 |S|=19 tri_free=True greedyα=33
    walk 41/64 |S|=19 tri_free=True greedyα=33
    walk 42/64 |S|=21 tri_free=True greedyα=25
    walk 43/64 |S|=21 orbit-dup skip
    walk 44/64 |S|=20 tri_free=True greedyα=27
    walk 45/64 |S|=19 tri_free=True greedyα=30
    walk 46/64 |S|=20 tri_free=True greedyα=28
    walk 47/64 |S|=21 orbit-dup skip
    walk 48/64 |S|=20 orbit-dup skip
    walk 49/64 |S|=20 orbit-dup skip
    walk 50/64 |S|=20 tri_free=True greedyα=26
    walk 51/64 |S|=20 tri_free=True greedyα=30
    walk 52/64 |S|=20 tri_free=True greedyα=32
    walk 53/64 |S|=19 tri_free=True greedyα=26
    walk 54/64 |S|=19 tri_free=True greedyα=28
    walk 55/64 |S|=20 tri_free=True greedyα=32
    walk 56/64 |S|=19 tri_free=True greedyα=31
    walk 57/64 |S|=20 orbit-dup skip
    walk 58/64 |S|=19 tri_free=True greedyα=31
    walk 59/64 |S|=19 tri_free=True greedyα=29
    walk 60/64 |S|=20 tri_free=True greedyα=34
    walk 61/64 |S|=20 tri_free=True greedyα=35
    walk 62/64 |S|=20 tri_free=True greedyα=29
    walk 63/64 |S|=19 tri_free=True greedyα=30
    walk 64/64 |S|=20 tri_free=True greedyα=29
  [5c] p=281 e=10 D5∪D9 pool=28 t=20
    walk 1/64 |S|=21 tri_free=True greedyα=25
    walk 2/64 |S|=21 tri_free=True greedyα=26
    walk 3/64 |S|=21 tri_free=True greedyα=25
    walk 4/64 |S|=21 tri_free=True greedyα=29
    walk 5/64 |S|=22 tri_free=True greedyα=26
    walk 6/64 |S|=20 tri_free=True greedyα=44
    walk 7/64 |S|=21 orbit-dup skip
    walk 8/64 |S|=22 tri_free=True greedyα=25
    walk 9/64 |S|=22 orbit-dup skip
    walk 10/64 |S|=22 tri_free=True greedyα=27
    walk 11/64 |S|=22 tri_free=True greedyα=30
    walk 12/64 |S|=21 tri_free=True greedyα=25
    walk 13/64 |S|=22 tri_free=True greedyα=25
    walk 14/64 |S|=22 tri_free=True greedyα=24
    walk 15/64 |S|=22 tri_free=True greedyα=33
    walk 16/64 |S|=21 tri_free=True greedyα=23
    walk 17/64 |S|=22 tri_free=True greedyα=30
    walk 18/64 |S|=21 tri_free=True greedyα=28
    walk 19/64 |S|=23 tri_free=True greedyα=21
    walk 20/64 |S|=22 tri_free=True greedyα=30
    walk 21/64 |S|=22 tri_free=True greedyα=24
    walk 22/64 |S|=22 tri_free=True greedyα=28
    walk 23/64 |S|=23 orbit-dup skip
    walk 24/64 |S|=20 tri_free=True greedyα=29
    walk 25/64 |S|=21 orbit-dup skip
    walk 26/64 |S|=23 orbit-dup skip
    walk 27/64 |S|=22 tri_free=True greedyα=29
    walk 28/64 |S|=21 tri_free=True greedyα=23
    walk 29/64 |S|=23 orbit-dup skip
    walk 30/64 |S|=22 orbit-dup skip
    walk 31/64 |S|=21 tri_free=True greedyα=25
    walk 32/64 |S|=22 tri_free=True greedyα=26
    walk 33/64 |S|=22 orbit-dup skip
    walk 34/64 |S|=20 tri_free=True greedyα=33
    walk 35/64 |S|=21 tri_free=True greedyα=44
    walk 36/64 |S|=22 orbit-dup skip
    walk 37/64 |S|=20 tri_free=True greedyα=29
    walk 38/64 |S|=22 orbit-dup skip
    walk 39/64 |S|=22 orbit-dup skip
    walk 40/64 |S|=22 tri_free=True greedyα=26
    walk 41/64 |S|=22 orbit-dup skip
    walk 42/64 |S|=21 tri_free=True greedyα=27
    walk 43/64 |S|=21 tri_free=True greedyα=27
    walk 44/64 |S|=19 tri_free=True greedyα=25
    walk 45/64 |S|=22 orbit-dup skip
    walk 46/64 |S|=23 orbit-dup skip
    walk 47/64 |S|=22 tri_free=True greedyα=28
    walk 48/64 |S|=20 tri_free=True greedyα=29
    walk 49/64 |S|=22 orbit-dup skip
    walk 50/64 |S|=22 orbit-dup skip
    walk 51/64 |S|=21 orbit-dup skip
    walk 52/64 |S|=22 orbit-dup skip
    walk 53/64 |S|=22 tri_free=True greedyα=29
    walk 54/64 |S|=21 orbit-dup skip
    walk 55/64 |S|=21 tri_free=True greedyα=28
    walk 56/64 |S|=23 orbit-dup skip
    walk 57/64 |S|=22 orbit-dup skip
    walk 58/64 |S|=21 orbit-dup skip
    walk 59/64 |S|=22 orbit-dup skip
    walk 60/64 |S|=23 orbit-dup skip
    walk 61/64 |S|=21 tri_free=True greedyα=32
    walk 62/64 |S|=23 orbit-dup skip
    walk 63/64 |S|=20 tri_free=True greedyα=33
    walk 64/64 |S|=23 orbit-dup skip
  [5c] p=281 e=10 D6∪D7 pool=28 t=20
    walk 1/64 |S|=28 tri_free=True greedyα=21
    walk 2/64 |S|=28 orbit-dup skip
    walk 3/64 |S|=28 orbit-dup skip
    walk 4/64 |S|=28 orbit-dup skip
    walk 5/64 |S|=28 orbit-dup skip
    walk 6/64 |S|=28 orbit-dup skip
    walk 7/64 |S|=28 orbit-dup skip
    walk 8/64 |S|=28 orbit-dup skip
    walk 9/64 |S|=28 orbit-dup skip
    walk 10/64 |S|=28 orbit-dup skip
    walk 11/64 |S|=28 orbit-dup skip
    walk 12/64 |S|=28 orbit-dup skip
    walk 13/64 |S|=28 orbit-dup skip
    walk 14/64 |S|=28 orbit-dup skip
    walk 15/64 |S|=28 orbit-dup skip
    walk 16/64 |S|=28 orbit-dup skip
    walk 17/64 |S|=28 orbit-dup skip
    walk 18/64 |S|=28 orbit-dup skip
    walk 19/64 |S|=28 orbit-dup skip
    walk 20/64 |S|=28 orbit-dup skip
    walk 21/64 |S|=28 orbit-dup skip
    walk 22/64 |S|=28 orbit-dup skip
    walk 23/64 |S|=28 orbit-dup skip
    walk 24/64 |S|=28 orbit-dup skip
    walk 25/64 |S|=28 orbit-dup skip
    walk 26/64 |S|=28 orbit-dup skip
    walk 27/64 |S|=28 orbit-dup skip
    walk 28/64 |S|=28 orbit-dup skip
    walk 29/64 |S|=28 orbit-dup skip
    walk 30/64 |S|=28 orbit-dup skip
    walk 31/64 |S|=28 orbit-dup skip
    walk 32/64 |S|=28 orbit-dup skip
    walk 33/64 |S|=28 orbit-dup skip
    walk 34/64 |S|=28 orbit-dup skip
    walk 35/64 |S|=28 orbit-dup skip
    walk 36/64 |S|=28 orbit-dup skip
    walk 37/64 |S|=28 orbit-dup skip
    walk 38/64 |S|=28 orbit-dup skip
    walk 39/64 |S|=28 orbit-dup skip
    walk 40/64 |S|=28 orbit-dup skip
    walk 41/64 |S|=28 orbit-dup skip
    walk 42/64 |S|=28 orbit-dup skip
    walk 43/64 |S|=28 orbit-dup skip
    walk 44/64 |S|=28 orbit-dup skip
    walk 45/64 |S|=28 orbit-dup skip
    walk 46/64 |S|=28 orbit-dup skip
    walk 47/64 |S|=28 orbit-dup skip
    walk 48/64 |S|=28 orbit-dup skip
    walk 49/64 |S|=28 orbit-dup skip
    walk 50/64 |S|=28 orbit-dup skip
    walk 51/64 |S|=28 orbit-dup skip
    walk 52/64 |S|=28 orbit-dup skip
    walk 53/64 |S|=28 orbit-dup skip
    walk 54/64 |S|=28 orbit-dup skip
    walk 55/64 |S|=28 orbit-dup skip
    walk 56/64 |S|=28 orbit-dup skip
    walk 57/64 |S|=28 orbit-dup skip
    walk 58/64 |S|=28 orbit-dup skip
    walk 59/64 |S|=28 orbit-dup skip
    walk 60/64 |S|=28 orbit-dup skip
    walk 61/64 |S|=28 orbit-dup skip
    walk 62/64 |S|=28 orbit-dup skip
    walk 63/64 |S|=28 orbit-dup skip
    walk 64/64 |S|=28 orbit-dup skip
  [5c] p=281 e=10 D6∪D8 pool=28 t=20
    walk 1/64 |S|=19 tri_free=True greedyα=32
    walk 2/64 |S|=19 tri_free=True greedyα=30
    walk 3/64 |S|=18 tri_free=True greedyα=37
    walk 4/64 |S|=20 tri_free=True greedyα=27
    walk 5/64 |S|=19 tri_free=True greedyα=31
    walk 6/64 |S|=20 tri_free=True greedyα=35
    walk 7/64 |S|=19 tri_free=True greedyα=39
    walk 8/64 |S|=19 tri_free=True greedyα=34
    walk 9/64 |S|=18 tri_free=True greedyα=31
    walk 10/64 |S|=18 tri_free=True greedyα=32
    walk 11/64 |S|=20 tri_free=True greedyα=37
    walk 12/64 |S|=19 tri_free=True greedyα=44
    walk 13/64 |S|=20 orbit-dup skip
    walk 14/64 |S|=18 tri_free=True greedyα=34
    walk 15/64 |S|=17 tri_free=True greedyα=35
    walk 16/64 |S|=20 tri_free=True greedyα=25
    walk 17/64 |S|=19 tri_free=True greedyα=31
    walk 18/64 |S|=20 tri_free=True greedyα=31
    walk 19/64 |S|=20 tri_free=True greedyα=29
    walk 20/64 |S|=19 tri_free=True greedyα=33
    walk 21/64 |S|=18 tri_free=True greedyα=32
    walk 22/64 |S|=19 tri_free=True greedyα=35
    walk 23/64 |S|=18 tri_free=True greedyα=38
    walk 24/64 |S|=20 tri_free=True greedyα=55
    walk 25/64 |S|=19 tri_free=True greedyα=37
    walk 26/64 |S|=18 tri_free=True greedyα=37
    walk 27/64 |S|=19 tri_free=True greedyα=35
    walk 28/64 |S|=19 tri_free=True greedyα=31
    walk 29/64 |S|=19 tri_free=True greedyα=27
    walk 30/64 |S|=19 tri_free=True greedyα=29
    walk 31/64 |S|=19 tri_free=True greedyα=36
    walk 32/64 |S|=19 tri_free=True greedyα=29
    walk 33/64 |S|=18 tri_free=True greedyα=29
    walk 34/64 |S|=19 tri_free=True greedyα=46
    walk 35/64 |S|=19 tri_free=True greedyα=43
    walk 36/64 |S|=19 tri_free=True greedyα=34
    walk 37/64 |S|=20 orbit-dup skip
    walk 38/64 |S|=17 tri_free=True greedyα=34
    walk 39/64 |S|=19 tri_free=True greedyα=33
    walk 40/64 |S|=18 tri_free=True greedyα=31
    walk 41/64 |S|=19 tri_free=True greedyα=37
    walk 42/64 |S|=19 orbit-dup skip
    walk 43/64 |S|=18 tri_free=True greedyα=30
    walk 44/64 |S|=20 orbit-dup skip
    walk 45/64 |S|=20 tri_free=True greedyα=27
    walk 46/64 |S|=18 tri_free=True greedyα=36
    walk 47/64 |S|=18 tri_free=True greedyα=35
    walk 48/64 |S|=19 tri_free=True greedyα=37
    walk 49/64 |S|=19 tri_free=True greedyα=28
    walk 50/64 |S|=20 tri_free=True greedyα=29
    walk 51/64 |S|=18 tri_free=True greedyα=30
    walk 52/64 |S|=21 tri_free=True greedyα=29
    walk 53/64 |S|=19 orbit-dup skip
    walk 54/64 |S|=19 tri_free=True greedyα=31
    walk 55/64 |S|=19 tri_free=True greedyα=28
    walk 56/64 |S|=18 tri_free=True greedyα=37
    walk 57/64 |S|=20 tri_free=True greedyα=55
    walk 58/64 |S|=20 orbit-dup skip
    walk 59/64 |S|=20 orbit-dup skip
    walk 60/64 |S|=19 tri_free=True greedyα=45
    walk 61/64 |S|=19 tri_free=True greedyα=29
    walk 62/64 |S|=20 orbit-dup skip
    walk 63/64 |S|=19 orbit-dup skip
    walk 64/64 |S|=20 orbit-dup skip
  [5c] p=281 e=10 D6∪D9 pool=28 t=20
    walk 1/64 |S|=19 tri_free=True greedyα=35
    walk 2/64 |S|=20 tri_free=True greedyα=32
    walk 3/64 |S|=20 tri_free=True greedyα=28
    walk 4/64 |S|=20 tri_free=True greedyα=28
    walk 5/64 |S|=21 tri_free=True greedyα=24
    walk 6/64 |S|=20 tri_free=True greedyα=26
    walk 7/64 |S|=20 tri_free=True greedyα=28
    walk 8/64 |S|=20 tri_free=True greedyα=36
    walk 9/64 |S|=21 tri_free=True greedyα=26
    walk 10/64 |S|=20 tri_free=True greedyα=33
    walk 11/64 |S|=20 tri_free=True greedyα=28
    walk 12/64 |S|=20 tri_free=True greedyα=30
    walk 13/64 |S|=20 tri_free=True greedyα=30
    walk 14/64 |S|=20 tri_free=True greedyα=28
    walk 15/64 |S|=20 tri_free=True greedyα=28
    walk 16/64 |S|=21 tri_free=True greedyα=31
    walk 17/64 |S|=20 tri_free=True greedyα=28
    walk 18/64 |S|=20 orbit-dup skip
    walk 19/64 |S|=19 tri_free=True greedyα=28
    walk 20/64 |S|=20 tri_free=True greedyα=26
    walk 21/64 |S|=20 tri_free=True greedyα=30
    walk 22/64 |S|=19 tri_free=True greedyα=36
    walk 23/64 |S|=20 orbit-dup skip
    walk 24/64 |S|=20 tri_free=True greedyα=30
    walk 25/64 |S|=20 tri_free=True greedyα=28
    walk 26/64 |S|=20 tri_free=True greedyα=30
    walk 27/64 |S|=21 tri_free=True greedyα=25
    walk 28/64 |S|=20 tri_free=True greedyα=32
    walk 29/64 |S|=20 tri_free=True greedyα=28
    walk 30/64 |S|=21 tri_free=True greedyα=26
    walk 31/64 |S|=19 tri_free=True greedyα=30
    walk 32/64 |S|=20 tri_free=True greedyα=29
    walk 33/64 |S|=19 tri_free=True greedyα=31
    walk 34/64 |S|=21 tri_free=True greedyα=25
    walk 35/64 |S|=20 tri_free=True greedyα=30
    walk 36/64 |S|=21 tri_free=True greedyα=28
    walk 37/64 |S|=20 orbit-dup skip
    walk 38/64 |S|=19 tri_free=True greedyα=32
    walk 39/64 |S|=19 tri_free=True greedyα=28
    walk 40/64 |S|=19 tri_free=True greedyα=35
    walk 41/64 |S|=20 tri_free=True greedyα=29
    walk 42/64 |S|=19 tri_free=True greedyα=28
    walk 43/64 |S|=19 tri_free=True greedyα=27
    walk 44/64 |S|=20 tri_free=True greedyα=31
    walk 45/64 |S|=20 tri_free=True greedyα=27
    walk 46/64 |S|=19 tri_free=True greedyα=32
    walk 47/64 |S|=19 orbit-dup skip
    walk 48/64 |S|=19 tri_free=True greedyα=28
    walk 49/64 |S|=21 tri_free=True greedyα=25
    walk 50/64 |S|=20 tri_free=True greedyα=27
    walk 51/64 |S|=20 orbit-dup skip
    walk 52/64 |S|=19 tri_free=True greedyα=28
    walk 53/64 |S|=19 tri_free=True greedyα=29
    walk 54/64 |S|=19 tri_free=True greedyα=28
    walk 55/64 |S|=19 tri_free=True greedyα=41
    walk 56/64 |S|=20 tri_free=True greedyα=25
    walk 57/64 |S|=20 orbit-dup skip
    walk 58/64 |S|=21 tri_free=True greedyα=23
    walk 59/64 |S|=20 tri_free=True greedyα=25
    walk 60/64 |S|=19 tri_free=True greedyα=29
    walk 61/64 |S|=20 tri_free=True greedyα=28
    walk 62/64 |S|=21 orbit-dup skip
    walk 63/64 |S|=19 tri_free=True greedyα=30
    walk 64/64 |S|=19 tri_free=True greedyα=33
  [5c] p=281 e=10 D7∪D8 pool=28 t=20
    walk 1/64 |S|=28 tri_free=True greedyα=20
    walk 2/64 |S|=28 orbit-dup skip
    walk 3/64 |S|=28 orbit-dup skip
    walk 4/64 |S|=28 orbit-dup skip
    walk 5/64 |S|=28 orbit-dup skip
    walk 6/64 |S|=28 orbit-dup skip
    walk 7/64 |S|=28 orbit-dup skip
    walk 8/64 |S|=28 orbit-dup skip
    walk 9/64 |S|=28 orbit-dup skip
    walk 10/64 |S|=28 orbit-dup skip
    walk 11/64 |S|=28 orbit-dup skip
    walk 12/64 |S|=28 orbit-dup skip
    walk 13/64 |S|=28 orbit-dup skip
    walk 14/64 |S|=28 orbit-dup skip
    walk 15/64 |S|=28 orbit-dup skip
    walk 16/64 |S|=28 orbit-dup skip
    walk 17/64 |S|=28 orbit-dup skip
    walk 18/64 |S|=28 orbit-dup skip
    walk 19/64 |S|=28 orbit-dup skip
    walk 20/64 |S|=28 orbit-dup skip
    walk 21/64 |S|=28 orbit-dup skip
    walk 22/64 |S|=28 orbit-dup skip
    walk 23/64 |S|=28 orbit-dup skip
    walk 24/64 |S|=28 orbit-dup skip
    walk 25/64 |S|=28 orbit-dup skip
    walk 26/64 |S|=28 orbit-dup skip
    walk 27/64 |S|=28 orbit-dup skip
    walk 28/64 |S|=28 orbit-dup skip
    walk 29/64 |S|=28 orbit-dup skip
    walk 30/64 |S|=28 orbit-dup skip
    walk 31/64 |S|=28 orbit-dup skip
    walk 32/64 |S|=28 orbit-dup skip
    walk 33/64 |S|=28 orbit-dup skip
    walk 34/64 |S|=28 orbit-dup skip
    walk 35/64 |S|=28 orbit-dup skip
    walk 36/64 |S|=28 orbit-dup skip
    walk 37/64 |S|=28 orbit-dup skip
    walk 38/64 |S|=28 orbit-dup skip
    walk 39/64 |S|=28 orbit-dup skip
    walk 40/64 |S|=28 orbit-dup skip
    walk 41/64 |S|=28 orbit-dup skip
    walk 42/64 |S|=28 orbit-dup skip
    walk 43/64 |S|=28 orbit-dup skip
    walk 44/64 |S|=28 orbit-dup skip
    walk 45/64 |S|=28 orbit-dup skip
    walk 46/64 |S|=28 orbit-dup skip
    walk 47/64 |S|=28 orbit-dup skip
    walk 48/64 |S|=28 orbit-dup skip
    walk 49/64 |S|=28 orbit-dup skip
    walk 50/64 |S|=28 orbit-dup skip
    walk 51/64 |S|=28 orbit-dup skip
    walk 52/64 |S|=28 orbit-dup skip
    walk 53/64 |S|=28 orbit-dup skip
    walk 54/64 |S|=28 orbit-dup skip
    walk 55/64 |S|=28 orbit-dup skip
    walk 56/64 |S|=28 orbit-dup skip
    walk 57/64 |S|=28 orbit-dup skip
    walk 58/64 |S|=28 orbit-dup skip
    walk 59/64 |S|=28 orbit-dup skip
    walk 60/64 |S|=28 orbit-dup skip
    walk 61/64 |S|=28 orbit-dup skip
    walk 62/64 |S|=28 orbit-dup skip
    walk 63/64 |S|=28 orbit-dup skip
    walk 64/64 |S|=28 orbit-dup skip
  [5c] p=281 e=10 D7∪D9 pool=28 t=20
    walk 1/64 |S|=20 tri_free=True greedyα=29
    walk 2/64 |S|=19 tri_free=True greedyα=27
    walk 3/64 |S|=18 tri_free=True greedyα=35
    walk 4/64 |S|=19 tri_free=True greedyα=37
    walk 5/64 |S|=20 tri_free=True greedyα=38
    walk 6/64 |S|=20 tri_free=True greedyα=31
    walk 7/64 |S|=17 tri_free=True greedyα=35
    walk 8/64 |S|=19 tri_free=True greedyα=45
    walk 9/64 |S|=19 tri_free=True greedyα=32
    walk 10/64 |S|=19 tri_free=True greedyα=32
    walk 11/64 |S|=19 tri_free=True greedyα=46
    walk 12/64 |S|=19 tri_free=True greedyα=31
    walk 13/64 |S|=20 orbit-dup skip
    walk 14/64 |S|=19 orbit-dup skip
    walk 15/64 |S|=20 tri_free=True greedyα=24
    walk 16/64 |S|=19 tri_free=True greedyα=27
    walk 17/64 |S|=19 tri_free=True greedyα=31
    walk 18/64 |S|=20 tri_free=True greedyα=31
    walk 19/64 |S|=19 tri_free=True greedyα=40
    walk 20/64 |S|=17 tri_free=True greedyα=30
    walk 21/64 |S|=18 tri_free=True greedyα=33
    walk 22/64 |S|=18 tri_free=True greedyα=32
    walk 23/64 |S|=19 tri_free=True greedyα=36
    walk 24/64 |S|=19 orbit-dup skip
    walk 25/64 |S|=20 tri_free=True greedyα=27
    walk 26/64 |S|=19 tri_free=True greedyα=29
    walk 27/64 |S|=19 tri_free=True greedyα=31
    walk 28/64 |S|=19 orbit-dup skip
    walk 29/64 |S|=18 tri_free=True greedyα=31
    walk 30/64 |S|=19 tri_free=True greedyα=31
    walk 31/64 |S|=19 tri_free=True greedyα=33
    walk 32/64 |S|=20 tri_free=True greedyα=53
    walk 33/64 |S|=17 tri_free=True greedyα=31
    walk 34/64 |S|=20 tri_free=True greedyα=33
    walk 35/64 |S|=19 tri_free=True greedyα=29
    walk 36/64 |S|=19 tri_free=True greedyα=43
    walk 37/64 |S|=20 tri_free=True greedyα=43
    walk 38/64 |S|=21 tri_free=True greedyα=29
    walk 39/64 |S|=19 tri_free=True greedyα=46
    walk 40/64 |S|=19 tri_free=True greedyα=32
    walk 41/64 |S|=18 tri_free=True greedyα=29
    walk 42/64 |S|=19 tri_free=True greedyα=32
    walk 43/64 |S|=19 tri_free=True greedyα=27
    walk 44/64 |S|=18 tri_free=True greedyα=30
    walk 45/64 |S|=19 tri_free=True greedyα=30
    walk 46/64 |S|=19 orbit-dup skip
    walk 47/64 |S|=20 orbit-dup skip
    walk 48/64 |S|=19 tri_free=True greedyα=31
    walk 49/64 |S|=19 orbit-dup skip
    walk 50/64 |S|=19 tri_free=True greedyα=26
    walk 51/64 |S|=18 tri_free=True greedyα=33
    walk 52/64 |S|=18 tri_free=True greedyα=40
    walk 53/64 |S|=20 tri_free=True greedyα=55
    walk 54/64 |S|=18 tri_free=True greedyα=34
    walk 55/64 |S|=18 tri_free=True greedyα=36
    walk 56/64 |S|=19 tri_free=True greedyα=40
    walk 57/64 |S|=18 tri_free=True greedyα=31
    walk 58/64 |S|=20 tri_free=True greedyα=33
    walk 59/64 |S|=19 orbit-dup skip
    walk 60/64 |S|=19 tri_free=True greedyα=26
    walk 61/64 |S|=20 orbit-dup skip
    walk 62/64 |S|=19 tri_free=True greedyα=30
    walk 63/64 |S|=20 orbit-dup skip
    walk 64/64 |S|=17 tri_free=True greedyα=36
  [5c] p=281 e=10 D8∪D9 pool=28 t=20
    walk 1/64 |S|=28 tri_free=True greedyα=23
    walk 2/64 |S|=28 orbit-dup skip
    walk 3/64 |S|=28 orbit-dup skip
    walk 4/64 |S|=28 orbit-dup skip
    walk 5/64 |S|=28 orbit-dup skip
    walk 6/64 |S|=28 orbit-dup skip
    walk 7/64 |S|=28 orbit-dup skip
    walk 8/64 |S|=28 orbit-dup skip
    walk 9/64 |S|=28 orbit-dup skip
    walk 10/64 |S|=28 orbit-dup skip
    walk 11/64 |S|=28 orbit-dup skip
    walk 12/64 |S|=28 orbit-dup skip
    walk 13/64 |S|=28 orbit-dup skip
    walk 14/64 |S|=28 orbit-dup skip
    walk 15/64 |S|=28 orbit-dup skip
    walk 16/64 |S|=28 orbit-dup skip
    walk 17/64 |S|=28 orbit-dup skip
    walk 18/64 |S|=28 orbit-dup skip
    walk 19/64 |S|=28 orbit-dup skip
    walk 20/64 |S|=28 orbit-dup skip
    walk 21/64 |S|=28 orbit-dup skip
    walk 22/64 |S|=28 orbit-dup skip
    walk 23/64 |S|=28 orbit-dup skip
    walk 24/64 |S|=28 orbit-dup skip
    walk 25/64 |S|=28 orbit-dup skip
    walk 26/64 |S|=28 orbit-dup skip
    walk 27/64 |S|=28 orbit-dup skip
    walk 28/64 |S|=28 orbit-dup skip
    walk 29/64 |S|=28 orbit-dup skip
    walk 30/64 |S|=28 orbit-dup skip
    walk 31/64 |S|=28 orbit-dup skip
    walk 32/64 |S|=28 orbit-dup skip
    walk 33/64 |S|=28 orbit-dup skip
    walk 34/64 |S|=28 orbit-dup skip
    walk 35/64 |S|=28 orbit-dup skip
    walk 36/64 |S|=28 orbit-dup skip
    walk 37/64 |S|=28 orbit-dup skip
    walk 38/64 |S|=28 orbit-dup skip
    walk 39/64 |S|=28 orbit-dup skip
    walk 40/64 |S|=28 orbit-dup skip
    walk 41/64 |S|=28 orbit-dup skip
    walk 42/64 |S|=28 orbit-dup skip
    walk 43/64 |S|=28 orbit-dup skip
    walk 44/64 |S|=28 orbit-dup skip
    walk 45/64 |S|=28 orbit-dup skip
    walk 46/64 |S|=28 orbit-dup skip
    walk 47/64 |S|=28 orbit-dup skip
    walk 48/64 |S|=28 orbit-dup skip
    walk 49/64 |S|=28 orbit-dup skip
    walk 50/64 |S|=28 orbit-dup skip
    walk 51/64 |S|=28 orbit-dup skip
    walk 52/64 |S|=28 orbit-dup skip
    walk 53/64 |S|=28 orbit-dup skip
    walk 54/64 |S|=28 orbit-dup skip
    walk 55/64 |S|=28 orbit-dup skip
    walk 56/64 |S|=28 orbit-dup skip
    walk 57/64 |S|=28 orbit-dup skip
    walk 58/64 |S|=28 orbit-dup skip
    walk 59/64 |S|=28 orbit-dup skip
    walk 60/64 |S|=28 orbit-dup skip
    walk 61/64 |S|=28 orbit-dup skip
    walk 62/64 |S|=28 orbit-dup skip
    walk 63/64 |S|=28 orbit-dup skip
    walk 64/64 |S|=28 orbit-dup skip
  [5c] p=311 e=5 D0∪D1 pool=62 t=20
    walk 1/64 |S|=29 tri_free=True greedyα=29
    walk 2/64 |S|=28 tri_free=True greedyα=28
    walk 3/64 |S|=30 tri_free=True greedyα=36
    walk 4/64 |S|=30 tri_free=True greedyα=27
    walk 5/64 |S|=30 tri_free=True greedyα=25
    walk 6/64 |S|=28 tri_free=True greedyα=25
    walk 7/64 |S|=26 tri_free=True greedyα=26
    walk 8/64 |S|=28 tri_free=True greedyα=30
    walk 9/64 |S|=27 tri_free=True greedyα=35
    walk 10/64 |S|=27 tri_free=True greedyα=27
    walk 11/64 |S|=30 tri_free=True greedyα=29
    walk 12/64 |S|=29 tri_free=True greedyα=33
    walk 13/64 |S|=28 tri_free=True greedyα=28
    walk 14/64 |S|=29 tri_free=True greedyα=41
    walk 15/64 |S|=29 tri_free=True greedyα=24
    walk 16/64 |S|=27 tri_free=True greedyα=25
    walk 17/64 |S|=26 tri_free=True greedyα=33
    walk 18/64 |S|=27 tri_free=True greedyα=27
    walk 19/64 |S|=29 tri_free=True greedyα=26
    walk 20/64 |S|=27 tri_free=True greedyα=25
    walk 21/64 |S|=29 tri_free=True greedyα=28
    walk 22/64 |S|=28 tri_free=True greedyα=30
    walk 23/64 |S|=28 tri_free=True greedyα=25
    walk 24/64 |S|=26 tri_free=True greedyα=26
    walk 25/64 |S|=26 tri_free=True greedyα=30
    walk 26/64 |S|=27 tri_free=True greedyα=25
    walk 27/64 |S|=30 tri_free=True greedyα=24
    walk 28/64 |S|=29 tri_free=True greedyα=32
    walk 29/64 |S|=31 tri_free=True greedyα=28
    walk 30/64 |S|=27 tri_free=True greedyα=30
    walk 31/64 |S|=31 tri_free=True greedyα=24
    walk 32/64 |S|=29 tri_free=True greedyα=26
    walk 33/64 |S|=28 tri_free=True greedyα=30
    walk 34/64 |S|=30 tri_free=True greedyα=33
    walk 35/64 |S|=27 tri_free=True greedyα=33
    walk 36/64 |S|=30 tri_free=True greedyα=27
    walk 37/64 |S|=30 tri_free=True greedyα=26
    walk 38/64 |S|=28 tri_free=True greedyα=25
    walk 39/64 |S|=28 tri_free=True greedyα=27
    walk 40/64 |S|=29 tri_free=True greedyα=28
    walk 41/64 |S|=30 tri_free=True greedyα=24
    walk 42/64 |S|=25 tri_free=True greedyα=29
    walk 43/64 |S|=30 tri_free=True greedyα=31
    walk 44/64 |S|=27 tri_free=True greedyα=31
    walk 45/64 |S|=29 tri_free=True greedyα=27
    walk 46/64 |S|=30 tri_free=True greedyα=32
    walk 47/64 |S|=31 tri_free=True greedyα=33
    walk 48/64 |S|=29 tri_free=True greedyα=34
    walk 49/64 |S|=28 tri_free=True greedyα=31
    walk 50/64 |S|=31 tri_free=True greedyα=28
    walk 51/64 |S|=28 tri_free=True greedyα=22
    walk 52/64 |S|=30 tri_free=True greedyα=29
    walk 53/64 |S|=30 tri_free=True greedyα=28
    walk 54/64 |S|=29 tri_free=True greedyα=19
    walk 55/64 |S|=28 tri_free=True greedyα=25
    walk 56/64 |S|=31 tri_free=True greedyα=46
    walk 57/64 |S|=27 tri_free=True greedyα=28
    walk 58/64 |S|=28 tri_free=True greedyα=24
    walk 59/64 |S|=26 tri_free=True greedyα=29
    walk 60/64 |S|=29 tri_free=True greedyα=25
    walk 61/64 |S|=28 tri_free=True greedyα=24
    walk 62/64 |S|=27 tri_free=True greedyα=25
    walk 63/64 |S|=26 tri_free=True greedyα=37
    walk 64/64 |S|=30 tri_free=True greedyα=38
      MIS |S|=29 greedyα=19 residual IS ≥ 19 (α(G)≥20) {'found': True, 'lower': 19, 'exact': True, 'nodes': 22, 'seconds': 0.0006405077874660492, 'timed_out': False, 'backend': 'c-decide'}
  [5c] p=311 e=5 D0∪D2 pool=62 t=20
    walk 1/64 |S|=30 tri_free=True greedyα=27
    walk 2/64 |S|=31 tri_free=True greedyα=24
    walk 3/64 |S|=33 tri_free=True greedyα=28
    walk 4/64 |S|=30 tri_free=True greedyα=32
    walk 5/64 |S|=31 tri_free=True greedyα=32
    walk 6/64 |S|=34 tri_free=True greedyα=31
    walk 7/64 |S|=30 tri_free=True greedyα=23
    walk 8/64 |S|=26 tri_free=True greedyα=26
    walk 9/64 |S|=31 tri_free=True greedyα=33
    walk 10/64 |S|=35 tri_free=True greedyα=39
    walk 11/64 |S|=30 tri_free=True greedyα=32
    walk 12/64 |S|=28 tri_free=True greedyα=29
    walk 13/64 |S|=31 tri_free=True greedyα=26
    walk 14/64 |S|=30 tri_free=True greedyα=20
    walk 15/64 |S|=30 tri_free=True greedyα=23
    walk 16/64 |S|=32 tri_free=True greedyα=25
    walk 17/64 |S|=29 tri_free=True greedyα=20
    walk 18/64 |S|=30 tri_free=True greedyα=38
    walk 19/64 |S|=30 tri_free=True greedyα=22
    walk 20/64 |S|=31 tri_free=True greedyα=28
    walk 21/64 |S|=29 tri_free=True greedyα=25
    walk 22/64 |S|=31 tri_free=True greedyα=26
    walk 23/64 |S|=30 tri_free=True greedyα=26
    walk 24/64 |S|=31 tri_free=True greedyα=32
    walk 25/64 |S|=31 tri_free=True greedyα=27
    walk 26/64 |S|=31 tri_free=True greedyα=25
    walk 27/64 |S|=29 tri_free=True greedyα=29
    walk 28/64 |S|=30 tri_free=True greedyα=26
    walk 29/64 |S|=31 tri_free=True greedyα=40
    walk 30/64 |S|=31 tri_free=True greedyα=32
    walk 31/64 |S|=34 tri_free=True greedyα=22
    walk 32/64 |S|=30 tri_free=True greedyα=22
    walk 33/64 |S|=34 tri_free=True greedyα=27
    walk 34/64 |S|=31 tri_free=True greedyα=23
    walk 35/64 |S|=28 tri_free=True greedyα=26
    walk 36/64 |S|=33 tri_free=True greedyα=27
    walk 37/64 |S|=32 tri_free=True greedyα=27
    walk 38/64 |S|=31 tri_free=True greedyα=27
    walk 39/64 |S|=30 tri_free=True greedyα=31
    walk 40/64 |S|=30 tri_free=True greedyα=32
    walk 41/64 |S|=29 tri_free=True greedyα=24
    walk 42/64 |S|=33 tri_free=True greedyα=28
    walk 43/64 |S|=32 tri_free=True greedyα=34
    walk 44/64 |S|=31 tri_free=True greedyα=21
    walk 45/64 |S|=33 tri_free=True greedyα=21
    walk 46/64 |S|=31 tri_free=True greedyα=27
    walk 47/64 |S|=29 tri_free=True greedyα=29
    walk 48/64 |S|=35 tri_free=True greedyα=31
    walk 49/64 |S|=34 tri_free=True greedyα=27
    walk 50/64 |S|=32 tri_free=True greedyα=34
    walk 51/64 |S|=31 tri_free=True greedyα=25
    walk 52/64 |S|=30 tri_free=True greedyα=26
    walk 53/64 |S|=31 tri_free=True greedyα=24
    walk 54/64 |S|=33 tri_free=True greedyα=40
    walk 55/64 |S|=33 tri_free=True greedyα=25
    walk 56/64 |S|=31 tri_free=True greedyα=23
    walk 57/64 |S|=30 tri_free=True greedyα=28
    walk 58/64 |S|=30 tri_free=True greedyα=25
    walk 59/64 |S|=32 tri_free=True greedyα=26
    walk 60/64 |S|=29 tri_free=True greedyα=32
    walk 61/64 |S|=34 tri_free=True greedyα=31
    walk 62/64 |S|=30 tri_free=True greedyα=22
    walk 63/64 |S|=32 tri_free=True greedyα=24
    walk 64/64 |S|=30 tri_free=True greedyα=32
  [5c] p=311 e=5 D0∪D3 pool=62 t=20
    walk 1/64 |S|=30 tri_free=True greedyα=27
    walk 2/64 |S|=32 tri_free=True greedyα=30
    walk 3/64 |S|=35 tri_free=True greedyα=29
    walk 4/64 |S|=31 tri_free=True greedyα=26
    walk 5/64 |S|=31 tri_free=True greedyα=29
    walk 6/64 |S|=28 tri_free=True greedyα=27
    walk 7/64 |S|=31 tri_free=True greedyα=29
    walk 8/64 |S|=30 tri_free=True greedyα=32
    walk 9/64 |S|=30 tri_free=True greedyα=29
    walk 10/64 |S|=30 tri_free=True greedyα=24
    walk 11/64 |S|=32 tri_free=True greedyα=28
    walk 12/64 |S|=31 tri_free=True greedyα=27
    walk 13/64 |S|=28 tri_free=True greedyα=29
    walk 14/64 |S|=29 tri_free=True greedyα=31
    walk 15/64 |S|=33 tri_free=True greedyα=34
    walk 16/64 |S|=32 tri_free=True greedyα=22
    walk 17/64 |S|=31 tri_free=True greedyα=24
    walk 18/64 |S|=32 tri_free=True greedyα=33
    walk 19/64 |S|=33 tri_free=True greedyα=26
    walk 20/64 |S|=29 tri_free=True greedyα=29
    walk 21/64 |S|=30 tri_free=True greedyα=20
    walk 22/64 |S|=34 tri_free=True greedyα=24
    walk 23/64 |S|=27 tri_free=True greedyα=25
    walk 24/64 |S|=31 tri_free=True greedyα=26
    walk 25/64 |S|=28 tri_free=True greedyα=26
    walk 26/64 |S|=33 tri_free=True greedyα=24
    walk 27/64 |S|=28 tri_free=True greedyα=28
    walk 28/64 |S|=31 tri_free=True greedyα=31
    walk 29/64 |S|=31 tri_free=True greedyα=29
    walk 30/64 |S|=30 tri_free=True greedyα=24
    walk 31/64 |S|=31 tri_free=True greedyα=22
    walk 32/64 |S|=30 tri_free=True greedyα=21
    walk 33/64 |S|=33 tri_free=True greedyα=58
    walk 34/64 |S|=31 tri_free=True greedyα=23
    walk 35/64 |S|=32 tri_free=True greedyα=24
    walk 36/64 |S|=34 tri_free=True greedyα=25
    walk 37/64 |S|=31 tri_free=True greedyα=32
    walk 38/64 |S|=32 tri_free=True greedyα=26
    walk 39/64 |S|=32 tri_free=True greedyα=30
    walk 40/64 |S|=31 tri_free=True greedyα=50
    walk 41/64 |S|=27 tri_free=True greedyα=29
    walk 42/64 |S|=29 tri_free=True greedyα=27
    walk 43/64 |S|=31 tri_free=True greedyα=29
    walk 44/64 |S|=29 tri_free=True greedyα=25
    walk 45/64 |S|=32 tri_free=True greedyα=25
    walk 46/64 |S|=31 tri_free=True greedyα=24
    walk 47/64 |S|=31 tri_free=True greedyα=25
    walk 48/64 |S|=30 tri_free=True greedyα=29
    walk 49/64 |S|=31 tri_free=True greedyα=23
    walk 50/64 |S|=34 tri_free=True greedyα=23
    walk 51/64 |S|=31 tri_free=True greedyα=29
    walk 52/64 |S|=30 tri_free=True greedyα=26
    walk 53/64 |S|=32 tri_free=True greedyα=24
    walk 54/64 |S|=30 tri_free=True greedyα=23
    walk 55/64 |S|=30 tri_free=True greedyα=28
    walk 56/64 |S|=31 tri_free=True greedyα=24
    walk 57/64 |S|=30 tri_free=True greedyα=26
    walk 58/64 |S|=33 tri_free=True greedyα=30
    walk 59/64 |S|=31 tri_free=True greedyα=28
    walk 60/64 |S|=32 tri_free=True greedyα=22
    walk 61/64 |S|=31 tri_free=True greedyα=24
    walk 62/64 |S|=28 tri_free=True greedyα=23
    walk 63/64 |S|=28 tri_free=True greedyα=25
    walk 64/64 |S|=33 tri_free=True greedyα=27
  [5c] p=311 e=5 D0∪D4 pool=62 t=20
    walk 1/64 |S|=28 tri_free=True greedyα=30
    walk 2/64 |S|=30 tri_free=True greedyα=25
    walk 3/64 |S|=27 tri_free=True greedyα=23
    walk 4/64 |S|=28 tri_free=True greedyα=26
    walk 5/64 |S|=30 tri_free=True greedyα=45
    walk 6/64 |S|=26 tri_free=True greedyα=27
    walk 7/64 |S|=29 tri_free=True greedyα=36
    walk 8/64 |S|=28 tri_free=True greedyα=27
    walk 9/64 |S|=28 tri_free=True greedyα=34
    walk 10/64 |S|=30 tri_free=True greedyα=24
    walk 11/64 |S|=28 tri_free=True greedyα=32
    walk 12/64 |S|=28 tri_free=True greedyα=25
    walk 13/64 |S|=29 tri_free=True greedyα=35
    walk 14/64 |S|=29 tri_free=True greedyα=33
    walk 15/64 |S|=28 tri_free=True greedyα=29
    walk 16/64 |S|=27 tri_free=True greedyα=27
    walk 17/64 |S|=25 tri_free=True greedyα=27
    walk 18/64 |S|=29 tri_free=True greedyα=29
    walk 19/64 |S|=28 tri_free=True greedyα=25
    walk 20/64 |S|=28 tri_free=True greedyα=21
    walk 21/64 |S|=28 tri_free=True greedyα=25
    walk 22/64 |S|=28 tri_free=True greedyα=35
    walk 23/64 |S|=28 tri_free=True greedyα=27
    walk 24/64 |S|=29 tri_free=True greedyα=24
    walk 25/64 |S|=29 tri_free=True greedyα=22
    walk 26/64 |S|=28 tri_free=True greedyα=33
    walk 27/64 |S|=27 tri_free=True greedyα=27
    walk 28/64 |S|=27 tri_free=True greedyα=29
    walk 29/64 |S|=29 tri_free=True greedyα=25
    walk 30/64 |S|=28 tri_free=True greedyα=26
    walk 31/64 |S|=28 tri_free=True greedyα=24
    walk 32/64 |S|=29 tri_free=True greedyα=22
    walk 33/64 |S|=27 tri_free=True greedyα=25
    walk 34/64 |S|=29 tri_free=True greedyα=29
    walk 35/64 |S|=27 tri_free=True greedyα=36
    walk 36/64 |S|=36 tri_free=True greedyα=69
    walk 37/64 |S|=29 tri_free=True greedyα=28
    walk 38/64 |S|=29 tri_free=True greedyα=31
    walk 39/64 |S|=28 tri_free=True greedyα=25
    walk 40/64 |S|=27 tri_free=True greedyα=30
    walk 41/64 |S|=28 tri_free=True greedyα=26
    walk 42/64 |S|=32 tri_free=True greedyα=55
    walk 43/64 |S|=29 tri_free=True greedyα=23
    walk 44/64 |S|=29 tri_free=True greedyα=33
    walk 45/64 |S|=31 tri_free=True greedyα=28
    walk 46/64 |S|=27 tri_free=True greedyα=30
    walk 47/64 |S|=27 tri_free=True greedyα=27
    walk 48/64 |S|=30 tri_free=True greedyα=28
    walk 49/64 |S|=29 tri_free=True greedyα=29
    walk 50/64 |S|=29 tri_free=True greedyα=28
    walk 51/64 |S|=29 tri_free=True greedyα=26
    walk 52/64 |S|=29 tri_free=True greedyα=33
    walk 53/64 |S|=28 tri_free=True greedyα=31
    walk 54/64 |S|=28 tri_free=True greedyα=36
    walk 55/64 |S|=28 tri_free=True greedyα=24
    walk 56/64 |S|=31 tri_free=True greedyα=32
    walk 57/64 |S|=36 tri_free=True greedyα=59
    walk 58/64 |S|=29 tri_free=True greedyα=27
    walk 59/64 |S|=27 tri_free=True greedyα=26
    walk 60/64 |S|=26 tri_free=True greedyα=31
    walk 61/64 |S|=26 tri_free=True greedyα=31
    walk 62/64 |S|=28 tri_free=True greedyα=31
    walk 63/64 |S|=30 tri_free=True greedyα=27
    walk 64/64 |S|=30 tri_free=True greedyα=51
  [5c] p=311 e=5 D1∪D2 pool=62 t=20
    walk 1/64 |S|=26 tri_free=True greedyα=27
    walk 2/64 |S|=28 tri_free=True greedyα=31
    walk 3/64 |S|=28 tri_free=True greedyα=27
    walk 4/64 |S|=26 tri_free=True greedyα=24
    walk 5/64 |S|=30 tri_free=True greedyα=30
    walk 6/64 |S|=30 tri_free=True greedyα=28
    walk 7/64 |S|=29 tri_free=True greedyα=31
    walk 8/64 |S|=29 tri_free=True greedyα=27
    walk 9/64 |S|=30 tri_free=True greedyα=30
    walk 10/64 |S|=29 tri_free=True greedyα=28
    walk 11/64 |S|=28 tri_free=True greedyα=27
    walk 12/64 |S|=28 tri_free=True greedyα=27
    walk 13/64 |S|=29 tri_free=True greedyα=26
    walk 14/64 |S|=25 tri_free=True greedyα=28
    walk 15/64 |S|=31 tri_free=True greedyα=24
    walk 16/64 |S|=28 tri_free=True greedyα=29
    walk 17/64 |S|=27 tri_free=True greedyα=24
    walk 18/64 |S|=28 tri_free=True greedyα=29
    walk 19/64 |S|=29 tri_free=True greedyα=30
    walk 20/64 |S|=27 tri_free=True greedyα=28
    walk 21/64 |S|=26 tri_free=True greedyα=29
    walk 22/64 |S|=28 tri_free=True greedyα=27
    walk 23/64 |S|=28 tri_free=True greedyα=31
    walk 24/64 |S|=27 tri_free=True greedyα=25
    walk 25/64 |S|=30 tri_free=True greedyα=27
    walk 26/64 |S|=29 tri_free=True greedyα=29
    walk 27/64 |S|=27 tri_free=True greedyα=32
    walk 28/64 |S|=30 tri_free=True greedyα=23
    walk 29/64 |S|=28 tri_free=True greedyα=35
    walk 30/64 |S|=25 tri_free=True greedyα=26
    walk 31/64 |S|=30 tri_free=True greedyα=25
    walk 32/64 |S|=27 tri_free=True greedyα=28
    walk 33/64 |S|=29 tri_free=True greedyα=28
    walk 34/64 |S|=28 tri_free=True greedyα=24
    walk 35/64 |S|=27 tri_free=True greedyα=26
    walk 36/64 |S|=27 tri_free=True greedyα=27
    walk 37/64 |S|=28 tri_free=True greedyα=27
    walk 38/64 |S|=30 tri_free=True greedyα=31
    walk 39/64 |S|=26 tri_free=True greedyα=38
    walk 40/64 |S|=29 tri_free=True greedyα=26
    walk 41/64 |S|=28 tri_free=True greedyα=28
    walk 42/64 |S|=28 tri_free=True greedyα=24
    walk 43/64 |S|=26 tri_free=True greedyα=23
    walk 44/64 |S|=26 tri_free=True greedyα=27
    walk 45/64 |S|=29 tri_free=True greedyα=34
    walk 46/64 |S|=30 tri_free=True greedyα=31
    walk 47/64 |S|=28 tri_free=True greedyα=35
    walk 48/64 |S|=27 tri_free=True greedyα=30
    walk 49/64 |S|=28 tri_free=True greedyα=26
    walk 50/64 |S|=26 tri_free=True greedyα=27
    walk 51/64 |S|=27 tri_free=True greedyα=30
    walk 52/64 |S|=29 tri_free=True greedyα=27
    walk 53/64 |S|=27 tri_free=True greedyα=30
    walk 54/64 |S|=29 tri_free=True greedyα=28
    walk 55/64 |S|=29 tri_free=True greedyα=24
    walk 56/64 |S|=31 tri_free=True greedyα=29
    walk 57/64 |S|=30 tri_free=True greedyα=26
    walk 58/64 |S|=31 tri_free=True greedyα=24
    walk 59/64 |S|=29 tri_free=True greedyα=24
    walk 60/64 |S|=26 tri_free=True greedyα=34
    walk 61/64 |S|=29 tri_free=True greedyα=25
    walk 62/64 |S|=26 tri_free=True greedyα=24
    walk 63/64 |S|=31 tri_free=True greedyα=29
    walk 64/64 |S|=29 tri_free=True greedyα=25
  [5c] p=311 e=5 D1∪D3 pool=62 t=20
    walk 1/64 |S|=30 tri_free=True greedyα=25
    walk 2/64 |S|=34 tri_free=True greedyα=30
    walk 3/64 |S|=28 tri_free=True greedyα=23
    walk 4/64 |S|=32 tri_free=True greedyα=22
    walk 5/64 |S|=30 tri_free=True greedyα=25
    walk 6/64 |S|=34 tri_free=True greedyα=25
    walk 7/64 |S|=31 tri_free=True greedyα=30
    walk 8/64 |S|=31 tri_free=True greedyα=26
    walk 9/64 |S|=32 tri_free=True greedyα=24
    walk 10/64 |S|=30 tri_free=True greedyα=31
    walk 11/64 |S|=31 tri_free=True greedyα=26
    walk 12/64 |S|=31 tri_free=True greedyα=22
    walk 13/64 |S|=32 tri_free=True greedyα=23
    walk 14/64 |S|=29 tri_free=True greedyα=25
    walk 15/64 |S|=29 tri_free=True greedyα=27
    walk 16/64 |S|=29 tri_free=True greedyα=26
    walk 17/64 |S|=33 tri_free=True greedyα=28
    walk 18/64 |S|=29 tri_free=True greedyα=24
    walk 19/64 |S|=32 tri_free=True greedyα=38
    walk 20/64 |S|=31 tri_free=True greedyα=34
    walk 21/64 |S|=31 tri_free=True greedyα=27
    walk 22/64 |S|=33 tri_free=True greedyα=29
    walk 23/64 |S|=31 tri_free=True greedyα=26
    walk 24/64 |S|=30 tri_free=True greedyα=23
    walk 25/64 |S|=32 tri_free=True greedyα=30
    walk 26/64 |S|=32 tri_free=True greedyα=23
    walk 27/64 |S|=30 tri_free=True greedyα=26
    walk 28/64 |S|=30 tri_free=True greedyα=27
    walk 29/64 |S|=31 tri_free=True greedyα=22
    walk 30/64 |S|=32 tri_free=True greedyα=24
    walk 31/64 |S|=30 tri_free=True greedyα=26
    walk 32/64 |S|=32 tri_free=True greedyα=31
    walk 33/64 |S|=30 tri_free=True greedyα=26
    walk 34/64 |S|=32 tri_free=True greedyα=23
    walk 35/64 |S|=31 tri_free=True greedyα=32
    walk 36/64 |S|=32 tri_free=True greedyα=26
    walk 37/64 |S|=31 tri_free=True greedyα=24
    walk 38/64 |S|=31 tri_free=True greedyα=25
    walk 39/64 |S|=31 tri_free=True greedyα=27
    walk 40/64 |S|=32 tri_free=True greedyα=26
    walk 41/64 |S|=30 tri_free=True greedyα=23
    walk 42/64 |S|=31 tri_free=True greedyα=29
    walk 43/64 |S|=28 tri_free=True greedyα=29
    walk 44/64 |S|=32 tri_free=True greedyα=23
    walk 45/64 |S|=31 tri_free=True greedyα=24
    walk 46/64 |S|=31 tri_free=True greedyα=24
    walk 47/64 |S|=30 tri_free=True greedyα=31
    walk 48/64 |S|=32 tri_free=True greedyα=23
    walk 49/64 |S|=30 tri_free=True greedyα=30
    walk 50/64 |S|=34 tri_free=True greedyα=33
    walk 51/64 |S|=30 tri_free=True greedyα=28
    walk 52/64 |S|=30 tri_free=True greedyα=28
    walk 53/64 |S|=32 tri_free=True greedyα=31
    walk 54/64 |S|=31 tri_free=True greedyα=24
    walk 55/64 |S|=29 tri_free=True greedyα=23
    walk 56/64 |S|=30 tri_free=True greedyα=25
    walk 57/64 |S|=31 tri_free=True greedyα=28
    walk 58/64 |S|=30 tri_free=True greedyα=23
    walk 59/64 |S|=31 tri_free=True greedyα=25
    walk 60/64 |S|=31 tri_free=True greedyα=29
    walk 61/64 |S|=30 tri_free=True greedyα=27
    walk 62/64 |S|=28 tri_free=True greedyα=24
    walk 63/64 |S|=31 tri_free=True greedyα=28
    walk 64/64 |S|=31 tri_free=True greedyα=25
  [5c] p=311 e=5 D1∪D4 pool=62 t=20
    walk 1/64 |S|=33 tri_free=True greedyα=35
    walk 2/64 |S|=31 tri_free=True greedyα=23
    walk 3/64 |S|=28 tri_free=True greedyα=23
    walk 4/64 |S|=35 tri_free=True greedyα=53
    walk 5/64 |S|=32 tri_free=True greedyα=27
    walk 6/64 |S|=28 tri_free=True greedyα=27
    walk 7/64 |S|=31 tri_free=True greedyα=21
    walk 8/64 |S|=29 tri_free=True greedyα=23
    walk 9/64 |S|=28 tri_free=True greedyα=26
    walk 10/64 |S|=29 tri_free=True greedyα=31
    walk 11/64 |S|=29 tri_free=True greedyα=24
    walk 12/64 |S|=30 tri_free=True greedyα=29
    walk 13/64 |S|=33 tri_free=True greedyα=31
    walk 14/64 |S|=31 tri_free=True greedyα=28
    walk 15/64 |S|=32 tri_free=True greedyα=26
    walk 16/64 |S|=32 tri_free=True greedyα=28
    walk 17/64 |S|=30 tri_free=True greedyα=26
    walk 18/64 |S|=28 tri_free=True greedyα=24
    walk 19/64 |S|=31 tri_free=True greedyα=23
    walk 20/64 |S|=31 tri_free=True greedyα=29
    walk 21/64 |S|=33 tri_free=True greedyα=21
    walk 22/64 |S|=30 tri_free=True greedyα=31
    walk 23/64 |S|=30 tri_free=True greedyα=30
    walk 24/64 |S|=29 tri_free=True greedyα=26
    walk 25/64 |S|=33 tri_free=True greedyα=28
    walk 26/64 |S|=31 tri_free=True greedyα=28
    walk 27/64 |S|=30 tri_free=True greedyα=23
    walk 28/64 |S|=36 tri_free=True greedyα=33
    walk 29/64 |S|=31 tri_free=True greedyα=27
    walk 30/64 |S|=30 tri_free=True greedyα=33
    walk 31/64 |S|=31 tri_free=True greedyα=24
    walk 32/64 |S|=30 tri_free=True greedyα=28
    walk 33/64 |S|=30 tri_free=True greedyα=27
    walk 34/64 |S|=33 tri_free=True greedyα=41
    walk 35/64 |S|=35 tri_free=True greedyα=35
    walk 36/64 |S|=31 tri_free=True greedyα=23
    walk 37/64 |S|=32 tri_free=True greedyα=25
    walk 38/64 |S|=30 tri_free=True greedyα=25
    walk 39/64 |S|=32 tri_free=True greedyα=27
    walk 40/64 |S|=32 tri_free=True greedyα=23
    walk 41/64 |S|=30 tri_free=True greedyα=25
    walk 42/64 |S|=28 tri_free=True greedyα=27
    walk 43/64 |S|=29 tri_free=True greedyα=30
    walk 44/64 |S|=30 tri_free=True greedyα=29
    walk 45/64 |S|=34 tri_free=True greedyα=24
    walk 46/64 |S|=33 tri_free=True greedyα=26
    walk 47/64 |S|=30 tri_free=True greedyα=20
    walk 48/64 |S|=32 tri_free=True greedyα=26
    walk 49/64 |S|=29 tri_free=True greedyα=28
    walk 50/64 |S|=33 tri_free=True greedyα=24
    walk 51/64 |S|=33 tri_free=True greedyα=24
    walk 52/64 |S|=31 tri_free=True greedyα=23
    walk 53/64 |S|=30 tri_free=True greedyα=29
    walk 54/64 |S|=32 tri_free=True greedyα=36
    walk 55/64 |S|=30 tri_free=True greedyα=30
    walk 56/64 |S|=30 tri_free=True greedyα=25
    walk 57/64 |S|=30 tri_free=True greedyα=33
    walk 58/64 |S|=31 tri_free=True greedyα=28
    walk 59/64 |S|=31 tri_free=True greedyα=28
    walk 60/64 |S|=33 tri_free=True greedyα=30
    walk 61/64 |S|=31 tri_free=True greedyα=23
    walk 62/64 |S|=31 tri_free=True greedyα=26
    walk 63/64 |S|=29 tri_free=True greedyα=23
    walk 64/64 |S|=29 tri_free=True greedyα=27
  [5c] p=311 e=5 D2∪D3 pool=62 t=20
    walk 1/64 |S|=30 tri_free=True greedyα=24
    walk 2/64 |S|=30 tri_free=True greedyα=34
    walk 3/64 |S|=28 tri_free=True greedyα=30
    walk 4/64 |S|=27 tri_free=True greedyα=27
    walk 5/64 |S|=25 tri_free=True greedyα=30
    walk 6/64 |S|=29 tri_free=True greedyα=29
    walk 7/64 |S|=29 tri_free=True greedyα=27
    walk 8/64 |S|=29 tri_free=True greedyα=27
    walk 9/64 |S|=29 tri_free=True greedyα=28
    walk 10/64 |S|=30 tri_free=True greedyα=28
    walk 11/64 |S|=30 tri_free=True greedyα=35
    walk 12/64 |S|=26 tri_free=True greedyα=25
    walk 13/64 |S|=28 tri_free=True greedyα=27
    walk 14/64 |S|=28 tri_free=True greedyα=31
    walk 15/64 |S|=27 tri_free=True greedyα=24
    walk 16/64 |S|=31 tri_free=True greedyα=34
    walk 17/64 |S|=30 tri_free=True greedyα=35
    walk 18/64 |S|=30 tri_free=True greedyα=27
    walk 19/64 |S|=29 tri_free=True greedyα=29
    walk 20/64 |S|=28 tri_free=True greedyα=29
    walk 21/64 |S|=27 tri_free=True greedyα=27
    walk 22/64 |S|=26 tri_free=True greedyα=26
    walk 23/64 |S|=26 tri_free=True greedyα=26
    walk 24/64 |S|=29 tri_free=True greedyα=35
    walk 25/64 |S|=30 tri_free=True greedyα=31
    walk 26/64 |S|=28 tri_free=True greedyα=27
    walk 27/64 |S|=27 tri_free=True greedyα=28
    walk 28/64 |S|=27 tri_free=True greedyα=21
    walk 29/64 |S|=26 tri_free=True greedyα=25
    walk 30/64 |S|=29 tri_free=True greedyα=22
    walk 31/64 |S|=30 tri_free=True greedyα=26
    walk 32/64 |S|=31 tri_free=True greedyα=37
    walk 33/64 |S|=29 tri_free=True greedyα=28
    walk 34/64 |S|=29 tri_free=True greedyα=25
    walk 35/64 |S|=29 tri_free=True greedyα=26
    walk 36/64 |S|=30 tri_free=True greedyα=33
    walk 37/64 |S|=28 tri_free=True greedyα=33
    walk 38/64 |S|=27 tri_free=True greedyα=29
    walk 39/64 |S|=28 tri_free=True greedyα=24
    walk 40/64 |S|=29 tri_free=True greedyα=29
    walk 41/64 |S|=28 tri_free=True greedyα=25
    walk 42/64 |S|=30 tri_free=True greedyα=45
    walk 43/64 |S|=29 tri_free=True greedyα=28
    walk 44/64 |S|=26 tri_free=True greedyα=24
    walk 45/64 |S|=29 tri_free=True greedyα=25
    walk 46/64 |S|=26 tri_free=True greedyα=26
    walk 47/64 |S|=27 tri_free=True greedyα=29
    walk 48/64 |S|=30 tri_free=True greedyα=28
    walk 49/64 |S|=29 tri_free=True greedyα=28
    walk 50/64 |S|=28 tri_free=True greedyα=24
    walk 51/64 |S|=25 tri_free=True greedyα=27
    walk 52/64 |S|=25 tri_free=True greedyα=25
    walk 53/64 |S|=29 tri_free=True greedyα=27
    walk 54/64 |S|=26 tri_free=True greedyα=28
    walk 55/64 |S|=25 tri_free=True greedyα=24
    walk 56/64 |S|=28 tri_free=True greedyα=26
    walk 57/64 |S|=30 tri_free=True greedyα=26
    walk 58/64 |S|=32 tri_free=True greedyα=35
    walk 59/64 |S|=29 tri_free=True greedyα=25
    walk 60/64 |S|=27 tri_free=True greedyα=24
    walk 61/64 |S|=27 tri_free=True greedyα=37
    walk 62/64 |S|=30 tri_free=True greedyα=32
    walk 63/64 |S|=27 tri_free=True greedyα=27
    walk 64/64 |S|=26 tri_free=True greedyα=25
  [5c] p=311 e=5 D2∪D4 pool=62 t=20
    walk 1/64 |S|=30 tri_free=True greedyα=31
    walk 2/64 |S|=33 tri_free=True greedyα=22
    walk 3/64 |S|=32 tri_free=True greedyα=42
    walk 4/64 |S|=32 tri_free=True greedyα=25
    walk 5/64 |S|=32 tri_free=True greedyα=30
    walk 6/64 |S|=35 tri_free=True greedyα=30
    walk 7/64 |S|=32 tri_free=True greedyα=19
    walk 8/64 |S|=29 tri_free=True greedyα=23
    walk 9/64 |S|=34 tri_free=True greedyα=32
    walk 10/64 |S|=32 tri_free=True greedyα=25
    walk 11/64 |S|=30 tri_free=True greedyα=22
    walk 12/64 |S|=32 tri_free=True greedyα=23
    walk 13/64 |S|=32 tri_free=True greedyα=24
    walk 14/64 |S|=31 tri_free=True greedyα=30
    walk 15/64 |S|=31 tri_free=True greedyα=36
    walk 16/64 |S|=31 tri_free=True greedyα=23
    walk 17/64 |S|=34 tri_free=True greedyα=27
    walk 18/64 |S|=31 tri_free=True greedyα=24
    walk 19/64 |S|=30 tri_free=True greedyα=33
    walk 20/64 |S|=31 tri_free=True greedyα=28
    walk 21/64 |S|=32 tri_free=True greedyα=26
    walk 22/64 |S|=30 tri_free=True greedyα=22
    walk 23/64 |S|=32 tri_free=True greedyα=25
    walk 24/64 |S|=34 tri_free=True greedyα=36
    walk 25/64 |S|=29 tri_free=True greedyα=25
    walk 26/64 |S|=28 tri_free=True greedyα=31
    walk 27/64 |S|=30 tri_free=True greedyα=24
    walk 28/64 |S|=30 tri_free=True greedyα=31
    walk 29/64 |S|=29 tri_free=True greedyα=23
    walk 30/64 |S|=33 tri_free=True greedyα=26
    walk 31/64 |S|=31 tri_free=True greedyα=24
    walk 32/64 |S|=29 tri_free=True greedyα=23
    walk 33/64 |S|=30 tri_free=True greedyα=25
    walk 34/64 |S|=30 tri_free=True greedyα=23
    walk 35/64 |S|=30 tri_free=True greedyα=28
    walk 36/64 |S|=30 tri_free=True greedyα=24
    walk 37/64 |S|=32 tri_free=True greedyα=26
    walk 38/64 |S|=33 tri_free=True greedyα=20
    walk 39/64 |S|=30 tri_free=True greedyα=22
    walk 40/64 |S|=33 tri_free=True greedyα=34
    walk 41/64 |S|=29 tri_free=True greedyα=24
    walk 42/64 |S|=31 tri_free=True greedyα=24
    walk 43/64 |S|=32 tri_free=True greedyα=42
    walk 44/64 |S|=30 tri_free=True greedyα=26
    walk 45/64 |S|=31 tri_free=True greedyα=28
    walk 46/64 |S|=31 tri_free=True greedyα=37
    walk 47/64 |S|=31 tri_free=True greedyα=34
    walk 48/64 |S|=32 tri_free=True greedyα=26
    walk 49/64 |S|=34 tri_free=True greedyα=33
    walk 50/64 |S|=31 tri_free=True greedyα=33
    walk 51/64 |S|=32 tri_free=True greedyα=33
    walk 52/64 |S|=28 tri_free=True greedyα=36
    walk 53/64 |S|=32 tri_free=True greedyα=26
    walk 54/64 |S|=33 tri_free=True greedyα=23
    walk 55/64 |S|=30 tri_free=True greedyα=24
    walk 56/64 |S|=34 tri_free=True greedyα=33
    walk 57/64 |S|=29 tri_free=True greedyα=27
    walk 58/64 |S|=29 tri_free=True greedyα=26
    walk 59/64 |S|=27 tri_free=True greedyα=33
    walk 60/64 |S|=30 tri_free=True greedyα=32
    walk 61/64 |S|=32 tri_free=True greedyα=37
    walk 62/64 |S|=31 tri_free=True greedyα=32
    walk 63/64 |S|=32 tri_free=True greedyα=29
    walk 64/64 |S|=32 tri_free=True greedyα=23
      MIS |S|=32 greedyα=19 residual IS ≥ 19 (α(G)≥20) {'found': True, 'lower': 19, 'exact': True, 'nodes': 33, 'seconds': 0.0005937553942203522, 'timed_out': False, 'backend': 'c-decide'}
  [5c] p=311 e=5 D3∪D4 pool=62 t=20
    walk 1/64 |S|=29 tri_free=True greedyα=33
    walk 2/64 |S|=29 tri_free=True greedyα=24
    walk 3/64 |S|=27 tri_free=True greedyα=27
    walk 4/64 |S|=27 tri_free=True greedyα=31
    walk 5/64 |S|=29 tri_free=True greedyα=37
    walk 6/64 |S|=28 tri_free=True greedyα=27
    walk 7/64 |S|=30 tri_free=True greedyα=26
    walk 8/64 |S|=30 tri_free=True greedyα=24
    walk 9/64 |S|=28 tri_free=True greedyα=37
    walk 10/64 |S|=26 tri_free=True greedyα=27
    walk 11/64 |S|=25 tri_free=True greedyα=30
    walk 12/64 |S|=28 tri_free=True greedyα=32
    walk 13/64 |S|=28 tri_free=True greedyα=24
    walk 14/64 |S|=29 tri_free=True greedyα=23
    walk 15/64 |S|=29 tri_free=True greedyα=23
    walk 16/64 |S|=29 tri_free=True greedyα=28
    walk 17/64 |S|=29 tri_free=True greedyα=29
    walk 18/64 |S|=30 tri_free=True greedyα=27
    walk 19/64 |S|=29 tri_free=True greedyα=28
    walk 20/64 |S|=27 tri_free=True greedyα=29
    walk 21/64 |S|=32 tri_free=True greedyα=35
    walk 22/64 |S|=29 tri_free=True greedyα=30
    walk 23/64 |S|=30 tri_free=True greedyα=23
    walk 24/64 |S|=31 tri_free=True greedyα=32
    walk 25/64 |S|=26 tri_free=True greedyα=25
    walk 26/64 |S|=30 tri_free=True greedyα=25
    walk 27/64 |S|=24 tri_free=True greedyα=27
    walk 28/64 |S|=27 tri_free=True greedyα=26
    walk 29/64 |S|=28 tri_free=True greedyα=27
    walk 30/64 |S|=28 tri_free=True greedyα=27
    walk 31/64 |S|=25 tri_free=True greedyα=31
    walk 32/64 |S|=29 tri_free=True greedyα=35
    walk 33/64 |S|=28 tri_free=True greedyα=29
    walk 34/64 |S|=28 tri_free=True greedyα=25
    walk 35/64 |S|=28 tri_free=True greedyα=31
    walk 36/64 |S|=29 tri_free=True greedyα=29
    walk 37/64 |S|=29 tri_free=True greedyα=28
    walk 38/64 |S|=30 tri_free=True greedyα=26
    walk 39/64 |S|=30 tri_free=True greedyα=31
    walk 40/64 |S|=29 tri_free=True greedyα=31
    walk 41/64 |S|=28 tri_free=True greedyα=27
    walk 42/64 |S|=30 tri_free=True greedyα=28
    walk 43/64 |S|=27 tri_free=True greedyα=29
    walk 44/64 |S|=27 tri_free=True greedyα=23
    walk 45/64 |S|=27 tri_free=True greedyα=28
    walk 46/64 |S|=28 tri_free=True greedyα=24
    walk 47/64 |S|=27 tri_free=True greedyα=26
    walk 48/64 |S|=28 tri_free=True greedyα=29
    walk 49/64 |S|=28 tri_free=True greedyα=29
    walk 50/64 |S|=28 tri_free=True greedyα=23
    walk 51/64 |S|=28 tri_free=True greedyα=28
    walk 52/64 |S|=29 tri_free=True greedyα=25
    walk 53/64 |S|=28 tri_free=True greedyα=25
    walk 54/64 |S|=28 tri_free=True greedyα=39
    walk 55/64 |S|=29 tri_free=True greedyα=43
    walk 56/64 |S|=30 tri_free=True greedyα=24
    walk 57/64 |S|=29 tri_free=True greedyα=26
    walk 58/64 |S|=28 tri_free=True greedyα=31
    walk 59/64 |S|=29 tri_free=True greedyα=25
    walk 60/64 |S|=31 tri_free=True greedyα=38
    walk 61/64 |S|=29 tri_free=True greedyα=31
    walk 62/64 |S|=28 tri_free=True greedyα=23
    walk 63/64 |S|=29 tri_free=True greedyα=24
    walk 64/64 |S|=30 tri_free=True greedyα=30
  [5c] p=313 e=4 D0∪D1 pool=78 t=20
    walk 1/64 |S|=32 tri_free=True greedyα=27
    walk 2/64 |S|=30 tri_free=True greedyα=26
    walk 3/64 |S|=28 tri_free=True greedyα=36
    walk 4/64 |S|=30 tri_free=True greedyα=24
    walk 5/64 |S|=32 tri_free=True greedyα=35
    walk 6/64 |S|=28 tri_free=True greedyα=25
    walk 7/64 |S|=32 tri_free=True greedyα=28
    walk 8/64 |S|=30 tri_free=True greedyα=21
    walk 9/64 |S|=27 tri_free=True greedyα=22
    walk 10/64 |S|=32 tri_free=True greedyα=28
    walk 11/64 |S|=34 tri_free=True greedyα=32
    walk 12/64 |S|=35 tri_free=True greedyα=40
    walk 13/64 |S|=29 tri_free=True greedyα=34
    walk 14/64 |S|=31 tri_free=True greedyα=27
    walk 15/64 |S|=32 tri_free=True greedyα=21
    walk 16/64 |S|=31 tri_free=True greedyα=24
    walk 17/64 |S|=28 tri_free=True greedyα=22
    walk 18/64 |S|=34 tri_free=True greedyα=23
    walk 19/64 |S|=36 tri_free=True greedyα=26
    walk 20/64 |S|=30 tri_free=True greedyα=21
    walk 21/64 |S|=31 tri_free=True greedyα=29
    walk 22/64 |S|=30 tri_free=True greedyα=28
    walk 23/64 |S|=30 tri_free=True greedyα=41
    walk 24/64 |S|=33 tri_free=True greedyα=33
    walk 25/64 |S|=29 tri_free=True greedyα=34
    walk 26/64 |S|=29 tri_free=True greedyα=24
    walk 27/64 |S|=31 tri_free=True greedyα=31
    walk 28/64 |S|=34 tri_free=True greedyα=37
    walk 29/64 |S|=34 tri_free=True greedyα=26
    walk 30/64 |S|=28 tri_free=True greedyα=24
    walk 31/64 |S|=40 tri_free=True greedyα=61
    walk 32/64 |S|=30 tri_free=True greedyα=25
    walk 33/64 |S|=32 tri_free=True greedyα=26
    walk 34/64 |S|=30 tri_free=True greedyα=29
    walk 35/64 |S|=32 tri_free=True greedyα=37
    walk 36/64 |S|=33 tri_free=True greedyα=42
    walk 37/64 |S|=34 tri_free=True greedyα=32
    walk 38/64 |S|=29 tri_free=True greedyα=23
    walk 39/64 |S|=33 tri_free=True greedyα=34
    walk 40/64 |S|=31 tri_free=True greedyα=33
    walk 41/64 |S|=30 tri_free=True greedyα=28
    walk 42/64 |S|=32 tri_free=True greedyα=24
    walk 43/64 |S|=28 tri_free=True greedyα=30
    walk 44/64 |S|=30 tri_free=True greedyα=22
    walk 45/64 |S|=30 tri_free=True greedyα=33
    walk 46/64 |S|=32 tri_free=True greedyα=21
    walk 47/64 |S|=31 tri_free=True greedyα=21
    walk 48/64 |S|=29 tri_free=True greedyα=24
    walk 49/64 |S|=32 tri_free=True greedyα=27
    walk 50/64 |S|=30 tri_free=True greedyα=28
    walk 51/64 |S|=35 tri_free=True greedyα=35
    walk 52/64 |S|=30 tri_free=True greedyα=25
    walk 53/64 |S|=30 tri_free=True greedyα=25
    walk 54/64 |S|=38 tri_free=True greedyα=51
    walk 55/64 |S|=31 tri_free=True greedyα=21
    walk 56/64 |S|=30 tri_free=True greedyα=27
    walk 57/64 |S|=33 tri_free=True greedyα=33
    walk 58/64 |S|=26 tri_free=True greedyα=27
    walk 59/64 |S|=31 tri_free=True greedyα=24
    walk 60/64 |S|=32 tri_free=True greedyα=23
    walk 61/64 |S|=31 tri_free=True greedyα=29
    walk 62/64 |S|=30 tri_free=True greedyα=25
    walk 63/64 |S|=28 tri_free=True greedyα=26
    walk 64/64 |S|=31 tri_free=True greedyα=27
  [5c] p=313 e=4 D0∪D2 pool=78 t=20
    walk 1/64 |S|=32 tri_free=True greedyα=37
    walk 2/64 |S|=32 tri_free=True greedyα=27
    walk 3/64 |S|=32 tri_free=True greedyα=30
    walk 4/64 |S|=29 tri_free=True greedyα=25
    walk 5/64 |S|=30 tri_free=True greedyα=21
    walk 6/64 |S|=29 tri_free=True greedyα=27
    walk 7/64 |S|=31 tri_free=True greedyα=24
    walk 8/64 |S|=31 tri_free=True greedyα=24
    walk 9/64 |S|=31 tri_free=True greedyα=22
    walk 10/64 |S|=31 tri_free=True greedyα=24
    walk 11/64 |S|=31 tri_free=True greedyα=32
    walk 12/64 |S|=27 tri_free=True greedyα=23
    walk 13/64 |S|=32 tri_free=True greedyα=26
    walk 14/64 |S|=30 tri_free=True greedyα=38
    walk 15/64 |S|=29 tri_free=True greedyα=25
    walk 16/64 |S|=31 tri_free=True greedyα=26
    walk 17/64 |S|=32 tri_free=True greedyα=39
    walk 18/64 |S|=33 tri_free=True greedyα=22
    walk 19/64 |S|=30 tri_free=True greedyα=33
    walk 20/64 |S|=30 tri_free=True greedyα=23
    walk 21/64 |S|=29 tri_free=True greedyα=30
    walk 22/64 |S|=31 tri_free=True greedyα=23
    walk 23/64 |S|=31 tri_free=True greedyα=22
    walk 24/64 |S|=30 tri_free=True greedyα=32
    walk 25/64 |S|=30 tri_free=True greedyα=25
    walk 26/64 |S|=28 tri_free=True greedyα=30
    walk 27/64 |S|=30 tri_free=True greedyα=32
    walk 28/64 |S|=31 tri_free=True greedyα=25
    walk 29/64 |S|=29 tri_free=True greedyα=24
    walk 30/64 |S|=34 tri_free=True greedyα=32
    walk 31/64 |S|=29 tri_free=True greedyα=24
    walk 32/64 |S|=31 tri_free=True greedyα=28
    walk 33/64 |S|=30 tri_free=True greedyα=28
    walk 34/64 |S|=32 tri_free=True greedyα=30
    walk 35/64 |S|=31 tri_free=True greedyα=29
    walk 36/64 |S|=31 tri_free=True greedyα=27
    walk 37/64 |S|=32 tri_free=True greedyα=24
    walk 38/64 |S|=30 tri_free=True greedyα=25
    walk 39/64 |S|=30 tri_free=True greedyα=30
    walk 40/64 |S|=30 tri_free=True greedyα=23
    walk 41/64 |S|=32 tri_free=True greedyα=26
    walk 42/64 |S|=32 tri_free=True greedyα=28
    walk 43/64 |S|=30 tri_free=True greedyα=41
    walk 44/64 |S|=28 tri_free=True greedyα=24
    walk 45/64 |S|=30 tri_free=True greedyα=26
    walk 46/64 |S|=28 tri_free=True greedyα=28
    walk 47/64 |S|=34 tri_free=True greedyα=27
    walk 48/64 |S|=29 tri_free=True greedyα=23
    walk 49/64 |S|=30 tri_free=True greedyα=26
    walk 50/64 |S|=32 tri_free=True greedyα=33
    walk 51/64 |S|=32 tri_free=True greedyα=24
    walk 52/64 |S|=30 tri_free=True greedyα=31
    walk 53/64 |S|=30 tri_free=True greedyα=24
    walk 54/64 |S|=30 tri_free=True greedyα=28
    walk 55/64 |S|=30 tri_free=True greedyα=30
    walk 56/64 |S|=35 tri_free=True greedyα=49
    walk 57/64 |S|=35 tri_free=True greedyα=41
    walk 58/64 |S|=34 tri_free=True greedyα=37
    walk 59/64 |S|=31 tri_free=True greedyα=31
    walk 60/64 |S|=33 tri_free=True greedyα=34
    walk 61/64 |S|=31 tri_free=True greedyα=36
    walk 62/64 |S|=30 tri_free=True greedyα=34
    walk 63/64 |S|=27 tri_free=True greedyα=24
    walk 64/64 |S|=30 tri_free=True greedyα=26
  [5c] p=313 e=4 D0∪D3 pool=78 t=20
    walk 1/64 |S|=28 tri_free=True greedyα=23
    walk 2/64 |S|=30 tri_free=True greedyα=34
    walk 3/64 |S|=33 tri_free=True greedyα=26
    walk 4/64 |S|=30 tri_free=True greedyα=32
    walk 5/64 |S|=33 tri_free=True greedyα=38
    walk 6/64 |S|=30 tri_free=True greedyα=23
    walk 7/64 |S|=32 tri_free=True greedyα=28
    walk 8/64 |S|=31 tri_free=True greedyα=23
    walk 9/64 |S|=31 tri_free=True greedyα=28
    walk 10/64 |S|=30 tri_free=True greedyα=26
    walk 11/64 |S|=28 tri_free=True greedyα=25
    walk 12/64 |S|=32 tri_free=True greedyα=23
    walk 13/64 |S|=33 tri_free=True greedyα=31
    walk 14/64 |S|=28 tri_free=True greedyα=27
    walk 15/64 |S|=33 tri_free=True greedyα=27
    walk 16/64 |S|=31 tri_free=True greedyα=31
    walk 17/64 |S|=33 tri_free=True greedyα=39
    walk 18/64 |S|=31 tri_free=True greedyα=24
    walk 19/64 |S|=32 tri_free=True greedyα=23
    walk 20/64 |S|=29 tri_free=True greedyα=31
    walk 21/64 |S|=30 tri_free=True greedyα=26
    walk 22/64 |S|=32 tri_free=True greedyα=42
    walk 23/64 |S|=31 tri_free=True greedyα=29
    walk 24/64 |S|=32 tri_free=True greedyα=26
    walk 25/64 |S|=31 tri_free=True greedyα=28
    walk 26/64 |S|=30 tri_free=True greedyα=26
    walk 27/64 |S|=30 tri_free=True greedyα=31
    walk 28/64 |S|=30 tri_free=True greedyα=27
    walk 29/64 |S|=29 tri_free=True greedyα=25
    walk 30/64 |S|=31 tri_free=True greedyα=22
    walk 31/64 |S|=30 tri_free=True greedyα=26
    walk 32/64 |S|=34 tri_free=True greedyα=32
    walk 33/64 |S|=27 tri_free=True greedyα=26
    walk 34/64 |S|=30 tri_free=True greedyα=30
    walk 35/64 |S|=28 tri_free=True greedyα=24
    walk 36/64 |S|=32 tri_free=True greedyα=31
    walk 37/64 |S|=32 tri_free=True greedyα=31
    walk 38/64 |S|=29 tri_free=True greedyα=25
    walk 39/64 |S|=29 tri_free=True greedyα=24
    walk 40/64 |S|=32 tri_free=True greedyα=29
    walk 41/64 |S|=32 tri_free=True greedyα=27
    walk 42/64 |S|=31 tri_free=True greedyα=24
    walk 43/64 |S|=30 tri_free=True greedyα=25
    walk 44/64 |S|=29 tri_free=True greedyα=24
    walk 45/64 |S|=30 tri_free=True greedyα=29
    walk 46/64 |S|=30 tri_free=True greedyα=31
    walk 47/64 |S|=31 tri_free=True greedyα=29
    walk 48/64 |S|=31 tri_free=True greedyα=28
    walk 49/64 |S|=31 tri_free=True greedyα=28
    walk 50/64 |S|=29 tri_free=True greedyα=28
    walk 51/64 |S|=32 tri_free=True greedyα=29
    walk 52/64 |S|=30 tri_free=True greedyα=27
    walk 53/64 |S|=30 tri_free=True greedyα=26
    walk 54/64 |S|=29 tri_free=True greedyα=26
    walk 55/64 |S|=31 tri_free=True greedyα=27
    walk 56/64 |S|=34 tri_free=True greedyα=29
    walk 57/64 |S|=28 tri_free=True greedyα=25
    walk 58/64 |S|=29 tri_free=True greedyα=25
    walk 59/64 |S|=30 tri_free=True greedyα=22
    walk 60/64 |S|=29 tri_free=True greedyα=26
    walk 61/64 |S|=29 tri_free=True greedyα=25
    walk 62/64 |S|=30 tri_free=True greedyα=27
    walk 63/64 |S|=27 tri_free=True greedyα=27
    walk 64/64 |S|=32 tri_free=True greedyα=30
  [5c] p=313 e=4 D1∪D2 pool=78 t=20
    walk 1/64 |S|=30 tri_free=True greedyα=24
    walk 2/64 |S|=31 tri_free=True greedyα=33
    walk 3/64 |S|=31 tri_free=True greedyα=32
    walk 4/64 |S|=32 tri_free=True greedyα=33
    walk 5/64 |S|=31 tri_free=True greedyα=27
    walk 6/64 |S|=32 tri_free=True greedyα=31
    walk 7/64 |S|=31 tri_free=True greedyα=29
    walk 8/64 |S|=31 tri_free=True greedyα=25
    walk 9/64 |S|=31 tri_free=True greedyα=29
    walk 10/64 |S|=32 tri_free=True greedyα=32
    walk 11/64 |S|=31 tri_free=True greedyα=24
    walk 12/64 |S|=33 tri_free=True greedyα=36
    walk 13/64 |S|=31 tri_free=True greedyα=25
    walk 14/64 |S|=30 tri_free=True greedyα=23
    walk 15/64 |S|=32 tri_free=True greedyα=30
    walk 16/64 |S|=31 tri_free=True greedyα=24
    walk 17/64 |S|=31 tri_free=True greedyα=29
    walk 18/64 |S|=30 tri_free=True greedyα=29
    walk 19/64 |S|=33 tri_free=True greedyα=27
    walk 20/64 |S|=32 tri_free=True greedyα=26
    walk 21/64 |S|=30 tri_free=True greedyα=32
    walk 22/64 |S|=30 tri_free=True greedyα=29
    walk 23/64 |S|=33 tri_free=True greedyα=32
    walk 24/64 |S|=30 tri_free=True greedyα=31
    walk 25/64 |S|=29 tri_free=True greedyα=25
    walk 26/64 |S|=31 tri_free=True greedyα=37
    walk 27/64 |S|=29 tri_free=True greedyα=33
    walk 28/64 |S|=28 tri_free=True greedyα=28
    walk 29/64 |S|=32 tri_free=True greedyα=44
    walk 30/64 |S|=28 tri_free=True greedyα=33
    walk 31/64 |S|=33 tri_free=True greedyα=36
    walk 32/64 |S|=34 tri_free=True greedyα=31
    walk 33/64 |S|=31 tri_free=True greedyα=19
    walk 34/64 |S|=31 tri_free=True greedyα=22
    walk 35/64 |S|=28 tri_free=True greedyα=27
    walk 36/64 |S|=30 tri_free=True greedyα=29
    walk 37/64 |S|=31 tri_free=True greedyα=25
    walk 38/64 |S|=29 tri_free=True greedyα=26
    walk 39/64 |S|=30 tri_free=True greedyα=31
    walk 40/64 |S|=28 tri_free=True greedyα=27
    walk 41/64 |S|=31 tri_free=True greedyα=25
    walk 42/64 |S|=32 tri_free=True greedyα=40
    walk 43/64 |S|=31 tri_free=True greedyα=26
    walk 44/64 |S|=30 tri_free=True greedyα=26
    walk 45/64 |S|=32 tri_free=True greedyα=25
    walk 46/64 |S|=28 tri_free=True greedyα=25
    walk 47/64 |S|=34 tri_free=True greedyα=34
    walk 48/64 |S|=31 tri_free=True greedyα=35
    walk 49/64 |S|=29 tri_free=True greedyα=27
    walk 50/64 |S|=28 tri_free=True greedyα=24
    walk 51/64 |S|=30 tri_free=True greedyα=22
    walk 52/64 |S|=31 tri_free=True greedyα=23
    walk 53/64 |S|=29 tri_free=True greedyα=33
    walk 54/64 |S|=32 tri_free=True greedyα=23
    walk 55/64 |S|=30 tri_free=True greedyα=29
    walk 56/64 |S|=31 tri_free=True greedyα=27
    walk 57/64 |S|=37 tri_free=True greedyα=50
    walk 58/64 |S|=30 tri_free=True greedyα=24
    walk 59/64 |S|=30 tri_free=True greedyα=25
    walk 60/64 |S|=30 tri_free=True greedyα=27
    walk 61/64 |S|=33 tri_free=True greedyα=30
    walk 62/64 |S|=30 tri_free=True greedyα=25
    walk 63/64 |S|=31 tri_free=True greedyα=24
    walk 64/64 |S|=29 tri_free=True greedyα=31
      MIS |S|=31 greedyα=19 residual IS ≥ 19 (α(G)≥20) {'found': True, 'lower': 19, 'exact': True, 'nodes': 39, 'seconds': 0.0006486326456069946, 'timed_out': False, 'backend': 'c-decide'}
  [5c] p=313 e=4 D1∪D3 pool=78 t=20
    walk 1/64 |S|=31 tri_free=True greedyα=24
    walk 2/64 |S|=30 tri_free=True greedyα=25
    walk 3/64 |S|=30 tri_free=True greedyα=29
    walk 4/64 |S|=29 tri_free=True greedyα=25
    walk 5/64 |S|=29 tri_free=True greedyα=25
    walk 6/64 |S|=33 tri_free=True greedyα=23
    walk 7/64 |S|=31 tri_free=True greedyα=39
    walk 8/64 |S|=30 tri_free=True greedyα=24
    walk 9/64 |S|=30 tri_free=True greedyα=25
    walk 10/64 |S|=34 tri_free=True greedyα=23
    walk 11/64 |S|=32 tri_free=True greedyα=27
    walk 12/64 |S|=32 tri_free=True greedyα=33
    walk 13/64 |S|=30 tri_free=True greedyα=26
    walk 14/64 |S|=29 tri_free=True greedyα=26
    walk 15/64 |S|=32 tri_free=True greedyα=29
    walk 16/64 |S|=28 tri_free=True greedyα=23
    walk 17/64 |S|=30 tri_free=True greedyα=33
    walk 18/64 |S|=32 tri_free=True greedyα=25
    walk 19/64 |S|=30 tri_free=True greedyα=23
    walk 20/64 |S|=31 tri_free=True greedyα=25
    walk 21/64 |S|=30 tri_free=True greedyα=25
    walk 22/64 |S|=30 tri_free=True greedyα=22
    walk 23/64 |S|=27 tri_free=True greedyα=28
    walk 24/64 |S|=29 tri_free=True greedyα=25
    walk 25/64 |S|=28 tri_free=True greedyα=30
    walk 26/64 |S|=31 tri_free=True greedyα=26
    walk 27/64 |S|=32 tri_free=True greedyα=23
    walk 28/64 |S|=31 tri_free=True greedyα=29
    walk 29/64 |S|=32 tri_free=True greedyα=32
    walk 30/64 |S|=30 tri_free=True greedyα=25
    walk 31/64 |S|=33 tri_free=True greedyα=34
    walk 32/64 |S|=31 tri_free=True greedyα=22
    walk 33/64 |S|=31 tri_free=True greedyα=25
    walk 34/64 |S|=29 tri_free=True greedyα=31
    walk 35/64 |S|=30 tri_free=True greedyα=31
    walk 36/64 |S|=32 tri_free=True greedyα=28
    walk 37/64 |S|=30 tri_free=True greedyα=23
    walk 38/64 |S|=31 tri_free=True greedyα=21
    walk 39/64 |S|=30 tri_free=True greedyα=23
    walk 40/64 |S|=32 tri_free=True greedyα=25
    walk 41/64 |S|=35 tri_free=True greedyα=36
    walk 42/64 |S|=29 tri_free=True greedyα=27
    walk 43/64 |S|=33 tri_free=True greedyα=28
    walk 44/64 |S|=32 tri_free=True greedyα=35
    walk 45/64 |S|=29 tri_free=True greedyα=29
    walk 46/64 |S|=31 tri_free=True greedyα=27
    walk 47/64 |S|=31 tri_free=True greedyα=28
    walk 48/64 |S|=30 tri_free=True greedyα=27
    walk 49/64 |S|=30 tri_free=True greedyα=21
    walk 50/64 |S|=30 tri_free=True greedyα=26
    walk 51/64 |S|=31 tri_free=True greedyα=25
    walk 52/64 |S|=29 tri_free=True greedyα=25
    walk 53/64 |S|=30 tri_free=True greedyα=28
    walk 54/64 |S|=29 tri_free=True greedyα=25
    walk 55/64 |S|=30 tri_free=True greedyα=34
    walk 56/64 |S|=30 tri_free=True greedyα=25
    walk 57/64 |S|=32 tri_free=True greedyα=27
    walk 58/64 |S|=31 tri_free=True greedyα=29
    walk 59/64 |S|=29 tri_free=True greedyα=22
    walk 60/64 |S|=29 tri_free=True greedyα=29
    walk 61/64 |S|=33 tri_free=True greedyα=22
    walk 62/64 |S|=30 tri_free=True greedyα=27
    walk 63/64 |S|=29 tri_free=True greedyα=26
    walk 64/64 |S|=28 tri_free=True greedyα=27
  [5c] p=313 e=4 D2∪D3 pool=78 t=20
    walk 1/64 |S|=29 tri_free=True greedyα=27
    walk 2/64 |S|=30 tri_free=True greedyα=30
    walk 3/64 |S|=29 tri_free=True greedyα=25
    walk 4/64 |S|=31 tri_free=True greedyα=28
    walk 5/64 |S|=29 tri_free=True greedyα=35
    walk 6/64 |S|=34 tri_free=True greedyα=32
    walk 7/64 |S|=31 tri_free=True greedyα=33
    walk 8/64 |S|=31 tri_free=True greedyα=25
    walk 9/64 |S|=30 tri_free=True greedyα=31
    walk 10/64 |S|=33 tri_free=True greedyα=37
    walk 11/64 |S|=31 tri_free=True greedyα=42
    walk 12/64 |S|=28 tri_free=True greedyα=25
    walk 13/64 |S|=31 tri_free=True greedyα=22
    walk 14/64 |S|=33 tri_free=True greedyα=31
    walk 15/64 |S|=30 tri_free=True greedyα=24
    walk 16/64 |S|=32 tri_free=True greedyα=27
    walk 17/64 |S|=31 tri_free=True greedyα=35
    walk 18/64 |S|=32 tri_free=True greedyα=31
    walk 19/64 |S|=30 tri_free=True greedyα=24
    walk 20/64 |S|=30 tri_free=True greedyα=23
    walk 21/64 |S|=28 tri_free=True greedyα=28
    walk 22/64 |S|=30 tri_free=True greedyα=25
    walk 23/64 |S|=32 tri_free=True greedyα=28
    walk 24/64 |S|=30 tri_free=True greedyα=37
    walk 25/64 |S|=30 tri_free=True greedyα=24
    walk 26/64 |S|=31 tri_free=True greedyα=26
    walk 27/64 |S|=29 tri_free=True greedyα=28
    walk 28/64 |S|=32 tri_free=True greedyα=26
    walk 29/64 |S|=31 tri_free=True greedyα=22
    walk 30/64 |S|=29 tri_free=True greedyα=25
    walk 31/64 |S|=27 tri_free=True greedyα=23
    walk 32/64 |S|=31 tri_free=True greedyα=26
    walk 33/64 |S|=32 tri_free=True greedyα=25
    walk 34/64 |S|=31 tri_free=True greedyα=25
    walk 35/64 |S|=30 tri_free=True greedyα=41
    walk 36/64 |S|=30 tri_free=True greedyα=28
    walk 37/64 |S|=30 tri_free=True greedyα=26
    walk 38/64 |S|=31 tri_free=True greedyα=33
    walk 39/64 |S|=28 tri_free=True greedyα=29
    walk 40/64 |S|=30 tri_free=True greedyα=25
    walk 41/64 |S|=29 tri_free=True greedyα=35
    walk 42/64 |S|=30 tri_free=True greedyα=27
    walk 43/64 |S|=30 tri_free=True greedyα=28
    walk 44/64 |S|=31 tri_free=True greedyα=26
    walk 45/64 |S|=31 tri_free=True greedyα=26
    walk 46/64 |S|=27 tri_free=True greedyα=27
    walk 47/64 |S|=30 tri_free=True greedyα=25
    walk 48/64 |S|=28 tri_free=True greedyα=24
    walk 49/64 |S|=31 tri_free=True greedyα=32
    walk 50/64 |S|=32 tri_free=True greedyα=34
    walk 51/64 |S|=29 tri_free=True greedyα=26
    walk 52/64 |S|=31 tri_free=True greedyα=30
    walk 53/64 |S|=32 tri_free=True greedyα=26
    walk 54/64 |S|=31 tri_free=True greedyα=30
    walk 55/64 |S|=33 tri_free=True greedyα=37
    walk 56/64 |S|=31 tri_free=True greedyα=27
    walk 57/64 |S|=29 tri_free=True greedyα=26
    walk 58/64 |S|=31 tri_free=True greedyα=30
    walk 59/64 |S|=31 tri_free=True greedyα=25
    walk 60/64 |S|=31 tri_free=True greedyα=32
    walk 61/64 |S|=29 tri_free=True greedyα=22
    walk 62/64 |S|=28 tri_free=True greedyα=23
    walk 63/64 |S|=31 tri_free=True greedyα=30
    walk 64/64 |S|=34 tri_free=True greedyα=31
  [5c] p=331 e=5 D0∪D1 pool=66 t=20
    walk 1/64 |S|=31 tri_free=True greedyα=30
    walk 2/64 |S|=29 tri_free=True greedyα=34
    walk 3/64 |S|=28 tri_free=True greedyα=25
    walk 4/64 |S|=30 tri_free=True greedyα=28
    walk 5/64 |S|=33 tri_free=True greedyα=35
    walk 6/64 |S|=30 tri_free=True greedyα=26
    walk 7/64 |S|=30 tri_free=True greedyα=22
    walk 8/64 |S|=30 tri_free=True greedyα=25
    walk 9/64 |S|=30 tri_free=True greedyα=25
    walk 10/64 |S|=31 tri_free=True greedyα=25
    walk 11/64 |S|=29 tri_free=True greedyα=21
    walk 12/64 |S|=29 tri_free=True greedyα=37
    walk 13/64 |S|=29 tri_free=True greedyα=29
    walk 14/64 |S|=30 tri_free=True greedyα=39
    walk 15/64 |S|=33 tri_free=True greedyα=48
    walk 16/64 |S|=28 tri_free=True greedyα=27
    walk 17/64 |S|=29 tri_free=True greedyα=26
    walk 18/64 |S|=30 tri_free=True greedyα=26
    walk 19/64 |S|=27 tri_free=True greedyα=28
    walk 20/64 |S|=30 tri_free=True greedyα=24
    walk 21/64 |S|=29 tri_free=True greedyα=28
    walk 22/64 |S|=30 tri_free=True greedyα=32
    walk 23/64 |S|=29 tri_free=True greedyα=25
    walk 24/64 |S|=29 tri_free=True greedyα=22
    walk 25/64 |S|=31 tri_free=True greedyα=26
    walk 26/64 |S|=30 tri_free=True greedyα=23
    walk 27/64 |S|=29 tri_free=True greedyα=31
    walk 28/64 |S|=29 tri_free=True greedyα=26
    walk 29/64 |S|=31 tri_free=True greedyα=28
    walk 30/64 |S|=28 tri_free=True greedyα=26
    walk 31/64 |S|=28 tri_free=True greedyα=36
    walk 32/64 |S|=28 tri_free=True greedyα=23
    walk 33/64 |S|=31 tri_free=True greedyα=25
    walk 34/64 |S|=29 tri_free=True greedyα=25
    walk 35/64 |S|=31 tri_free=True greedyα=27
    walk 36/64 |S|=31 tri_free=True greedyα=31
    walk 37/64 |S|=30 tri_free=True greedyα=32
    walk 38/64 |S|=31 tri_free=True greedyα=28
    walk 39/64 |S|=28 tri_free=True greedyα=34
    walk 40/64 |S|=29 tri_free=True greedyα=34
    walk 41/64 |S|=28 tri_free=True greedyα=27
    walk 42/64 |S|=30 tri_free=True greedyα=27
    walk 43/64 |S|=30 tri_free=True greedyα=26
    walk 44/64 |S|=29 tri_free=True greedyα=31
    walk 45/64 |S|=29 tri_free=True greedyα=31
    walk 46/64 |S|=29 tri_free=True greedyα=29
    walk 47/64 |S|=28 tri_free=True greedyα=29
    walk 48/64 |S|=30 tri_free=True greedyα=25
    walk 49/64 |S|=30 tri_free=True greedyα=36
    walk 50/64 |S|=28 tri_free=True greedyα=28
    walk 51/64 |S|=30 tri_free=True greedyα=32
    walk 52/64 |S|=28 tri_free=True greedyα=28
    walk 53/64 |S|=29 tri_free=True greedyα=25
    walk 54/64 |S|=29 tri_free=True greedyα=28
    walk 55/64 |S|=29 tri_free=True greedyα=34
    walk 56/64 |S|=29 tri_free=True greedyα=24
    walk 57/64 |S|=29 tri_free=True greedyα=30
    walk 58/64 |S|=29 tri_free=True greedyα=25
    walk 59/64 |S|=30 tri_free=True greedyα=25
    walk 60/64 |S|=33 tri_free=True greedyα=34
    walk 61/64 |S|=28 tri_free=True greedyα=30
    walk 62/64 |S|=30 tri_free=True greedyα=29
    walk 63/64 |S|=30 tri_free=True greedyα=45
    walk 64/64 |S|=31 tri_free=True greedyα=28
  [5c] p=331 e=5 D0∪D2 pool=66 t=20
    walk 1/64 |S|=30 tri_free=True greedyα=29
    walk 2/64 |S|=29 tri_free=True greedyα=26
    walk 3/64 |S|=30 tri_free=True greedyα=28
    walk 4/64 |S|=29 tri_free=True greedyα=31
    walk 5/64 |S|=30 tri_free=True greedyα=37
    walk 6/64 |S|=31 tri_free=True greedyα=21
    walk 7/64 |S|=30 tri_free=True greedyα=24
    walk 8/64 |S|=29 tri_free=True greedyα=27
    walk 9/64 |S|=29 tri_free=True greedyα=23
    walk 10/64 |S|=31 tri_free=True greedyα=26
    walk 11/64 |S|=31 tri_free=True greedyα=25
    walk 12/64 |S|=31 tri_free=True greedyα=29
    walk 13/64 |S|=30 tri_free=True greedyα=26
    walk 14/64 |S|=31 tri_free=True greedyα=35
    walk 15/64 |S|=26 tri_free=True greedyα=25
    walk 16/64 |S|=31 tri_free=True greedyα=23
    walk 17/64 |S|=30 tri_free=True greedyα=28
    walk 18/64 |S|=30 tri_free=True greedyα=48
    walk 19/64 |S|=31 tri_free=True greedyα=27
    walk 20/64 |S|=30 tri_free=True greedyα=25
    walk 21/64 |S|=31 tri_free=True greedyα=24
    walk 22/64 |S|=30 tri_free=True greedyα=24
    walk 23/64 |S|=28 tri_free=True greedyα=28
    walk 24/64 |S|=32 tri_free=True greedyα=40
    walk 25/64 |S|=31 tri_free=True greedyα=36
    walk 26/64 |S|=31 tri_free=True greedyα=23
    walk 27/64 |S|=31 tri_free=True greedyα=27
    walk 28/64 |S|=30 tri_free=True greedyα=22
    walk 29/64 |S|=32 tri_free=True greedyα=24
    walk 30/64 |S|=29 tri_free=True greedyα=35
    walk 31/64 |S|=28 tri_free=True greedyα=28
    walk 32/64 |S|=31 tri_free=True greedyα=27
    walk 33/64 |S|=31 tri_free=True greedyα=26
    walk 34/64 |S|=27 tri_free=True greedyα=32
    walk 35/64 |S|=34 tri_free=True greedyα=32
    walk 36/64 |S|=30 tri_free=True greedyα=25
    walk 37/64 |S|=31 tri_free=True greedyα=28
    walk 38/64 |S|=31 tri_free=True greedyα=34
    walk 39/64 |S|=29 tri_free=True greedyα=25
    walk 40/64 |S|=32 tri_free=True greedyα=32
    walk 41/64 |S|=31 tri_free=True greedyα=39
    walk 42/64 |S|=29 tri_free=True greedyα=24
    walk 43/64 |S|=29 tri_free=True greedyα=28
    walk 44/64 |S|=31 tri_free=True greedyα=26
    walk 45/64 |S|=29 tri_free=True greedyα=33
    walk 46/64 |S|=29 tri_free=True greedyα=28
    walk 47/64 |S|=28 tri_free=True greedyα=26
    walk 48/64 |S|=28 tri_free=True greedyα=33
    walk 49/64 |S|=28 tri_free=True greedyα=36
    walk 50/64 |S|=33 tri_free=True greedyα=28
    walk 51/64 |S|=30 tri_free=True greedyα=26
    walk 52/64 |S|=30 tri_free=True greedyα=25
    walk 53/64 |S|=29 tri_free=True greedyα=26
    walk 54/64 |S|=29 tri_free=True greedyα=28
    walk 55/64 |S|=31 tri_free=True greedyα=27
    walk 56/64 |S|=29 tri_free=True greedyα=28
    walk 57/64 |S|=31 tri_free=True greedyα=29
    walk 58/64 |S|=27 tri_free=True greedyα=24
    walk 59/64 |S|=31 tri_free=True greedyα=38
    walk 60/64 |S|=31 tri_free=True greedyα=25
    walk 61/64 |S|=30 tri_free=True greedyα=26
    walk 62/64 |S|=31 tri_free=True greedyα=24
    walk 63/64 |S|=31 tri_free=True greedyα=26
    walk 64/64 |S|=30 tri_free=True greedyα=29
  [5c] p=331 e=5 D0∪D3 pool=66 t=20
    walk 1/64 |S|=31 tri_free=True greedyα=30
    walk 2/64 |S|=28 tri_free=True greedyα=27
    walk 3/64 |S|=32 tri_free=True greedyα=28
    walk 4/64 |S|=32 tri_free=True greedyα=25
    walk 5/64 |S|=29 tri_free=True greedyα=23
    walk 6/64 |S|=31 tri_free=True greedyα=22
    walk 7/64 |S|=29 tri_free=True greedyα=32
    walk 8/64 |S|=29 tri_free=True greedyα=30
    walk 9/64 |S|=29 tri_free=True greedyα=25
    walk 10/64 |S|=31 tri_free=True greedyα=32
    walk 11/64 |S|=30 tri_free=True greedyα=25
    walk 12/64 |S|=30 tri_free=True greedyα=42
    walk 13/64 |S|=32 tri_free=True greedyα=25
    walk 14/64 |S|=28 tri_free=True greedyα=26
    walk 15/64 |S|=31 tri_free=True greedyα=28
    walk 16/64 |S|=30 tri_free=True greedyα=28
    walk 17/64 |S|=29 tri_free=True greedyα=25
    walk 18/64 |S|=32 tri_free=True greedyα=27
    walk 19/64 |S|=32 tri_free=True greedyα=24
    walk 20/64 |S|=32 tri_free=True greedyα=35
    walk 21/64 |S|=28 tri_free=True greedyα=25
    walk 22/64 |S|=32 tri_free=True greedyα=38
    walk 23/64 |S|=28 tri_free=True greedyα=34
    walk 24/64 |S|=29 tri_free=True greedyα=40
    walk 25/64 |S|=31 tri_free=True greedyα=27
    walk 26/64 |S|=29 tri_free=True greedyα=30
    walk 27/64 |S|=29 tri_free=True greedyα=29
    walk 28/64 |S|=32 tri_free=True greedyα=41
    walk 29/64 |S|=28 tri_free=True greedyα=32
    walk 30/64 |S|=31 tri_free=True greedyα=33
    walk 31/64 |S|=30 tri_free=True greedyα=29
    walk 32/64 |S|=27 tri_free=True greedyα=27
    walk 33/64 |S|=31 tri_free=True greedyα=28
    walk 34/64 |S|=32 tri_free=True greedyα=24
    walk 35/64 |S|=30 tri_free=True greedyα=30
    walk 36/64 |S|=29 tri_free=True greedyα=23
    walk 37/64 |S|=30 tri_free=True greedyα=25
    walk 38/64 |S|=31 tri_free=True greedyα=31
    walk 39/64 |S|=29 tri_free=True greedyα=27
    walk 40/64 |S|=28 tri_free=True greedyα=25
    walk 41/64 |S|=27 tri_free=True greedyα=26
    walk 42/64 |S|=30 tri_free=True greedyα=25
    walk 43/64 |S|=28 tri_free=True greedyα=24
    walk 44/64 |S|=32 tri_free=True greedyα=39
    walk 45/64 |S|=32 tri_free=True greedyα=32
    walk 46/64 |S|=28 tri_free=True greedyα=29
    walk 47/64 |S|=30 tri_free=True greedyα=28
    walk 48/64 |S|=31 tri_free=True greedyα=26
    walk 49/64 |S|=33 tri_free=True greedyα=26
    walk 50/64 |S|=30 tri_free=True greedyα=28
    walk 51/64 |S|=33 tri_free=True greedyα=35
    walk 52/64 |S|=30 tri_free=True greedyα=27
    walk 53/64 |S|=29 tri_free=True greedyα=41
    walk 54/64 |S|=31 tri_free=True greedyα=31
    walk 55/64 |S|=28 tri_free=True greedyα=26
    walk 56/64 |S|=32 tri_free=True greedyα=37
    walk 57/64 |S|=32 tri_free=True greedyα=30
    walk 58/64 |S|=29 tri_free=True greedyα=33
    walk 59/64 |S|=32 tri_free=True greedyα=52
    walk 60/64 |S|=29 tri_free=True greedyα=26
    walk 61/64 |S|=29 tri_free=True greedyα=26
    walk 62/64 |S|=28 tri_free=True greedyα=24
    walk 63/64 |S|=30 tri_free=True greedyα=26
    walk 64/64 |S|=32 tri_free=True greedyα=32
  [5c] p=331 e=5 D0∪D4 pool=66 t=20
    walk 1/64 |S|=29 tri_free=True greedyα=27
    walk 2/64 |S|=33 tri_free=True greedyα=39
    walk 3/64 |S|=29 tri_free=True greedyα=33
    walk 4/64 |S|=29 tri_free=True greedyα=26
    walk 5/64 |S|=30 tri_free=True greedyα=23
    walk 6/64 |S|=29 tri_free=True greedyα=32
    walk 7/64 |S|=28 tri_free=True greedyα=26
    walk 8/64 |S|=31 tri_free=True greedyα=32
    walk 9/64 |S|=31 tri_free=True greedyα=38
    walk 10/64 |S|=29 tri_free=True greedyα=32
    walk 11/64 |S|=29 tri_free=True greedyα=25
    walk 12/64 |S|=28 tri_free=True greedyα=25
    walk 13/64 |S|=28 tri_free=True greedyα=38
    walk 14/64 |S|=28 tri_free=True greedyα=28
    walk 15/64 |S|=28 tri_free=True greedyα=28
    walk 16/64 |S|=29 tri_free=True greedyα=29
    walk 17/64 |S|=31 tri_free=True greedyα=24
    walk 18/64 |S|=31 tri_free=True greedyα=27
    walk 19/64 |S|=26 tri_free=True greedyα=31
    walk 20/64 |S|=27 tri_free=True greedyα=30
    walk 21/64 |S|=29 tri_free=True greedyα=33
    walk 22/64 |S|=29 tri_free=True greedyα=28
    walk 23/64 |S|=29 tri_free=True greedyα=23
    walk 24/64 |S|=29 tri_free=True greedyα=25
    walk 25/64 |S|=29 tri_free=True greedyα=33
    walk 26/64 |S|=30 tri_free=True greedyα=28
    walk 27/64 |S|=30 tri_free=True greedyα=25
    walk 28/64 |S|=31 tri_free=True greedyα=34
    walk 29/64 |S|=29 tri_free=True greedyα=38
    walk 30/64 |S|=30 tri_free=True greedyα=30
    walk 31/64 |S|=29 tri_free=True greedyα=31
    walk 32/64 |S|=29 tri_free=True greedyα=32
    walk 33/64 |S|=30 tri_free=True greedyα=33
    walk 34/64 |S|=27 tri_free=True greedyα=29
    walk 35/64 |S|=28 tri_free=True greedyα=29
    walk 36/64 |S|=28 tri_free=True greedyα=27
    walk 37/64 |S|=28 tri_free=True greedyα=32
    walk 38/64 |S|=30 tri_free=True greedyα=26
    walk 39/64 |S|=30 tri_free=True greedyα=28
    walk 40/64 |S|=28 tri_free=True greedyα=32
    walk 41/64 |S|=29 tri_free=True greedyα=25
    walk 42/64 |S|=29 tri_free=True greedyα=33
    walk 43/64 |S|=28 tri_free=True greedyα=31
    walk 44/64 |S|=29 tri_free=True greedyα=37
    walk 45/64 |S|=29 tri_free=True greedyα=26
    walk 46/64 |S|=31 tri_free=True greedyα=29
    walk 47/64 |S|=29 tri_free=True greedyα=31
    walk 48/64 |S|=29 tri_free=True greedyα=30
    walk 49/64 |S|=31 tri_free=True greedyα=32
    walk 50/64 |S|=28 tri_free=True greedyα=29
    walk 51/64 |S|=31 tri_free=True greedyα=24
    walk 52/64 |S|=31 tri_free=True greedyα=29
    walk 53/64 |S|=27 tri_free=True greedyα=29
    walk 54/64 |S|=30 tri_free=True greedyα=33
    walk 55/64 |S|=30 tri_free=True greedyα=29
    walk 56/64 |S|=30 tri_free=True greedyα=31
    walk 57/64 |S|=29 tri_free=True greedyα=30
    walk 58/64 |S|=28 tri_free=True greedyα=29
    walk 59/64 |S|=31 tri_free=True greedyα=22
    walk 60/64 |S|=29 tri_free=True greedyα=39
    walk 61/64 |S|=28 tri_free=True greedyα=26
    walk 62/64 |S|=29 tri_free=True greedyα=35
    walk 63/64 |S|=29 tri_free=True greedyα=29
    walk 64/64 |S|=32 tri_free=True greedyα=35
  [5c] p=331 e=5 D1∪D2 pool=66 t=20
    walk 1/64 |S|=30 tri_free=True greedyα=30
    walk 2/64 |S|=28 tri_free=True greedyα=30
    walk 3/64 |S|=28 tri_free=True greedyα=26
    walk 4/64 |S|=29 tri_free=True greedyα=24
    walk 5/64 |S|=29 tri_free=True greedyα=27
    walk 6/64 |S|=29 tri_free=True greedyα=35
    walk 7/64 |S|=31 tri_free=True greedyα=27
    walk 8/64 |S|=33 tri_free=True greedyα=42
    walk 9/64 |S|=29 tri_free=True greedyα=24
    walk 10/64 |S|=30 tri_free=True greedyα=29
    walk 11/64 |S|=28 tri_free=True greedyα=25
    walk 12/64 |S|=31 tri_free=True greedyα=35
    walk 13/64 |S|=29 tri_free=True greedyα=32
    walk 14/64 |S|=26 tri_free=True greedyα=26
    walk 15/64 |S|=29 tri_free=True greedyα=27
    walk 16/64 |S|=29 tri_free=True greedyα=27
    walk 17/64 |S|=31 tri_free=True greedyα=29
    walk 18/64 |S|=27 tri_free=True greedyα=27
    walk 19/64 |S|=30 tri_free=True greedyα=28
    walk 20/64 |S|=31 tri_free=True greedyα=44
    walk 21/64 |S|=30 tri_free=True greedyα=27
    walk 22/64 |S|=31 tri_free=True greedyα=31
    walk 23/64 |S|=29 tri_free=True greedyα=34
    walk 24/64 |S|=30 tri_free=True greedyα=28
    walk 25/64 |S|=28 tri_free=True greedyα=27
    walk 26/64 |S|=29 tri_free=True greedyα=30
    walk 27/64 |S|=30 tri_free=True greedyα=48
    walk 28/64 |S|=27 tri_free=True greedyα=30
    walk 29/64 |S|=31 tri_free=True greedyα=32
    walk 30/64 |S|=26 tri_free=True greedyα=32
    walk 31/64 |S|=28 tri_free=True greedyα=28
    walk 32/64 |S|=32 tri_free=True greedyα=31
    walk 33/64 |S|=30 tri_free=True greedyα=30
    walk 34/64 |S|=28 tri_free=True greedyα=26
    walk 35/64 |S|=29 tri_free=True greedyα=28
    walk 36/64 |S|=27 tri_free=True greedyα=28
    walk 37/64 |S|=29 tri_free=True greedyα=30
    walk 38/64 |S|=29 tri_free=True greedyα=26
    walk 39/64 |S|=32 tri_free=True greedyα=25
    walk 40/64 |S|=28 tri_free=True greedyα=32
    walk 41/64 |S|=30 tri_free=True greedyα=26
    walk 42/64 |S|=29 tri_free=True greedyα=29
    walk 43/64 |S|=30 tri_free=True greedyα=25
    walk 44/64 |S|=32 tri_free=True greedyα=28
    walk 45/64 |S|=28 tri_free=True greedyα=32
    walk 46/64 |S|=31 tri_free=True greedyα=43
    walk 47/64 |S|=30 tri_free=True greedyα=34
    walk 48/64 |S|=30 tri_free=True greedyα=26
    walk 49/64 |S|=29 tri_free=True greedyα=24
    walk 50/64 |S|=30 tri_free=True greedyα=35
    walk 51/64 |S|=30 tri_free=True greedyα=25
    walk 52/64 |S|=29 tri_free=True greedyα=23
    walk 53/64 |S|=30 tri_free=True greedyα=32
    walk 54/64 |S|=31 tri_free=True greedyα=23
    walk 55/64 |S|=30 tri_free=True greedyα=29
    walk 56/64 |S|=28 tri_free=True greedyα=26
    walk 57/64 |S|=30 tri_free=True greedyα=28
    walk 58/64 |S|=30 tri_free=True greedyα=32
    walk 59/64 |S|=28 tri_free=True greedyα=30
    walk 60/64 |S|=30 tri_free=True greedyα=39
    walk 61/64 |S|=30 tri_free=True greedyα=29
    walk 62/64 |S|=31 tri_free=True greedyα=26
    walk 63/64 |S|=29 tri_free=True greedyα=27
    walk 64/64 |S|=30 tri_free=True greedyα=25
  [5c] p=331 e=5 D1∪D3 pool=66 t=20
    walk 1/64 |S|=31 tri_free=True greedyα=26
    walk 2/64 |S|=28 tri_free=True greedyα=27
    walk 3/64 |S|=32 tri_free=True greedyα=23
    walk 4/64 |S|=28 tri_free=True greedyα=26
    walk 5/64 |S|=31 tri_free=True greedyα=28
    walk 6/64 |S|=31 tri_free=True greedyα=31
    walk 7/64 |S|=31 tri_free=True greedyα=31
    walk 8/64 |S|=30 tri_free=True greedyα=29
    walk 9/64 |S|=28 tri_free=True greedyα=31
    walk 10/64 |S|=27 tri_free=True greedyα=31
    walk 11/64 |S|=31 tri_free=True greedyα=25
    walk 12/64 |S|=29 tri_free=True greedyα=30
    walk 13/64 |S|=29 tri_free=True greedyα=25
    walk 14/64 |S|=30 tri_free=True greedyα=27
    walk 15/64 |S|=33 tri_free=True greedyα=41
    walk 16/64 |S|=31 tri_free=True greedyα=34
    walk 17/64 |S|=29 tri_free=True greedyα=35
    walk 18/64 |S|=28 tri_free=True greedyα=22
    walk 19/64 |S|=29 tri_free=True greedyα=31
    walk 20/64 |S|=32 tri_free=True greedyα=25
    walk 21/64 |S|=29 tri_free=True greedyα=25
    walk 22/64 |S|=31 tri_free=True greedyα=28
    walk 23/64 |S|=29 tri_free=True greedyα=31
    walk 24/64 |S|=30 tri_free=True greedyα=25
    walk 25/64 |S|=31 tri_free=True greedyα=37
    walk 26/64 |S|=33 tri_free=True greedyα=34
    walk 27/64 |S|=32 tri_free=True greedyα=32
    walk 28/64 |S|=29 tri_free=True greedyα=28
    walk 29/64 |S|=30 tri_free=True greedyα=35
    walk 30/64 |S|=33 tri_free=True greedyα=32
    walk 31/64 |S|=29 tri_free=True greedyα=34
    walk 32/64 |S|=30 tri_free=True greedyα=25
    walk 33/64 |S|=30 tri_free=True greedyα=30
    walk 34/64 |S|=31 tri_free=True greedyα=31
    walk 35/64 |S|=31 tri_free=True greedyα=30
    walk 36/64 |S|=27 tri_free=True greedyα=25
    walk 37/64 |S|=30 tri_free=True greedyα=22
    walk 38/64 |S|=30 tri_free=True greedyα=29
    walk 39/64 |S|=31 tri_free=True greedyα=25
    walk 40/64 |S|=30 tri_free=True greedyα=28
    walk 41/64 |S|=27 tri_free=True greedyα=28
    walk 42/64 |S|=28 tri_free=True greedyα=27
    walk 43/64 |S|=30 tri_free=True greedyα=27
    walk 44/64 |S|=27 tri_free=True greedyα=30
    walk 45/64 |S|=29 tri_free=True greedyα=28
    walk 46/64 |S|=30 tri_free=True greedyα=27
    walk 47/64 |S|=28 tri_free=True greedyα=26
    walk 48/64 |S|=31 tri_free=True greedyα=27
    walk 49/64 |S|=28 tri_free=True greedyα=27
    walk 50/64 |S|=30 tri_free=True greedyα=36
    walk 51/64 |S|=30 tri_free=True greedyα=31
    walk 52/64 |S|=30 tri_free=True greedyα=24
    walk 53/64 |S|=28 tri_free=True greedyα=25
    walk 54/64 |S|=30 tri_free=True greedyα=32
    walk 55/64 |S|=29 tri_free=True greedyα=28
    walk 56/64 |S|=29 tri_free=True greedyα=32
    walk 57/64 |S|=29 tri_free=True greedyα=24
    walk 58/64 |S|=32 tri_free=True greedyα=35
    walk 59/64 |S|=32 tri_free=True greedyα=30
    walk 60/64 |S|=30 tri_free=True greedyα=28
    walk 61/64 |S|=32 tri_free=True greedyα=35
    walk 62/64 |S|=29 tri_free=True greedyα=25
    walk 63/64 |S|=34 tri_free=True greedyα=37
    walk 64/64 |S|=28 tri_free=True greedyα=31
  [5c] p=331 e=5 D1∪D4 pool=66 t=20
    walk 1/64 |S|=31 tri_free=True greedyα=22
    walk 2/64 |S|=29 tri_free=True greedyα=24
    walk 3/64 |S|=29 tri_free=True greedyα=22
    walk 4/64 |S|=30 tri_free=True greedyα=25
    walk 5/64 |S|=29 tri_free=True greedyα=25
    walk 6/64 |S|=31 tri_free=True greedyα=27
    walk 7/64 |S|=32 tri_free=True greedyα=27
    walk 8/64 |S|=31 tri_free=True greedyα=41
    walk 9/64 |S|=29 tri_free=True greedyα=28
    walk 10/64 |S|=30 tri_free=True greedyα=30
    walk 11/64 |S|=29 tri_free=True greedyα=33
    walk 12/64 |S|=31 tri_free=True greedyα=28
    walk 13/64 |S|=26 tri_free=True greedyα=26
    walk 14/64 |S|=30 tri_free=True greedyα=34
    walk 15/64 |S|=29 tri_free=True greedyα=26
    walk 16/64 |S|=31 tri_free=True greedyα=25
    walk 17/64 |S|=32 tri_free=True greedyα=26
    walk 18/64 |S|=30 tri_free=True greedyα=30
    walk 19/64 |S|=31 tri_free=True greedyα=25
    walk 20/64 |S|=32 tri_free=True greedyα=35
    walk 21/64 |S|=32 tri_free=True greedyα=30
    walk 22/64 |S|=29 tri_free=True greedyα=27
    walk 23/64 |S|=33 tri_free=True greedyα=41
    walk 24/64 |S|=33 tri_free=True greedyα=35
    walk 25/64 |S|=29 tri_free=True greedyα=26
    walk 26/64 |S|=31 tri_free=True greedyα=30
    walk 27/64 |S|=29 tri_free=True greedyα=31
    walk 28/64 |S|=27 tri_free=True greedyα=24
    walk 29/64 |S|=30 tri_free=True greedyα=28
    walk 30/64 |S|=32 tri_free=True greedyα=28
    walk 31/64 |S|=33 tri_free=True greedyα=38
    walk 32/64 |S|=29 tri_free=True greedyα=27
    walk 33/64 |S|=26 tri_free=True greedyα=33
    walk 34/64 |S|=32 tri_free=True greedyα=26
    walk 35/64 |S|=30 tri_free=True greedyα=25
    walk 36/64 |S|=29 tri_free=True greedyα=26
    walk 37/64 |S|=30 tri_free=True greedyα=27
    walk 38/64 |S|=29 tri_free=True greedyα=37
    walk 39/64 |S|=28 tri_free=True greedyα=30
    walk 40/64 |S|=30 tri_free=True greedyα=26
    walk 41/64 |S|=34 tri_free=True greedyα=31
    walk 42/64 |S|=29 tri_free=True greedyα=28
    walk 43/64 |S|=31 tri_free=True greedyα=28
    walk 44/64 |S|=28 tri_free=True greedyα=30
    walk 45/64 |S|=31 tri_free=True greedyα=29
    walk 46/64 |S|=32 tri_free=True greedyα=39
    walk 47/64 |S|=31 tri_free=True greedyα=27
    walk 48/64 |S|=31 tri_free=True greedyα=26
    walk 49/64 |S|=30 tri_free=True greedyα=31
    walk 50/64 |S|=28 tri_free=True greedyα=24
    walk 51/64 |S|=28 tri_free=True greedyα=28
    walk 52/64 |S|=30 tri_free=True greedyα=25
    walk 53/64 |S|=30 tri_free=True greedyα=32
    walk 54/64 |S|=32 tri_free=True greedyα=24
    walk 55/64 |S|=31 tri_free=True greedyα=27
    walk 56/64 |S|=31 tri_free=True greedyα=23
    walk 57/64 |S|=29 tri_free=True greedyα=24
    walk 58/64 |S|=32 tri_free=True greedyα=28
    walk 59/64 |S|=29 tri_free=True greedyα=29
    walk 60/64 |S|=29 tri_free=True greedyα=28
    walk 61/64 |S|=30 tri_free=True greedyα=37
    walk 62/64 |S|=30 tri_free=True greedyα=28
    walk 63/64 |S|=31 tri_free=True greedyα=25
    walk 64/64 |S|=28 tri_free=True greedyα=27
  [5c] p=331 e=5 D2∪D3 pool=66 t=20
    walk 1/64 |S|=30 tri_free=True greedyα=29
    walk 2/64 |S|=27 tri_free=True greedyα=27
    walk 3/64 |S|=32 tri_free=True greedyα=36
    walk 4/64 |S|=30 tri_free=True greedyα=28
    walk 5/64 |S|=29 tri_free=True greedyα=35
    walk 6/64 |S|=31 tri_free=True greedyα=44
    walk 7/64 |S|=31 tri_free=True greedyα=36
    walk 8/64 |S|=31 tri_free=True greedyα=39
    walk 9/64 |S|=32 tri_free=True greedyα=30
    walk 10/64 |S|=28 tri_free=True greedyα=28
    walk 11/64 |S|=30 tri_free=True greedyα=34
    walk 12/64 |S|=30 tri_free=True greedyα=51
    walk 13/64 |S|=27 tri_free=True greedyα=32
    walk 14/64 |S|=29 tri_free=True greedyα=32
    walk 15/64 |S|=29 tri_free=True greedyα=25
    walk 16/64 |S|=27 tri_free=True greedyα=28
    walk 17/64 |S|=31 tri_free=True greedyα=22
    walk 18/64 |S|=32 tri_free=True greedyα=30
    walk 19/64 |S|=26 tri_free=True greedyα=42
    walk 20/64 |S|=29 tri_free=True greedyα=24
    walk 21/64 |S|=30 tri_free=True greedyα=28
    walk 22/64 |S|=27 tri_free=True greedyα=28
    walk 23/64 |S|=30 tri_free=True greedyα=26
    walk 24/64 |S|=31 tri_free=True greedyα=29
    walk 25/64 |S|=31 tri_free=True greedyα=32
    walk 26/64 |S|=30 tri_free=True greedyα=29
    walk 27/64 |S|=27 tri_free=True greedyα=26
    walk 28/64 |S|=31 tri_free=True greedyα=28
    walk 29/64 |S|=32 tri_free=True greedyα=35
    walk 30/64 |S|=32 tri_free=True greedyα=31
    walk 31/64 |S|=28 tri_free=True greedyα=24
    walk 32/64 |S|=29 tri_free=True greedyα=31
    walk 33/64 |S|=31 tri_free=True greedyα=27
    walk 34/64 |S|=30 tri_free=True greedyα=27
    walk 35/64 |S|=31 tri_free=True greedyα=33
    walk 36/64 |S|=29 tri_free=True greedyα=44
    walk 37/64 |S|=28 tri_free=True greedyα=27
    walk 38/64 |S|=29 tri_free=True greedyα=30
    walk 39/64 |S|=30 tri_free=True greedyα=33
    walk 40/64 |S|=28 tri_free=True greedyα=27
    walk 41/64 |S|=28 tri_free=True greedyα=31
    walk 42/64 |S|=30 tri_free=True greedyα=29
    walk 43/64 |S|=29 tri_free=True greedyα=27
    walk 44/64 |S|=31 tri_free=True greedyα=26
    walk 45/64 |S|=31 tri_free=True greedyα=28
    walk 46/64 |S|=29 tri_free=True greedyα=35
    walk 47/64 |S|=29 tri_free=True greedyα=40
    walk 48/64 |S|=27 tri_free=True greedyα=26
    walk 49/64 |S|=27 tri_free=True greedyα=26
    walk 50/64 |S|=29 tri_free=True greedyα=29
    walk 51/64 |S|=27 tri_free=True greedyα=29
    walk 52/64 |S|=29 tri_free=True greedyα=31
    walk 53/64 |S|=31 tri_free=True greedyα=29
    walk 54/64 |S|=27 tri_free=True greedyα=27
    walk 55/64 |S|=29 tri_free=True greedyα=29
    walk 56/64 |S|=31 tri_free=True greedyα=38
    walk 57/64 |S|=31 tri_free=True greedyα=35
    walk 58/64 |S|=29 tri_free=True greedyα=30
    walk 59/64 |S|=30 tri_free=True greedyα=24
    walk 60/64 |S|=30 tri_free=True greedyα=28
    walk 61/64 |S|=29 tri_free=True greedyα=24
    walk 62/64 |S|=29 tri_free=True greedyα=26
    walk 63/64 |S|=31 tri_free=True greedyα=29
    walk 64/64 |S|=29 tri_free=True greedyα=27
  [5c] p=331 e=5 D2∪D4 pool=66 t=20
    walk 1/64 |S|=31 tri_free=True greedyα=27
    walk 2/64 |S|=29 tri_free=True greedyα=31
    walk 3/64 |S|=29 tri_free=True greedyα=29
    walk 4/64 |S|=32 tri_free=True greedyα=28
    walk 5/64 |S|=33 tri_free=True greedyα=29
    walk 6/64 |S|=32 tri_free=True greedyα=37
    walk 7/64 |S|=31 tri_free=True greedyα=31
    walk 8/64 |S|=30 tri_free=True greedyα=28
    walk 9/64 |S|=30 tri_free=True greedyα=29
    walk 10/64 |S|=29 tri_free=True greedyα=28
    walk 11/64 |S|=29 tri_free=True greedyα=26
    walk 12/64 |S|=29 tri_free=True greedyα=30
    walk 13/64 |S|=32 tri_free=True greedyα=32
    walk 14/64 |S|=32 tri_free=True greedyα=29
    walk 15/64 |S|=28 tri_free=True greedyα=33
    walk 16/64 |S|=30 tri_free=True greedyα=28
    walk 17/64 |S|=29 tri_free=True greedyα=29
    walk 18/64 |S|=31 tri_free=True greedyα=33
    walk 19/64 |S|=32 tri_free=True greedyα=33
    walk 20/64 |S|=30 tri_free=True greedyα=33
    walk 21/64 |S|=30 tri_free=True greedyα=29
    walk 22/64 |S|=30 tri_free=True greedyα=26
    walk 23/64 |S|=29 tri_free=True greedyα=36
    walk 24/64 |S|=30 tri_free=True greedyα=27
    walk 25/64 |S|=29 tri_free=True greedyα=33
    walk 26/64 |S|=30 tri_free=True greedyα=38
    walk 27/64 |S|=33 tri_free=True greedyα=32
    walk 28/64 |S|=30 tri_free=True greedyα=40
    walk 29/64 |S|=31 tri_free=True greedyα=29
    walk 30/64 |S|=31 tri_free=True greedyα=34
    walk 31/64 |S|=29 tri_free=True greedyα=24
    walk 32/64 |S|=30 tri_free=True greedyα=32
    walk 33/64 |S|=30 tri_free=True greedyα=34
    walk 34/64 |S|=28 tri_free=True greedyα=24
    walk 35/64 |S|=31 tri_free=True greedyα=29
    walk 36/64 |S|=30 tri_free=True greedyα=33
    walk 37/64 |S|=30 tri_free=True greedyα=26
    walk 38/64 |S|=34 tri_free=True greedyα=28
    walk 39/64 |S|=30 tri_free=True greedyα=31
    walk 40/64 |S|=29 tri_free=True greedyα=23
    walk 41/64 |S|=32 tri_free=True greedyα=31
    walk 42/64 |S|=31 tri_free=True greedyα=25
    walk 43/64 |S|=31 tri_free=True greedyα=32
    walk 44/64 |S|=29 tri_free=True greedyα=27
    walk 45/64 |S|=30 tri_free=True greedyα=32
    walk 46/64 |S|=30 tri_free=True greedyα=26
    walk 47/64 |S|=30 tri_free=True greedyα=27
    walk 48/64 |S|=28 tri_free=True greedyα=26
    walk 49/64 |S|=31 tri_free=True greedyα=30
    walk 50/64 |S|=30 tri_free=True greedyα=26
    walk 51/64 |S|=30 tri_free=True greedyα=41
    walk 52/64 |S|=29 tri_free=True greedyα=30
    walk 53/64 |S|=31 tri_free=True greedyα=34
    walk 54/64 |S|=29 tri_free=True greedyα=27
    walk 55/64 |S|=31 tri_free=True greedyα=25
    walk 56/64 |S|=30 tri_free=True greedyα=28
    walk 57/64 |S|=31 tri_free=True greedyα=26
    walk 58/64 |S|=29 tri_free=True greedyα=27
    walk 59/64 |S|=30 tri_free=True greedyα=27
    walk 60/64 |S|=29 tri_free=True greedyα=27
    walk 61/64 |S|=31 tri_free=True greedyα=30
    walk 62/64 |S|=30 tri_free=True greedyα=32
    walk 63/64 |S|=32 tri_free=True greedyα=43
    walk 64/64 |S|=31 tri_free=True greedyα=30
  [5c] p=331 e=5 D3∪D4 pool=66 t=20
    walk 1/64 |S|=28 tri_free=True greedyα=32
    walk 2/64 |S|=28 tri_free=True greedyα=28
    walk 3/64 |S|=31 tri_free=True greedyα=27
    walk 4/64 |S|=29 tri_free=True greedyα=30
    walk 5/64 |S|=30 tri_free=True greedyα=39
    walk 6/64 |S|=30 tri_free=True greedyα=29
    walk 7/64 |S|=29 tri_free=True greedyα=27
    walk 8/64 |S|=32 tri_free=True greedyα=34
    walk 9/64 |S|=28 tri_free=True greedyα=31
    walk 10/64 |S|=28 tri_free=True greedyα=35
    walk 11/64 |S|=30 tri_free=True greedyα=27
    walk 12/64 |S|=30 tri_free=True greedyα=35
    walk 13/64 |S|=28 tri_free=True greedyα=23
    walk 14/64 |S|=29 tri_free=True greedyα=30
    walk 15/64 |S|=31 tri_free=True greedyα=34
    walk 16/64 |S|=28 tri_free=True greedyα=27
    walk 17/64 |S|=28 tri_free=True greedyα=31
    walk 18/64 |S|=29 tri_free=True greedyα=31
    walk 19/64 |S|=28 tri_free=True greedyα=26
    walk 20/64 |S|=30 tri_free=True greedyα=32
    walk 21/64 |S|=30 tri_free=True greedyα=27
    walk 22/64 |S|=29 tri_free=True greedyα=31
    walk 23/64 |S|=30 tri_free=True greedyα=25
    walk 24/64 |S|=28 tri_free=True greedyα=27
    walk 25/64 |S|=28 tri_free=True greedyα=33
    walk 26/64 |S|=33 tri_free=True greedyα=35
    walk 27/64 |S|=30 tri_free=True greedyα=37
    walk 28/64 |S|=28 tri_free=True greedyα=24
    walk 29/64 |S|=30 tri_free=True greedyα=21
    walk 30/64 |S|=28 tri_free=True greedyα=25
    walk 31/64 |S|=27 tri_free=True greedyα=28
    walk 32/64 |S|=29 tri_free=True greedyα=51
    walk 33/64 |S|=28 tri_free=True greedyα=26
    walk 34/64 |S|=28 tri_free=True greedyα=29
    walk 35/64 |S|=29 tri_free=True greedyα=26
    walk 36/64 |S|=31 tri_free=True greedyα=34
    walk 37/64 |S|=31 tri_free=True greedyα=37
    walk 38/64 |S|=28 tri_free=True greedyα=27
    walk 39/64 |S|=30 tri_free=True greedyα=31
    walk 40/64 |S|=28 tri_free=True greedyα=25
    walk 41/64 |S|=29 tri_free=True greedyα=32
    walk 42/64 |S|=31 tri_free=True greedyα=35
    walk 43/64 |S|=29 tri_free=True greedyα=26
    walk 44/64 |S|=27 tri_free=True greedyα=29
    walk 45/64 |S|=28 tri_free=True greedyα=28
    walk 46/64 |S|=30 tri_free=True greedyα=28
    walk 47/64 |S|=28 tri_free=True greedyα=27
    walk 48/64 |S|=30 tri_free=True greedyα=26
    walk 49/64 |S|=29 tri_free=True greedyα=33
    walk 50/64 |S|=27 tri_free=True greedyα=26
    walk 51/64 |S|=30 tri_free=True greedyα=28
    walk 52/64 |S|=28 tri_free=True greedyα=33
    walk 53/64 |S|=30 tri_free=True greedyα=28
    walk 54/64 |S|=32 tri_free=True greedyα=34
    walk 55/64 |S|=31 tri_free=True greedyα=31
    walk 56/64 |S|=30 tri_free=True greedyα=35
    walk 57/64 |S|=32 tri_free=True greedyα=37
    walk 58/64 |S|=30 tri_free=True greedyα=34
    walk 59/64 |S|=30 tri_free=True greedyα=27
    walk 60/64 |S|=31 tri_free=True greedyα=29
    walk 61/64 |S|=31 tri_free=True greedyα=32
    walk 62/64 |S|=29 tri_free=True greedyα=27
    walk 63/64 |S|=29 tri_free=True greedyα=26
    walk 64/64 |S|=30 tri_free=True greedyα=31
  [5c] p=337 e=4 D0∪D1 pool=84 t=20
    walk 1/64 |S|=32 tri_free=True greedyα=33
    walk 2/64 |S|=34 tri_free=True greedyα=30
    walk 3/64 |S|=33 tri_free=True greedyα=30
    walk 4/64 |S|=37 tri_free=True greedyα=35
    walk 5/64 |S|=34 tri_free=True greedyα=35
    walk 6/64 |S|=36 tri_free=True greedyα=33
    walk 7/64 |S|=31 tri_free=True greedyα=26
    walk 8/64 |S|=38 tri_free=True greedyα=44
    walk 9/64 |S|=35 tri_free=True greedyα=31
    walk 10/64 |S|=40 tri_free=True greedyα=38
    walk 11/64 |S|=32 tri_free=True greedyα=28
    walk 12/64 |S|=37 tri_free=True greedyα=35
    walk 13/64 |S|=36 tri_free=True greedyα=33
    walk 14/64 |S|=34 tri_free=True greedyα=39
    walk 15/64 |S|=37 tri_free=True greedyα=31
    walk 16/64 |S|=33 tri_free=True greedyα=23
    walk 17/64 |S|=33 tri_free=True greedyα=27
    walk 18/64 |S|=37 tri_free=True greedyα=33
    walk 19/64 |S|=32 tri_free=True greedyα=25
    walk 20/64 |S|=34 tri_free=True greedyα=20
    walk 21/64 |S|=32 tri_free=True greedyα=31
    walk 22/64 |S|=37 tri_free=True greedyα=30
    walk 23/64 |S|=30 tri_free=True greedyα=25
    walk 24/64 |S|=32 tri_free=True greedyα=29
    walk 25/64 |S|=34 tri_free=True greedyα=32
    walk 26/64 |S|=33 tri_free=True greedyα=22
    walk 27/64 |S|=33 tri_free=True greedyα=24
    walk 28/64 |S|=31 tri_free=True greedyα=22
    walk 29/64 |S|=35 tri_free=True greedyα=25
    walk 30/64 |S|=41 tri_free=True greedyα=56
    walk 31/64 |S|=36 tri_free=True greedyα=48
    walk 32/64 |S|=32 tri_free=True greedyα=36
    walk 33/64 |S|=35 tri_free=True greedyα=26
    walk 34/64 |S|=35 tri_free=True greedyα=31
    walk 35/64 |S|=34 tri_free=True greedyα=24
    walk 36/64 |S|=34 tri_free=True greedyα=38
    walk 37/64 |S|=39 tri_free=True greedyα=34
    walk 38/64 |S|=33 tri_free=True greedyα=33
    walk 39/64 |S|=33 tri_free=True greedyα=26
    walk 40/64 |S|=33 tri_free=True greedyα=22
    walk 41/64 |S|=34 tri_free=True greedyα=27
    walk 42/64 |S|=35 tri_free=True greedyα=35
    walk 43/64 |S|=35 tri_free=True greedyα=26
    walk 44/64 |S|=32 tri_free=True greedyα=23
    walk 45/64 |S|=30 tri_free=True greedyα=31
    walk 46/64 |S|=32 tri_free=True greedyα=24
    walk 47/64 |S|=32 tri_free=True greedyα=29
    walk 48/64 |S|=37 tri_free=True greedyα=44
    walk 49/64 |S|=35 tri_free=True greedyα=25
    walk 50/64 |S|=31 tri_free=True greedyα=27
    walk 51/64 |S|=35 tri_free=True greedyα=39
    walk 52/64 |S|=33 tri_free=True greedyα=24
    walk 53/64 |S|=33 tri_free=True greedyα=34
    walk 54/64 |S|=35 tri_free=True greedyα=30
    walk 55/64 |S|=31 tri_free=True greedyα=27
    walk 56/64 |S|=35 tri_free=True greedyα=30
    walk 57/64 |S|=34 tri_free=True greedyα=23
    walk 58/64 |S|=36 tri_free=True greedyα=40
    walk 59/64 |S|=33 tri_free=True greedyα=29
    walk 60/64 |S|=31 tri_free=True greedyα=34
    walk 61/64 |S|=37 tri_free=True greedyα=47
    walk 62/64 |S|=34 tri_free=True greedyα=29
    walk 63/64 |S|=35 tri_free=True greedyα=32
    walk 64/64 |S|=36 tri_free=True greedyα=35
  [5c] p=337 e=4 D0∪D2 pool=84 t=20
    walk 1/64 |S|=34 tri_free=True greedyα=37
    walk 2/64 |S|=30 tri_free=True greedyα=24
    walk 3/64 |S|=30 tri_free=True greedyα=26
    walk 4/64 |S|=30 tri_free=True greedyα=29
    walk 5/64 |S|=32 tri_free=True greedyα=30
    walk 6/64 |S|=29 tri_free=True greedyα=30
    walk 7/64 |S|=34 tri_free=True greedyα=26
    walk 8/64 |S|=32 tri_free=True greedyα=33
    walk 9/64 |S|=32 tri_free=True greedyα=31
    walk 10/64 |S|=30 tri_free=True greedyα=25
    walk 11/64 |S|=31 tri_free=True greedyα=23
    walk 12/64 |S|=32 tri_free=True greedyα=40
    walk 13/64 |S|=33 tri_free=True greedyα=31
    walk 14/64 |S|=31 tri_free=True greedyα=31
    walk 15/64 |S|=33 tri_free=True greedyα=26
    walk 16/64 |S|=32 tri_free=True greedyα=22
    walk 17/64 |S|=32 tri_free=True greedyα=28
    walk 18/64 |S|=33 tri_free=True greedyα=30
    walk 19/64 |S|=33 tri_free=True greedyα=25
    walk 20/64 |S|=31 tri_free=True greedyα=29
    walk 21/64 |S|=31 tri_free=True greedyα=27
    walk 22/64 |S|=32 tri_free=True greedyα=28
    walk 23/64 |S|=33 tri_free=True greedyα=31
    walk 24/64 |S|=32 tri_free=True greedyα=34
    walk 25/64 |S|=32 tri_free=True greedyα=30
    walk 26/64 |S|=33 tri_free=True greedyα=23
    walk 27/64 |S|=34 tri_free=True greedyα=24
    walk 28/64 |S|=31 tri_free=True greedyα=29
    walk 29/64 |S|=32 tri_free=True greedyα=26
    walk 30/64 |S|=31 tri_free=True greedyα=29
    walk 31/64 |S|=32 tri_free=True greedyα=26
    walk 32/64 |S|=31 tri_free=True greedyα=25
    walk 33/64 |S|=32 tri_free=True greedyα=26
    walk 34/64 |S|=33 tri_free=True greedyα=29
    walk 35/64 |S|=30 tri_free=True greedyα=29
    walk 36/64 |S|=31 tri_free=True greedyα=28
    walk 37/64 |S|=35 tri_free=True greedyα=26
    walk 38/64 |S|=33 tri_free=True greedyα=23
    walk 39/64 |S|=30 tri_free=True greedyα=27
    walk 40/64 |S|=34 tri_free=True greedyα=28
    walk 41/64 |S|=34 tri_free=True greedyα=33
    walk 42/64 |S|=36 tri_free=True greedyα=35
    walk 43/64 |S|=32 tri_free=True greedyα=24
    walk 44/64 |S|=33 tri_free=True greedyα=27
    walk 45/64 |S|=32 tri_free=True greedyα=26
    walk 46/64 |S|=34 tri_free=True greedyα=32
    walk 47/64 |S|=33 tri_free=True greedyα=23
    walk 48/64 |S|=31 tri_free=True greedyα=29
    walk 49/64 |S|=32 tri_free=True greedyα=32
    walk 50/64 |S|=31 tri_free=True greedyα=24
    walk 51/64 |S|=35 tri_free=True greedyα=38
    walk 52/64 |S|=33 tri_free=True greedyα=33
    walk 53/64 |S|=32 tri_free=True greedyα=27
    walk 54/64 |S|=31 tri_free=True greedyα=23
    walk 55/64 |S|=33 tri_free=True greedyα=36
    walk 56/64 |S|=34 tri_free=True greedyα=40
    walk 57/64 |S|=31 tri_free=True greedyα=29
    walk 58/64 |S|=32 tri_free=True greedyα=29
    walk 59/64 |S|=35 tri_free=True greedyα=32
    walk 60/64 |S|=32 tri_free=True greedyα=28
    walk 61/64 |S|=34 tri_free=True greedyα=24
    walk 62/64 |S|=36 tri_free=True greedyα=42
    walk 63/64 |S|=30 tri_free=True greedyα=24
    walk 64/64 |S|=37 tri_free=True greedyα=51
  [5c] p=337 e=4 D0∪D3 pool=84 t=20
    walk 1/64 |S|=34 tri_free=True greedyα=27
    walk 2/64 |S|=35 tri_free=True greedyα=26
    walk 3/64 |S|=33 tri_free=True greedyα=28
    walk 4/64 |S|=35 tri_free=True greedyα=31
    walk 5/64 |S|=34 tri_free=True greedyα=20
    walk 6/64 |S|=35 tri_free=True greedyα=22
    walk 7/64 |S|=35 tri_free=True greedyα=24
    walk 8/64 |S|=32 tri_free=True greedyα=26
    walk 9/64 |S|=36 tri_free=True greedyα=36
    walk 10/64 |S|=34 tri_free=True greedyα=34
    walk 11/64 |S|=39 tri_free=True greedyα=44
    walk 12/64 |S|=32 tri_free=True greedyα=31
    walk 13/64 |S|=35 tri_free=True greedyα=23
    walk 14/64 |S|=38 tri_free=True greedyα=42
    walk 15/64 |S|=34 tri_free=True greedyα=31
    walk 16/64 |S|=36 tri_free=True greedyα=24
    walk 17/64 |S|=32 tri_free=True greedyα=24
    walk 18/64 |S|=36 tri_free=True greedyα=40
    walk 19/64 |S|=43 tri_free=True greedyα=44
    walk 20/64 |S|=35 tri_free=True greedyα=29
    walk 21/64 |S|=34 tri_free=True greedyα=29
    walk 22/64 |S|=31 tri_free=True greedyα=24
    walk 23/64 |S|=33 tri_free=True greedyα=21
    walk 24/64 |S|=33 tri_free=True greedyα=31
    walk 25/64 |S|=34 tri_free=True greedyα=32
    walk 26/64 |S|=35 tri_free=True greedyα=27
    walk 27/64 |S|=35 tri_free=True greedyα=30
    walk 28/64 |S|=34 tri_free=True greedyα=28
    walk 29/64 |S|=31 tri_free=True greedyα=25
    walk 30/64 |S|=39 tri_free=True greedyα=40
    walk 31/64 |S|=35 tri_free=True greedyα=28
    walk 32/64 |S|=37 tri_free=True greedyα=39
    walk 33/64 |S|=32 tri_free=True greedyα=28
    walk 34/64 |S|=34 tri_free=True greedyα=30
    walk 35/64 |S|=34 tri_free=True greedyα=26
    walk 36/64 |S|=34 tri_free=True greedyα=26
    walk 37/64 |S|=34 tri_free=True greedyα=36
    walk 38/64 |S|=33 tri_free=True greedyα=35
    walk 39/64 |S|=33 tri_free=True greedyα=26
    walk 40/64 |S|=37 tri_free=True greedyα=31
    walk 41/64 |S|=37 tri_free=True greedyα=39
    walk 42/64 |S|=32 tri_free=True greedyα=27
    walk 43/64 |S|=36 tri_free=True greedyα=25
    walk 44/64 |S|=36 tri_free=True greedyα=23
    walk 45/64 |S|=34 tri_free=True greedyα=27
    walk 46/64 |S|=34 tri_free=True greedyα=28
    walk 47/64 |S|=38 tri_free=True greedyα=35
    walk 48/64 |S|=37 tri_free=True greedyα=31
    walk 49/64 |S|=32 tri_free=True greedyα=29
    walk 50/64 |S|=34 tri_free=True greedyα=29
    walk 51/64 |S|=38 tri_free=True greedyα=27
    walk 52/64 |S|=40 tri_free=True greedyα=51
    walk 53/64 |S|=36 tri_free=True greedyα=33
    walk 54/64 |S|=30 tri_free=True greedyα=26
    walk 55/64 |S|=36 tri_free=True greedyα=43
    walk 56/64 |S|=30 tri_free=True greedyα=30
    walk 57/64 |S|=31 tri_free=True greedyα=29
    walk 58/64 |S|=37 tri_free=True greedyα=41
    walk 59/64 |S|=35 tri_free=True greedyα=22
    walk 60/64 |S|=34 tri_free=True greedyα=35
    walk 61/64 |S|=32 tri_free=True greedyα=22
    walk 62/64 |S|=33 tri_free=True greedyα=25
    walk 63/64 |S|=30 tri_free=True greedyα=30
    walk 64/64 |S|=37 tri_free=True greedyα=32
  [5c] p=337 e=4 D1∪D2 pool=84 t=20
    walk 1/64 |S|=33 tri_free=True greedyα=25
    walk 2/64 |S|=40 tri_free=True greedyα=39
    walk 3/64 |S|=34 tri_free=True greedyα=33
    walk 4/64 |S|=41 tri_free=True greedyα=56
    walk 5/64 |S|=31 tri_free=True greedyα=25
    walk 6/64 |S|=34 tri_free=True greedyα=30
    walk 7/64 |S|=35 tri_free=True greedyα=26
    walk 8/64 |S|=34 tri_free=True greedyα=27
    walk 9/64 |S|=34 tri_free=True greedyα=27
    walk 10/64 |S|=34 tri_free=True greedyα=25
    walk 11/64 |S|=35 tri_free=True greedyα=25
    walk 12/64 |S|=33 tri_free=True greedyα=24
    walk 13/64 |S|=33 tri_free=True greedyα=25
    walk 14/64 |S|=35 tri_free=True greedyα=24
    walk 15/64 |S|=33 tri_free=True greedyα=25
    walk 16/64 |S|=37 tri_free=True greedyα=51
    walk 17/64 |S|=34 tri_free=True greedyα=32
    walk 18/64 |S|=34 tri_free=True greedyα=31
    walk 19/64 |S|=34 tri_free=True greedyα=28
    walk 20/64 |S|=33 tri_free=True greedyα=34
    walk 21/64 |S|=40 tri_free=True greedyα=42
    walk 22/64 |S|=35 tri_free=True greedyα=25
    walk 23/64 |S|=33 tri_free=True greedyα=28
    walk 24/64 |S|=37 tri_free=True greedyα=26
    walk 25/64 |S|=33 tri_free=True greedyα=22
    walk 26/64 |S|=35 tri_free=True greedyα=29
    walk 27/64 |S|=37 tri_free=True greedyα=34
    walk 28/64 |S|=37 tri_free=True greedyα=33
    walk 29/64 |S|=36 tri_free=True greedyα=26
    walk 30/64 |S|=34 tri_free=True greedyα=26
    walk 31/64 |S|=34 tri_free=True greedyα=26
    walk 32/64 |S|=33 tri_free=True greedyα=27
    walk 33/64 |S|=35 tri_free=True greedyα=28
    walk 34/64 |S|=33 tri_free=True greedyα=30
    walk 35/64 |S|=32 tri_free=True greedyα=31
    walk 36/64 |S|=33 tri_free=True greedyα=24
    walk 37/64 |S|=32 tri_free=True greedyα=26
    walk 38/64 |S|=35 tri_free=True greedyα=25
    walk 39/64 |S|=32 tri_free=True greedyα=26
    walk 40/64 |S|=34 tri_free=True greedyα=32
    walk 41/64 |S|=36 tri_free=True greedyα=46
    walk 42/64 |S|=34 tri_free=True greedyα=28
    walk 43/64 |S|=33 tri_free=True greedyα=25
    walk 44/64 |S|=32 tri_free=True greedyα=21
    walk 45/64 |S|=33 tri_free=True greedyα=26
    walk 46/64 |S|=37 tri_free=True greedyα=43
    walk 47/64 |S|=36 tri_free=True greedyα=30
    walk 48/64 |S|=33 tri_free=True greedyα=24
    walk 49/64 |S|=39 tri_free=True greedyα=45
    walk 50/64 |S|=36 tri_free=True greedyα=36
    walk 51/64 |S|=31 tri_free=True greedyα=33
    walk 52/64 |S|=33 tri_free=True greedyα=38
    walk 53/64 |S|=35 tri_free=True greedyα=30
    walk 54/64 |S|=34 tri_free=True greedyα=28
    walk 55/64 |S|=35 tri_free=True greedyα=25
    walk 56/64 |S|=36 tri_free=True greedyα=32
    walk 57/64 |S|=34 tri_free=True greedyα=25
    walk 58/64 |S|=38 tri_free=True greedyα=43
    walk 59/64 |S|=32 tri_free=True greedyα=34
    walk 60/64 |S|=33 tri_free=True greedyα=33
    walk 61/64 |S|=38 tri_free=True greedyα=23
    walk 62/64 |S|=32 tri_free=True greedyα=26
    walk 63/64 |S|=33 tri_free=True greedyα=25
    walk 64/64 |S|=32 tri_free=True greedyα=29
  [5c] p=337 e=4 D1∪D3 pool=84 t=20
    walk 1/64 |S|=32 tri_free=True greedyα=27
    walk 2/64 |S|=31 tri_free=True greedyα=24
    walk 3/64 |S|=33 tri_free=True greedyα=33
    walk 4/64 |S|=36 tri_free=True greedyα=33
    walk 5/64 |S|=32 tri_free=True greedyα=29
    walk 6/64 |S|=30 tri_free=True greedyα=29
    walk 7/64 |S|=32 tri_free=True greedyα=34
    walk 8/64 |S|=32 tri_free=True greedyα=26
    walk 9/64 |S|=33 tri_free=True greedyα=24
    walk 10/64 |S|=32 tri_free=True greedyα=31
    walk 11/64 |S|=32 tri_free=True greedyα=27
    walk 12/64 |S|=29 tri_free=True greedyα=25
    walk 13/64 |S|=32 tri_free=True greedyα=26
    walk 14/64 |S|=31 tri_free=True greedyα=26
    walk 15/64 |S|=30 tri_free=True greedyα=30
    walk 16/64 |S|=32 tri_free=True greedyα=31
    walk 17/64 |S|=33 tri_free=True greedyα=51
    walk 18/64 |S|=30 tri_free=True greedyα=29
    walk 19/64 |S|=34 tri_free=True greedyα=43
    walk 20/64 |S|=34 tri_free=True greedyα=32
    walk 21/64 |S|=35 tri_free=True greedyα=29
    walk 22/64 |S|=29 tri_free=True greedyα=28
    walk 23/64 |S|=34 tri_free=True greedyα=39
    walk 24/64 |S|=31 tri_free=True greedyα=30
    walk 25/64 |S|=33 tri_free=True greedyα=29
    walk 26/64 |S|=32 tri_free=True greedyα=25
    walk 27/64 |S|=31 tri_free=True greedyα=28
    walk 28/64 |S|=34 tri_free=True greedyα=28
    walk 29/64 |S|=33 tri_free=True greedyα=35
    walk 30/64 |S|=32 tri_free=True greedyα=27
    walk 31/64 |S|=33 tri_free=True greedyα=24
    walk 32/64 |S|=36 tri_free=True greedyα=50
    walk 33/64 |S|=33 tri_free=True greedyα=28
    walk 34/64 |S|=34 tri_free=True greedyα=25
    walk 35/64 |S|=32 tri_free=True greedyα=27
    walk 36/64 |S|=36 tri_free=True greedyα=43
    walk 37/64 |S|=34 tri_free=True greedyα=24
    walk 38/64 |S|=34 tri_free=True greedyα=27
    walk 39/64 |S|=31 tri_free=True greedyα=31
    walk 40/64 |S|=33 tri_free=True greedyα=39
    walk 41/64 |S|=34 tri_free=True greedyα=41
    walk 42/64 |S|=32 tri_free=True greedyα=31
    walk 43/64 |S|=33 tri_free=True greedyα=27
    walk 44/64 |S|=33 tri_free=True greedyα=25
    walk 45/64 |S|=32 tri_free=True greedyα=30
    walk 46/64 |S|=33 tri_free=True greedyα=30
    walk 47/64 |S|=30 tri_free=True greedyα=29
    walk 48/64 |S|=32 tri_free=True greedyα=25
    walk 49/64 |S|=30 tri_free=True greedyα=30
    walk 50/64 |S|=28 tri_free=True greedyα=24
    walk 51/64 |S|=34 tri_free=True greedyα=33
    walk 52/64 |S|=31 tri_free=True greedyα=21
    walk 53/64 |S|=31 tri_free=True greedyα=26
    walk 54/64 |S|=30 tri_free=True greedyα=24
    walk 55/64 |S|=34 tri_free=True greedyα=24
    walk 56/64 |S|=34 tri_free=True greedyα=28
    walk 57/64 |S|=33 tri_free=True greedyα=31
    walk 58/64 |S|=35 tri_free=True greedyα=24
    walk 59/64 |S|=29 tri_free=True greedyα=24
    walk 60/64 |S|=32 tri_free=True greedyα=37
    walk 61/64 |S|=32 tri_free=True greedyα=26
    walk 62/64 |S|=33 tri_free=True greedyα=29
    walk 63/64 |S|=34 tri_free=True greedyα=36
    walk 64/64 |S|=33 tri_free=True greedyα=23
  [5c] p=337 e=4 D2∪D3 pool=84 t=20
    walk 1/64 |S|=34 tri_free=True greedyα=29
    walk 2/64 |S|=40 tri_free=True greedyα=32
    walk 3/64 |S|=33 tri_free=True greedyα=31
    walk 4/64 |S|=36 tri_free=True greedyα=36
    walk 5/64 |S|=38 tri_free=True greedyα=33
    walk 6/64 |S|=33 tri_free=True greedyα=28
    walk 7/64 |S|=35 tri_free=True greedyα=34
    walk 8/64 |S|=38 tri_free=True greedyα=50
    walk 9/64 |S|=32 tri_free=True greedyα=29
    walk 10/64 |S|=33 tri_free=True greedyα=29
    walk 11/64 |S|=43 tri_free=True greedyα=51
    walk 12/64 |S|=32 tri_free=True greedyα=25
    walk 13/64 |S|=34 tri_free=True greedyα=36
    walk 14/64 |S|=40 tri_free=True greedyα=42
    walk 15/64 |S|=34 tri_free=True greedyα=39
    walk 16/64 |S|=33 tri_free=True greedyα=27
    walk 17/64 |S|=35 tri_free=True greedyα=29
    walk 18/64 |S|=35 tri_free=True greedyα=26
    walk 19/64 |S|=37 tri_free=True greedyα=36
    walk 20/64 |S|=34 tri_free=True greedyα=28
    walk 21/64 |S|=35 tri_free=True greedyα=24
    walk 22/64 |S|=35 tri_free=True greedyα=31
    walk 23/64 |S|=40 tri_free=True greedyα=36
    walk 24/64 |S|=35 tri_free=True greedyα=32
    walk 25/64 |S|=33 tri_free=True greedyα=26
    walk 26/64 |S|=36 tri_free=True greedyα=29
    walk 27/64 |S|=38 tri_free=True greedyα=42
    walk 28/64 |S|=32 tri_free=True greedyα=26
    walk 29/64 |S|=36 tri_free=True greedyα=25
    walk 30/64 |S|=31 tri_free=True greedyα=23
    walk 31/64 |S|=32 tri_free=True greedyα=24
    walk 32/64 |S|=35 tri_free=True greedyα=25
    walk 33/64 |S|=32 tri_free=True greedyα=26
    walk 34/64 |S|=35 tri_free=True greedyα=27
    walk 35/64 |S|=32 tri_free=True greedyα=28
    walk 36/64 |S|=32 tri_free=True greedyα=30
    walk 37/64 |S|=39 tri_free=True greedyα=33
    walk 38/64 |S|=34 tri_free=True greedyα=30
    walk 39/64 |S|=34 tri_free=True greedyα=25
    walk 40/64 |S|=36 tri_free=True greedyα=32
    walk 41/64 |S|=33 tri_free=True greedyα=24
    walk 42/64 |S|=33 tri_free=True greedyα=24
    walk 43/64 |S|=39 tri_free=True greedyα=48
    walk 44/64 |S|=36 tri_free=True greedyα=43
    walk 45/64 |S|=34 tri_free=True greedyα=26
    walk 46/64 |S|=36 tri_free=True greedyα=27
    walk 47/64 |S|=40 tri_free=True greedyα=37
    walk 48/64 |S|=35 tri_free=True greedyα=29
    walk 49/64 |S|=33 tri_free=True greedyα=34
    walk 50/64 |S|=35 tri_free=True greedyα=36
    walk 51/64 |S|=40 tri_free=True greedyα=30
    walk 52/64 |S|=33 tri_free=True greedyα=28
    walk 53/64 |S|=33 tri_free=True greedyα=27
    walk 54/64 |S|=33 tri_free=True greedyα=25
    walk 55/64 |S|=32 tri_free=True greedyα=23
    walk 56/64 |S|=35 tri_free=True greedyα=31
    walk 57/64 |S|=42 tri_free=True greedyα=39
    walk 58/64 |S|=36 tri_free=True greedyα=23
    walk 59/64 |S|=35 tri_free=True greedyα=27
    walk 60/64 |S|=37 tri_free=True greedyα=33
    walk 61/64 |S|=35 tri_free=True greedyα=26
    walk 62/64 |S|=36 tri_free=True greedyα=25
    walk 63/64 |S|=34 tri_free=True greedyα=29
    walk 64/64 |S|=35 tri_free=True greedyα=37
  [5c] p=337 e=8 D0∪D1 pool=42 t=20
    walk 1/64 |S|=29 tri_free=True greedyα=31
    walk 2/64 |S|=28 tri_free=True greedyα=30
    walk 3/64 |S|=33 tri_free=True greedyα=32
    walk 4/64 |S|=28 tri_free=True greedyα=45
    walk 5/64 |S|=29 tri_free=True greedyα=27
    walk 6/64 |S|=26 tri_free=True greedyα=31
    walk 7/64 |S|=29 tri_free=True greedyα=33
    walk 8/64 |S|=31 tri_free=True greedyα=37
    walk 9/64 |S|=30 tri_free=True greedyα=28
    walk 10/64 |S|=30 tri_free=True greedyα=35
    walk 11/64 |S|=29 tri_free=True greedyα=35
    walk 12/64 |S|=30 tri_free=True greedyα=41
    walk 13/64 |S|=30 tri_free=True greedyα=31
    walk 14/64 |S|=31 tri_free=True greedyα=33
    walk 15/64 |S|=30 tri_free=True greedyα=29
    walk 16/64 |S|=28 tri_free=True greedyα=31
    walk 17/64 |S|=30 tri_free=True greedyα=33
    walk 18/64 |S|=28 tri_free=True greedyα=48
    walk 19/64 |S|=29 tri_free=True greedyα=28
    walk 20/64 |S|=28 tri_free=True greedyα=35
    walk 21/64 |S|=30 tri_free=True greedyα=30
    walk 22/64 |S|=28 tri_free=True greedyα=29
    walk 23/64 |S|=31 tri_free=True greedyα=35
    walk 24/64 |S|=29 tri_free=True greedyα=51
    walk 25/64 |S|=29 tri_free=True greedyα=31
    walk 26/64 |S|=28 tri_free=True greedyα=30
    walk 27/64 |S|=30 orbit-dup skip
    walk 28/64 |S|=29 tri_free=True greedyα=38
    walk 29/64 |S|=32 tri_free=True greedyα=35
    walk 30/64 |S|=31 tri_free=True greedyα=32
    walk 31/64 |S|=28 tri_free=True greedyα=31
    walk 32/64 |S|=28 tri_free=True greedyα=25
    walk 33/64 |S|=30 tri_free=True greedyα=34
    walk 34/64 |S|=33 tri_free=True greedyα=34
    walk 35/64 |S|=30 tri_free=True greedyα=29
    walk 36/64 |S|=30 tri_free=True greedyα=24
    walk 37/64 |S|=27 tri_free=True greedyα=30
    walk 38/64 |S|=32 tri_free=True greedyα=35
    walk 39/64 |S|=30 tri_free=True greedyα=29
    walk 40/64 |S|=27 tri_free=True greedyα=34
    walk 41/64 |S|=27 tri_free=True greedyα=43
    walk 42/64 |S|=30 tri_free=True greedyα=27
    walk 43/64 |S|=27 tri_free=True greedyα=31
    walk 44/64 |S|=30 tri_free=True greedyα=27
    walk 45/64 |S|=26 tri_free=True greedyα=30
    walk 46/64 |S|=30 tri_free=True greedyα=31
    walk 47/64 |S|=30 tri_free=True greedyα=32
    walk 48/64 |S|=26 tri_free=True greedyα=28
    walk 49/64 |S|=28 tri_free=True greedyα=29
    walk 50/64 |S|=29 tri_free=True greedyα=33
    walk 51/64 |S|=30 tri_free=True greedyα=32
    walk 52/64 |S|=28 tri_free=True greedyα=29
    walk 53/64 |S|=26 tri_free=True greedyα=25
    walk 54/64 |S|=31 tri_free=True greedyα=34
    walk 55/64 |S|=28 tri_free=True greedyα=47
    walk 56/64 |S|=26 tri_free=True greedyα=27
    walk 57/64 |S|=30 tri_free=True greedyα=45
    walk 58/64 |S|=31 tri_free=True greedyα=35
    walk 59/64 |S|=28 tri_free=True greedyα=29
    walk 60/64 |S|=32 tri_free=True greedyα=37
    walk 61/64 |S|=30 tri_free=True greedyα=29
    walk 62/64 |S|=28 tri_free=True greedyα=30
    walk 63/64 |S|=30 tri_free=True greedyα=28
    walk 64/64 |S|=26 tri_free=True greedyα=26
  [5c] p=337 e=8 D0∪D2 pool=42 t=20
    walk 1/64 |S|=26 tri_free=True greedyα=32
    walk 2/64 |S|=24 tri_free=True greedyα=30
    walk 3/64 |S|=24 tri_free=True greedyα=26
    walk 4/64 |S|=24 tri_free=True greedyα=32
    walk 5/64 |S|=25 tri_free=True greedyα=29
    walk 6/64 |S|=25 tri_free=True greedyα=31
    walk 7/64 |S|=24 tri_free=True greedyα=28
    walk 8/64 |S|=24 tri_free=True greedyα=36
    walk 9/64 |S|=25 tri_free=True greedyα=30
    walk 10/64 |S|=25 tri_free=True greedyα=29
    walk 11/64 |S|=25 tri_free=True greedyα=32
    walk 12/64 |S|=25 tri_free=True greedyα=31
    walk 13/64 |S|=25 tri_free=True greedyα=34
    walk 14/64 |S|=23 tri_free=True greedyα=32
    walk 15/64 |S|=24 tri_free=True greedyα=29
    walk 16/64 |S|=25 tri_free=True greedyα=27
    walk 17/64 |S|=25 tri_free=True greedyα=26
    walk 18/64 |S|=26 tri_free=True greedyα=26
    walk 19/64 |S|=24 tri_free=True greedyα=29
    walk 20/64 |S|=23 tri_free=True greedyα=41
    walk 21/64 |S|=25 tri_free=True greedyα=29
    walk 22/64 |S|=25 tri_free=True greedyα=31
    walk 23/64 |S|=25 tri_free=True greedyα=38
    walk 24/64 |S|=26 tri_free=True greedyα=30
    walk 25/64 |S|=25 tri_free=True greedyα=45
    walk 26/64 |S|=23 tri_free=True greedyα=31
    walk 27/64 |S|=25 tri_free=True greedyα=53
    walk 28/64 |S|=26 tri_free=True greedyα=29
    walk 29/64 |S|=25 tri_free=True greedyα=28
    walk 30/64 |S|=25 tri_free=True greedyα=30
    walk 31/64 |S|=25 tri_free=True greedyα=29
    walk 32/64 |S|=24 tri_free=True greedyα=30
    walk 33/64 |S|=24 tri_free=True greedyα=30
    walk 34/64 |S|=25 tri_free=True greedyα=31
    walk 35/64 |S|=24 tri_free=True greedyα=35
    walk 36/64 |S|=24 tri_free=True greedyα=32
    walk 37/64 |S|=24 tri_free=True greedyα=30
    walk 38/64 |S|=25 tri_free=True greedyα=31
    walk 39/64 |S|=25 tri_free=True greedyα=34
    walk 40/64 |S|=23 tri_free=True greedyα=35
    walk 41/64 |S|=25 tri_free=True greedyα=38
    walk 42/64 |S|=26 tri_free=True greedyα=31
    walk 43/64 |S|=24 tri_free=True greedyα=28
    walk 44/64 |S|=23 tri_free=True greedyα=29
    walk 45/64 |S|=24 tri_free=True greedyα=27
    walk 46/64 |S|=25 tri_free=True greedyα=28
    walk 47/64 |S|=25 tri_free=True greedyα=28
    walk 48/64 |S|=25 tri_free=True greedyα=31
    walk 49/64 |S|=25 tri_free=True greedyα=31
    walk 50/64 |S|=25 tri_free=True greedyα=27
    walk 51/64 |S|=24 tri_free=True greedyα=33
    walk 52/64 |S|=25 tri_free=True greedyα=34
    walk 53/64 |S|=25 tri_free=True greedyα=30
    walk 54/64 |S|=25 tri_free=True greedyα=27
    walk 55/64 |S|=24 tri_free=True greedyα=26
    walk 56/64 |S|=25 tri_free=True greedyα=27
    walk 57/64 |S|=23 tri_free=True greedyα=32
    walk 58/64 |S|=25 tri_free=True greedyα=35
    walk 59/64 |S|=25 tri_free=True greedyα=34
    walk 60/64 |S|=23 tri_free=True greedyα=27
    walk 61/64 |S|=25 tri_free=True greedyα=32
    walk 62/64 |S|=24 tri_free=True greedyα=29
    walk 63/64 |S|=25 tri_free=True greedyα=31
    walk 64/64 |S|=26 tri_free=True greedyα=31
  [5c] p=337 e=8 D0∪D3 pool=42 t=20
    walk 1/64 |S|=29 tri_free=True greedyα=32
    walk 2/64 |S|=26 tri_free=True greedyα=32
    walk 3/64 |S|=28 tri_free=True greedyα=31
    walk 4/64 |S|=27 tri_free=True greedyα=25
    walk 5/64 |S|=27 tri_free=True greedyα=28
    walk 6/64 |S|=27 tri_free=True greedyα=30
    walk 7/64 |S|=27 tri_free=True greedyα=28
    walk 8/64 |S|=28 tri_free=True greedyα=23
    walk 9/64 |S|=27 tri_free=True greedyα=25
    walk 10/64 |S|=27 tri_free=True greedyα=33
    walk 11/64 |S|=27 tri_free=True greedyα=27
    walk 12/64 |S|=27 tri_free=True greedyα=27
    walk 13/64 |S|=29 tri_free=True greedyα=29
    walk 14/64 |S|=27 tri_free=True greedyα=27
    walk 15/64 |S|=30 tri_free=True greedyα=33
    walk 16/64 |S|=27 tri_free=True greedyα=36
    walk 17/64 |S|=26 tri_free=True greedyα=26
    walk 18/64 |S|=27 tri_free=True greedyα=33
    walk 19/64 |S|=26 tri_free=True greedyα=30
    walk 20/64 |S|=28 tri_free=True greedyα=24
    walk 21/64 |S|=28 tri_free=True greedyα=30
    walk 22/64 |S|=27 tri_free=True greedyα=26
    walk 23/64 |S|=26 tri_free=True greedyα=30
    walk 24/64 |S|=29 tri_free=True greedyα=32
    walk 25/64 |S|=27 tri_free=True greedyα=24
    walk 26/64 |S|=29 tri_free=True greedyα=30
    walk 27/64 |S|=27 tri_free=True greedyα=28
    walk 28/64 |S|=28 tri_free=True greedyα=26
    walk 29/64 |S|=29 tri_free=True greedyα=34
    walk 30/64 |S|=26 tri_free=True greedyα=30
    walk 31/64 |S|=27 tri_free=True greedyα=25
    walk 32/64 |S|=26 tri_free=True greedyα=28
    walk 33/64 |S|=26 tri_free=True greedyα=28
    walk 34/64 |S|=28 tri_free=True greedyα=49
    walk 35/64 |S|=28 tri_free=True greedyα=29
    walk 36/64 |S|=28 tri_free=True greedyα=24
    walk 37/64 |S|=26 tri_free=True greedyα=27
    walk 38/64 |S|=27 tri_free=True greedyα=29
    walk 39/64 |S|=26 tri_free=True greedyα=27
    walk 40/64 |S|=28 tri_free=True greedyα=29
    walk 41/64 |S|=27 tri_free=True greedyα=31
    walk 42/64 |S|=26 tri_free=True greedyα=29
    walk 43/64 |S|=30 tri_free=True greedyα=26
    walk 44/64 |S|=27 tri_free=True greedyα=40
    walk 45/64 |S|=28 tri_free=True greedyα=29
    walk 46/64 |S|=28 tri_free=True greedyα=35
    walk 47/64 |S|=27 tri_free=True greedyα=26
    walk 48/64 |S|=28 tri_free=True greedyα=54
    walk 49/64 |S|=26 tri_free=True greedyα=28
    walk 50/64 |S|=29 tri_free=True greedyα=35
    walk 51/64 |S|=29 tri_free=True greedyα=29
    walk 52/64 |S|=30 tri_free=True greedyα=29
    walk 53/64 |S|=28 tri_free=True greedyα=29
    walk 54/64 |S|=27 tri_free=True greedyα=29
    walk 55/64 |S|=28 tri_free=True greedyα=29
    walk 56/64 |S|=27 tri_free=True greedyα=28
    walk 57/64 |S|=28 tri_free=True greedyα=25
    walk 58/64 |S|=27 tri_free=True greedyα=25
    walk 59/64 |S|=29 tri_free=True greedyα=29
    walk 60/64 |S|=26 tri_free=True greedyα=29
    walk 61/64 |S|=26 tri_free=True greedyα=30
    walk 62/64 |S|=27 tri_free=True greedyα=27
    walk 63/64 |S|=29 tri_free=True greedyα=27
    walk 64/64 |S|=28 tri_free=True greedyα=29
  [5c] p=337 e=8 D0∪D4 pool=42 t=20
    walk 1/64 |S|=42 tri_free=True greedyα=17
    walk 2/64 |S|=42 orbit-dup skip
    walk 3/64 |S|=42 orbit-dup skip
    walk 4/64 |S|=42 orbit-dup skip
    walk 5/64 |S|=42 orbit-dup skip
    walk 6/64 |S|=42 orbit-dup skip
    walk 7/64 |S|=42 orbit-dup skip
    walk 8/64 |S|=42 orbit-dup skip
    walk 9/64 |S|=42 orbit-dup skip
    walk 10/64 |S|=42 orbit-dup skip
    walk 11/64 |S|=42 orbit-dup skip
    walk 12/64 |S|=42 orbit-dup skip
    walk 13/64 |S|=42 orbit-dup skip
    walk 14/64 |S|=42 orbit-dup skip
    walk 15/64 |S|=42 orbit-dup skip
    walk 16/64 |S|=42 orbit-dup skip
    walk 17/64 |S|=42 orbit-dup skip
    walk 18/64 |S|=42 orbit-dup skip
    walk 19/64 |S|=42 orbit-dup skip
    walk 20/64 |S|=42 orbit-dup skip
    walk 21/64 |S|=42 orbit-dup skip
    walk 22/64 |S|=42 orbit-dup skip
    walk 23/64 |S|=42 orbit-dup skip
    walk 24/64 |S|=42 orbit-dup skip
    walk 25/64 |S|=42 orbit-dup skip
    walk 26/64 |S|=42 orbit-dup skip
    walk 27/64 |S|=42 orbit-dup skip
    walk 28/64 |S|=42 orbit-dup skip
    walk 29/64 |S|=42 orbit-dup skip
    walk 30/64 |S|=42 orbit-dup skip
    walk 31/64 |S|=42 orbit-dup skip
    walk 32/64 |S|=42 orbit-dup skip
    walk 33/64 |S|=42 orbit-dup skip
    walk 34/64 |S|=42 orbit-dup skip
    walk 35/64 |S|=42 orbit-dup skip
    walk 36/64 |S|=42 orbit-dup skip
    walk 37/64 |S|=42 orbit-dup skip
    walk 38/64 |S|=42 orbit-dup skip
    walk 39/64 |S|=42 orbit-dup skip
    walk 40/64 |S|=42 orbit-dup skip
    walk 41/64 |S|=42 orbit-dup skip
    walk 42/64 |S|=42 orbit-dup skip
    walk 43/64 |S|=42 orbit-dup skip
    walk 44/64 |S|=42 orbit-dup skip
    walk 45/64 |S|=42 orbit-dup skip
    walk 46/64 |S|=42 orbit-dup skip
    walk 47/64 |S|=42 orbit-dup skip
    walk 48/64 |S|=42 orbit-dup skip
    walk 49/64 |S|=42 orbit-dup skip
    walk 50/64 |S|=42 orbit-dup skip
    walk 51/64 |S|=42 orbit-dup skip
    walk 52/64 |S|=42 orbit-dup skip
    walk 53/64 |S|=42 orbit-dup skip
    walk 54/64 |S|=42 orbit-dup skip
    walk 55/64 |S|=42 orbit-dup skip
    walk 56/64 |S|=42 orbit-dup skip
    walk 57/64 |S|=42 orbit-dup skip
    walk 58/64 |S|=42 orbit-dup skip
    walk 59/64 |S|=42 orbit-dup skip
    walk 60/64 |S|=42 orbit-dup skip
    walk 61/64 |S|=42 orbit-dup skip
    walk 62/64 |S|=42 orbit-dup skip
    walk 63/64 |S|=42 orbit-dup skip
    walk 64/64 |S|=42 orbit-dup skip
      MIS |S|=42 greedyα=17 residual IS ≥ 19 (α(G)≥20) {'found': True, 'lower': 19, 'exact': True, 'nodes': 21, 'seconds': 0.0007271058857440948, 'timed_out': False, 'backend': 'c-decide'}
  [5c] p=337 e=8 D0∪D5 pool=42 t=20
    walk 1/64 |S|=27 tri_free=True greedyα=26
    walk 2/64 |S|=29 tri_free=True greedyα=41
    walk 3/64 |S|=27 tri_free=True greedyα=28
    walk 4/64 |S|=28 tri_free=True greedyα=28
    walk 5/64 |S|=28 tri_free=True greedyα=31
    walk 6/64 |S|=27 tri_free=True greedyα=35
    walk 7/64 |S|=26 tri_free=True greedyα=28
    walk 8/64 |S|=30 tri_free=True greedyα=26
    walk 9/64 |S|=28 tri_free=True greedyα=31
    walk 10/64 |S|=27 tri_free=True greedyα=29
    walk 11/64 |S|=28 tri_free=True greedyα=54
    walk 12/64 |S|=29 tri_free=True greedyα=35
    walk 13/64 |S|=27 tri_free=True greedyα=31
    walk 14/64 |S|=26 tri_free=True greedyα=32
    walk 15/64 |S|=27 tri_free=True greedyα=31
    walk 16/64 |S|=29 tri_free=True greedyα=29
    walk 17/64 |S|=29 tri_free=True greedyα=25
    walk 18/64 |S|=27 tri_free=True greedyα=37
    walk 19/64 |S|=27 tri_free=True greedyα=26
    walk 20/64 |S|=27 tri_free=True greedyα=41
    walk 21/64 |S|=28 tri_free=True greedyα=28
    walk 22/64 |S|=26 tri_free=True greedyα=33
    walk 23/64 |S|=27 tri_free=True greedyα=31
    walk 24/64 |S|=27 tri_free=True greedyα=32
    walk 25/64 |S|=28 tri_free=True greedyα=31
    walk 26/64 |S|=27 tri_free=True greedyα=51
    walk 27/64 |S|=27 tri_free=True greedyα=29
    walk 28/64 |S|=27 tri_free=True greedyα=29
    walk 29/64 |S|=26 tri_free=True greedyα=28
    walk 30/64 |S|=28 tri_free=True greedyα=34
    walk 31/64 |S|=27 tri_free=True greedyα=31
    walk 32/64 |S|=27 tri_free=True greedyα=29
    walk 33/64 |S|=28 tri_free=True greedyα=30
    walk 34/64 |S|=26 tri_free=True greedyα=34
    walk 35/64 |S|=27 tri_free=True greedyα=27
    walk 36/64 |S|=31 tri_free=True greedyα=28
    walk 37/64 |S|=28 tri_free=True greedyα=32
    walk 38/64 |S|=27 tri_free=True greedyα=27
    walk 39/64 |S|=26 tri_free=True greedyα=29
    walk 40/64 |S|=26 tri_free=True greedyα=30
    walk 41/64 |S|=27 tri_free=True greedyα=26
    walk 42/64 |S|=29 tri_free=True greedyα=25
    walk 43/64 |S|=27 tri_free=True greedyα=34
    walk 44/64 |S|=27 tri_free=True greedyα=31
    walk 45/64 |S|=28 tri_free=True greedyα=23
    walk 46/64 |S|=25 tri_free=True greedyα=38
    walk 47/64 |S|=27 tri_free=True greedyα=29
    walk 48/64 |S|=26 tri_free=True greedyα=28
    walk 49/64 |S|=28 tri_free=True greedyα=22
    walk 50/64 |S|=29 tri_free=True greedyα=29
    walk 51/64 |S|=27 tri_free=True greedyα=36
    walk 52/64 |S|=27 tri_free=True greedyα=26
    walk 53/64 |S|=27 tri_free=True greedyα=33
    walk 54/64 |S|=27 tri_free=True greedyα=32
    walk 55/64 |S|=26 tri_free=True greedyα=32
    walk 56/64 |S|=27 tri_free=True greedyα=36
    walk 57/64 |S|=26 tri_free=True greedyα=29
    walk 58/64 |S|=27 tri_free=True greedyα=29
    walk 59/64 |S|=26 tri_free=True greedyα=30
    walk 60/64 |S|=27 tri_free=True greedyα=36
    walk 61/64 |S|=26 tri_free=True greedyα=27
    walk 62/64 |S|=27 tri_free=True greedyα=27
    walk 63/64 |S|=27 tri_free=True greedyα=36
    walk 64/64 |S|=28 tri_free=True greedyα=29
  [5c] p=337 e=8 D0∪D6 pool=42 t=20
    walk 1/64 |S|=24 tri_free=True greedyα=36
    walk 2/64 |S|=25 tri_free=True greedyα=37
    walk 3/64 |S|=23 tri_free=True greedyα=34
    walk 4/64 |S|=25 tri_free=True greedyα=37
    walk 5/64 |S|=25 tri_free=True greedyα=31
    walk 6/64 |S|=26 tri_free=True greedyα=27
    walk 7/64 |S|=25 tri_free=True greedyα=37
    walk 8/64 |S|=23 tri_free=True greedyα=30
    walk 9/64 |S|=25 tri_free=True greedyα=31
    walk 10/64 |S|=23 tri_free=True greedyα=28
    walk 11/64 |S|=24 tri_free=True greedyα=30
    walk 12/64 |S|=26 tri_free=True greedyα=29
    walk 13/64 |S|=24 tri_free=True greedyα=30
    walk 14/64 |S|=25 tri_free=True greedyα=31
    walk 15/64 |S|=25 tri_free=True greedyα=32
    walk 16/64 |S|=25 tri_free=True greedyα=34
    walk 17/64 |S|=25 tri_free=True greedyα=27
    walk 18/64 |S|=24 tri_free=True greedyα=27
    walk 19/64 |S|=25 tri_free=True greedyα=27
    walk 20/64 |S|=26 tri_free=True greedyα=32
    walk 21/64 |S|=25 tri_free=True greedyα=22
    walk 22/64 |S|=27 tri_free=True greedyα=33
    walk 23/64 |S|=24 tri_free=True greedyα=32
    walk 24/64 |S|=25 tri_free=True greedyα=28
    walk 25/64 |S|=25 tri_free=True greedyα=33
    walk 26/64 |S|=26 tri_free=True greedyα=33
    walk 27/64 |S|=24 tri_free=True greedyα=27
    walk 28/64 |S|=25 tri_free=True greedyα=30
    walk 29/64 |S|=25 tri_free=True greedyα=25
    walk 30/64 |S|=24 tri_free=True greedyα=29
    walk 31/64 |S|=24 tri_free=True greedyα=32
    walk 32/64 |S|=24 tri_free=True greedyα=33
    walk 33/64 |S|=23 tri_free=True greedyα=28
    walk 34/64 |S|=25 tri_free=True greedyα=30
    walk 35/64 |S|=24 tri_free=True greedyα=27
    walk 36/64 |S|=25 tri_free=True greedyα=37
    walk 37/64 |S|=24 tri_free=True greedyα=32
    walk 38/64 |S|=24 tri_free=True greedyα=48
    walk 39/64 |S|=25 tri_free=True greedyα=28
    walk 40/64 |S|=24 tri_free=True greedyα=33
    walk 41/64 |S|=25 tri_free=True greedyα=29
    walk 42/64 |S|=24 tri_free=True greedyα=28
    walk 43/64 |S|=24 tri_free=True greedyα=27
    walk 44/64 |S|=24 tri_free=True greedyα=32
    walk 45/64 |S|=25 tri_free=True greedyα=32
    walk 46/64 |S|=26 tri_free=True greedyα=28
    walk 47/64 |S|=24 tri_free=True greedyα=31
    walk 48/64 |S|=25 tri_free=True greedyα=29
    walk 49/64 |S|=25 tri_free=True greedyα=33
    walk 50/64 |S|=26 tri_free=True greedyα=33
    walk 51/64 |S|=25 tri_free=True greedyα=32
    walk 52/64 |S|=25 tri_free=True greedyα=35
    walk 53/64 |S|=25 tri_free=True greedyα=33
    walk 54/64 |S|=25 tri_free=True greedyα=29
    walk 55/64 |S|=25 tri_free=True greedyα=28
    walk 56/64 |S|=25 tri_free=True greedyα=32
    walk 57/64 |S|=25 tri_free=True greedyα=29
    walk 58/64 |S|=25 tri_free=True greedyα=44
    walk 59/64 |S|=25 tri_free=True greedyα=31
    walk 60/64 |S|=24 tri_free=True greedyα=33
    walk 61/64 |S|=25 tri_free=True greedyα=28
    walk 62/64 |S|=25 tri_free=True greedyα=28
    walk 63/64 |S|=25 tri_free=True greedyα=25
    walk 64/64 |S|=25 tri_free=True greedyα=28
  [5c] p=337 e=8 D0∪D7 pool=42 t=20
    walk 1/64 |S|=32 tri_free=True greedyα=35
    walk 2/64 |S|=31 tri_free=True greedyα=35
    walk 3/64 |S|=29 tri_free=True greedyα=31
    walk 4/64 |S|=31 tri_free=True greedyα=31
    walk 5/64 |S|=30 tri_free=True greedyα=56
    walk 6/64 |S|=32 tri_free=True greedyα=35
    walk 7/64 |S|=32 orbit-dup skip
    walk 8/64 |S|=30 tri_free=True greedyα=30
    walk 9/64 |S|=31 tri_free=True greedyα=31
    walk 10/64 |S|=30 tri_free=True greedyα=27
    walk 11/64 |S|=32 tri_free=True greedyα=35
    walk 12/64 |S|=31 tri_free=True greedyα=29
    walk 13/64 |S|=27 tri_free=True greedyα=29
    walk 14/64 |S|=29 tri_free=True greedyα=33
    walk 15/64 |S|=31 tri_free=True greedyα=32
    walk 16/64 |S|=32 tri_free=True greedyα=35
    walk 17/64 |S|=28 tri_free=True greedyα=27
    walk 18/64 |S|=28 tri_free=True greedyα=33
    walk 19/64 |S|=27 tri_free=True greedyα=28
    walk 20/64 |S|=29 tri_free=True greedyα=34
    walk 21/64 |S|=28 tri_free=True greedyα=30
    walk 22/64 |S|=29 tri_free=True greedyα=31
    walk 23/64 |S|=25 tri_free=True greedyα=28
    walk 24/64 |S|=28 tri_free=True greedyα=30
    walk 25/64 |S|=30 tri_free=True greedyα=35
    walk 26/64 |S|=29 tri_free=True greedyα=32
    walk 27/64 |S|=30 tri_free=True greedyα=29
    walk 28/64 |S|=29 tri_free=True greedyα=43
    walk 29/64 |S|=28 tri_free=True greedyα=26
    walk 30/64 |S|=29 tri_free=True greedyα=27
    walk 31/64 |S|=33 tri_free=True greedyα=33
    walk 32/64 |S|=31 tri_free=True greedyα=35
    walk 33/64 |S|=30 tri_free=True greedyα=44
    walk 34/64 |S|=26 tri_free=True greedyα=30
    walk 35/64 |S|=27 tri_free=True greedyα=34
    walk 36/64 |S|=33 orbit-dup skip
    walk 37/64 |S|=32 orbit-dup skip
    walk 38/64 |S|=30 tri_free=True greedyα=31
    walk 39/64 |S|=31 tri_free=True greedyα=34
    walk 40/64 |S|=28 tri_free=True greedyα=28
    walk 41/64 |S|=27 tri_free=True greedyα=28
    walk 42/64 |S|=29 tri_free=True greedyα=41
    walk 43/64 |S|=29 tri_free=True greedyα=26
    walk 44/64 |S|=28 tri_free=True greedyα=30
    walk 45/64 |S|=32 tri_free=True greedyα=50
    walk 46/64 |S|=29 tri_free=True greedyα=28
    walk 47/64 |S|=30 tri_free=True greedyα=35
    walk 48/64 |S|=32 tri_free=True greedyα=35
    walk 49/64 |S|=29 tri_free=True greedyα=27
    walk 50/64 |S|=33 tri_free=True greedyα=32
    walk 51/64 |S|=29 tri_free=True greedyα=31
    walk 52/64 |S|=31 tri_free=True greedyα=35
    walk 53/64 |S|=32 orbit-dup skip
    walk 54/64 |S|=29 tri_free=True greedyα=35
    walk 55/64 |S|=27 tri_free=True greedyα=43
    walk 56/64 |S|=30 tri_free=True greedyα=55
    walk 57/64 |S|=33 orbit-dup skip
    walk 58/64 |S|=32 tri_free=True greedyα=55
    walk 59/64 |S|=30 tri_free=True greedyα=42
    walk 60/64 |S|=28 tri_free=True greedyα=33
    walk 61/64 |S|=30 orbit-dup skip
    walk 62/64 |S|=28 tri_free=True greedyα=35
    walk 63/64 |S|=31 tri_free=True greedyα=33
    walk 64/64 |S|=30 tri_free=True greedyα=43
  [5c] p=337 e=8 D1∪D2 pool=42 t=20
    walk 1/64 |S|=31 tri_free=True greedyα=41
    walk 2/64 |S|=28 tri_free=True greedyα=32
    walk 3/64 |S|=29 tri_free=True greedyα=32
    walk 4/64 |S|=29 tri_free=True greedyα=28
    walk 5/64 |S|=30 tri_free=True greedyα=35
    walk 6/64 |S|=29 tri_free=True greedyα=34
    walk 7/64 |S|=29 tri_free=True greedyα=35
    walk 8/64 |S|=30 tri_free=True greedyα=30
    walk 9/64 |S|=33 tri_free=True greedyα=32
    walk 10/64 |S|=30 tri_free=True greedyα=37
    walk 11/64 |S|=26 tri_free=True greedyα=27
    walk 12/64 |S|=31 tri_free=True greedyα=32
    walk 13/64 |S|=29 tri_free=True greedyα=43
    walk 14/64 |S|=27 tri_free=True greedyα=30
    walk 15/64 |S|=30 tri_free=True greedyα=30
    walk 16/64 |S|=25 tri_free=True greedyα=27
    walk 17/64 |S|=26 tri_free=True greedyα=26
    walk 18/64 |S|=30 tri_free=True greedyα=29
    walk 19/64 |S|=32 tri_free=True greedyα=32
    walk 20/64 |S|=29 tri_free=True greedyα=27
    walk 21/64 |S|=28 tri_free=True greedyα=29
    walk 22/64 |S|=29 tri_free=True greedyα=29
    walk 23/64 |S|=27 tri_free=True greedyα=27
    walk 24/64 |S|=30 tri_free=True greedyα=27
    walk 25/64 |S|=28 tri_free=True greedyα=29
    walk 26/64 |S|=28 tri_free=True greedyα=33
    walk 27/64 |S|=29 tri_free=True greedyα=32
    walk 28/64 |S|=28 tri_free=True greedyα=53
    walk 29/64 |S|=28 tri_free=True greedyα=27
    walk 30/64 |S|=28 tri_free=True greedyα=28
    walk 31/64 |S|=29 tri_free=True greedyα=31
    walk 32/64 |S|=29 tri_free=True greedyα=42
    walk 33/64 |S|=27 tri_free=True greedyα=28
    walk 34/64 |S|=29 tri_free=True greedyα=23
    walk 35/64 |S|=30 tri_free=True greedyα=35
    walk 36/64 |S|=32 tri_free=True greedyα=35
    walk 37/64 |S|=29 tri_free=True greedyα=31
    walk 38/64 |S|=30 tri_free=True greedyα=31
    walk 39/64 |S|=29 tri_free=True greedyα=33
    walk 40/64 |S|=28 tri_free=True greedyα=27
    walk 41/64 |S|=32 tri_free=True greedyα=50
    walk 42/64 |S|=32 tri_free=True greedyα=35
    walk 43/64 |S|=29 tri_free=True greedyα=26
    walk 44/64 |S|=27 tri_free=True greedyα=27
    walk 45/64 |S|=31 tri_free=True greedyα=35
    walk 46/64 |S|=27 tri_free=True greedyα=30
    walk 47/64 |S|=29 tri_free=True greedyα=35
    walk 48/64 |S|=29 tri_free=True greedyα=33
    walk 49/64 |S|=29 tri_free=True greedyα=30
    walk 50/64 |S|=29 tri_free=True greedyα=40
    walk 51/64 |S|=32 tri_free=True greedyα=45
    walk 52/64 |S|=29 tri_free=True greedyα=28
    walk 53/64 |S|=31 tri_free=True greedyα=35
    walk 54/64 |S|=28 tri_free=True greedyα=30
    walk 55/64 |S|=28 tri_free=True greedyα=32
    walk 56/64 |S|=33 orbit-dup skip
    walk 57/64 |S|=28 tri_free=True greedyα=32
    walk 58/64 |S|=31 tri_free=True greedyα=43
    walk 59/64 |S|=31 tri_free=True greedyα=27
    walk 60/64 |S|=29 tri_free=True greedyα=34
    walk 61/64 |S|=30 tri_free=True greedyα=27
    walk 62/64 |S|=27 tri_free=True greedyα=28
    walk 63/64 |S|=32 orbit-dup skip
    walk 64/64 |S|=29 tri_free=True greedyα=34
  [5c] p=337 e=8 D1∪D3 pool=42 t=20
    walk 1/64 |S|=25 tri_free=True greedyα=27
    walk 2/64 |S|=24 tri_free=True greedyα=29
    walk 3/64 |S|=26 tri_free=True greedyα=37
    walk 4/64 |S|=25 tri_free=True greedyα=33
    walk 5/64 |S|=25 tri_free=True greedyα=29
    walk 6/64 |S|=26 tri_free=True greedyα=63
    walk 7/64 |S|=24 tri_free=True greedyα=30
    walk 8/64 |S|=23 tri_free=True greedyα=28
    walk 9/64 |S|=24 tri_free=True greedyα=25
    walk 10/64 |S|=24 tri_free=True greedyα=28
    walk 11/64 |S|=24 tri_free=True greedyα=28
    walk 12/64 |S|=25 tri_free=True greedyα=44
    walk 13/64 |S|=25 tri_free=True greedyα=28
    walk 14/64 |S|=24 tri_free=True greedyα=28
    walk 15/64 |S|=25 tri_free=True greedyα=35
    walk 16/64 |S|=24 tri_free=True greedyα=33
    walk 17/64 |S|=26 tri_free=True greedyα=31
    walk 18/64 |S|=24 tri_free=True greedyα=27
    walk 19/64 |S|=24 tri_free=True greedyα=51
    walk 20/64 |S|=26 tri_free=True greedyα=29
    walk 21/64 |S|=23 tri_free=True greedyα=37
    walk 22/64 |S|=25 tri_free=True greedyα=33
    walk 23/64 |S|=25 tri_free=True greedyα=32
    walk 24/64 |S|=23 tri_free=True greedyα=28
    walk 25/64 |S|=22 tri_free=True greedyα=27
    walk 26/64 |S|=25 tri_free=True greedyα=27
    walk 27/64 |S|=24 tri_free=True greedyα=27
    walk 28/64 |S|=25 tri_free=True greedyα=29
    walk 29/64 |S|=25 tri_free=True greedyα=32
    walk 30/64 |S|=23 tri_free=True greedyα=33
    walk 31/64 |S|=24 tri_free=True greedyα=30
    walk 32/64 |S|=27 tri_free=True greedyα=30
    walk 33/64 |S|=25 tri_free=True greedyα=32
    walk 34/64 |S|=25 tri_free=True greedyα=31
    walk 35/64 |S|=24 tri_free=True greedyα=33
    walk 36/64 |S|=25 tri_free=True greedyα=31
    walk 37/64 |S|=25 tri_free=True greedyα=31
    walk 38/64 |S|=24 tri_free=True greedyα=30
    walk 39/64 |S|=25 tri_free=True greedyα=30
    walk 40/64 |S|=26 tri_free=True greedyα=28
    walk 41/64 |S|=24 tri_free=True greedyα=27
    walk 42/64 |S|=26 tri_free=True greedyα=30
    walk 43/64 |S|=26 tri_free=True greedyα=28
    walk 44/64 |S|=24 tri_free=True greedyα=31
    walk 45/64 |S|=26 tri_free=True greedyα=28
    walk 46/64 |S|=26 tri_free=True greedyα=32
    walk 47/64 |S|=25 tri_free=True greedyα=29
    walk 48/64 |S|=25 tri_free=True greedyα=32
    walk 49/64 |S|=24 tri_free=True greedyα=27
    walk 50/64 |S|=25 tri_free=True greedyα=26
    walk 51/64 |S|=25 tri_free=True greedyα=29
    walk 52/64 |S|=24 tri_free=True greedyα=30
    walk 53/64 |S|=25 tri_free=True greedyα=28
    walk 54/64 |S|=24 tri_free=True greedyα=33
    walk 55/64 |S|=24 tri_free=True greedyα=30
    walk 56/64 |S|=25 tri_free=True greedyα=30
    walk 57/64 |S|=24 tri_free=True greedyα=30
    walk 58/64 |S|=25 tri_free=True greedyα=38
    walk 59/64 |S|=25 tri_free=True greedyα=37
    walk 60/64 |S|=25 tri_free=True greedyα=28
    walk 61/64 |S|=25 tri_free=True greedyα=31
    walk 62/64 |S|=27 tri_free=True greedyα=31
    walk 63/64 |S|=24 tri_free=True greedyα=28
    walk 64/64 |S|=25 tri_free=True greedyα=29
  [5c] p=337 e=8 D1∪D4 pool=42 t=20
    walk 1/64 |S|=27 tri_free=True greedyα=27
    walk 2/64 |S|=28 tri_free=True greedyα=28
    walk 3/64 |S|=27 tri_free=True greedyα=30
    walk 4/64 |S|=30 tri_free=True greedyα=29
    walk 5/64 |S|=26 tri_free=True greedyα=28
    walk 6/64 |S|=28 tri_free=True greedyα=42
    walk 7/64 |S|=27 tri_free=True greedyα=35
    walk 8/64 |S|=28 tri_free=True greedyα=34
    walk 9/64 |S|=28 tri_free=True greedyα=23
    walk 10/64 |S|=28 tri_free=True greedyα=30
    walk 11/64 |S|=27 tri_free=True greedyα=29
    walk 12/64 |S|=27 tri_free=True greedyα=31
    walk 13/64 |S|=27 tri_free=True greedyα=27
    walk 14/64 |S|=27 tri_free=True greedyα=25
    walk 15/64 |S|=26 tri_free=True greedyα=28
    walk 16/64 |S|=28 tri_free=True greedyα=25
    walk 17/64 |S|=27 tri_free=True greedyα=26
    walk 18/64 |S|=28 tri_free=True greedyα=32
    walk 19/64 |S|=27 tri_free=True greedyα=32
    walk 20/64 |S|=28 tri_free=True greedyα=25
    walk 21/64 |S|=28 tri_free=True greedyα=29
    walk 22/64 |S|=29 tri_free=True greedyα=39
    walk 23/64 |S|=28 tri_free=True greedyα=23
    walk 24/64 |S|=27 tri_free=True greedyα=27
    walk 25/64 |S|=26 tri_free=True greedyα=27
    walk 26/64 |S|=27 tri_free=True greedyα=25
    walk 27/64 |S|=28 tri_free=True greedyα=26
    walk 28/64 |S|=28 tri_free=True greedyα=28
    walk 29/64 |S|=27 tri_free=True greedyα=31
    walk 30/64 |S|=28 tri_free=True greedyα=26
    walk 31/64 |S|=27 tri_free=True greedyα=30
    walk 32/64 |S|=28 tri_free=True greedyα=29
    walk 33/64 |S|=26 tri_free=True greedyα=28
    walk 34/64 |S|=26 tri_free=True greedyα=29
    walk 35/64 |S|=29 tri_free=True greedyα=24
    walk 36/64 |S|=27 tri_free=True greedyα=26
    walk 37/64 |S|=30 tri_free=True greedyα=28
    walk 38/64 |S|=27 tri_free=True greedyα=29
    walk 39/64 |S|=26 tri_free=True greedyα=25
    walk 40/64 |S|=26 tri_free=True greedyα=30
    walk 41/64 |S|=27 tri_free=True greedyα=39
    walk 42/64 |S|=28 tri_free=True greedyα=28
    walk 43/64 |S|=28 tri_free=True greedyα=27
    walk 44/64 |S|=26 tri_free=True greedyα=34
    walk 45/64 |S|=27 tri_free=True greedyα=27
    walk 46/64 |S|=28 tri_free=True greedyα=32
    walk 47/64 |S|=25 tri_free=True greedyα=25
    walk 48/64 |S|=29 tri_free=True greedyα=26
    walk 49/64 |S|=27 tri_free=True greedyα=32
    walk 50/64 |S|=27 tri_free=True greedyα=31
    walk 51/64 |S|=27 tri_free=True greedyα=27
    walk 52/64 |S|=27 tri_free=True greedyα=29
    walk 53/64 |S|=27 tri_free=True greedyα=27
    walk 54/64 |S|=26 tri_free=True greedyα=36
    walk 55/64 |S|=27 tri_free=True greedyα=28
    walk 56/64 |S|=27 tri_free=True greedyα=22
    walk 57/64 |S|=27 tri_free=True greedyα=27
    walk 58/64 |S|=28 tri_free=True greedyα=24
    walk 59/64 |S|=28 tri_free=True greedyα=30
    walk 60/64 |S|=26 tri_free=True greedyα=26
    walk 61/64 |S|=29 tri_free=True greedyα=31
    walk 62/64 |S|=29 tri_free=True greedyα=27
    walk 63/64 |S|=27 tri_free=True greedyα=32
    walk 64/64 |S|=27 tri_free=True greedyα=36
  [5c] p=337 e=8 D1∪D5 pool=42 t=20
    walk 1/64 |S|=42 tri_free=True greedyα=15
    walk 2/64 |S|=42 orbit-dup skip
    walk 3/64 |S|=42 orbit-dup skip
    walk 4/64 |S|=42 orbit-dup skip
    walk 5/64 |S|=42 orbit-dup skip
    walk 6/64 |S|=42 orbit-dup skip
    walk 7/64 |S|=42 orbit-dup skip
    walk 8/64 |S|=42 orbit-dup skip
    walk 9/64 |S|=42 orbit-dup skip
    walk 10/64 |S|=42 orbit-dup skip
    walk 11/64 |S|=42 orbit-dup skip
    walk 12/64 |S|=42 orbit-dup skip
    walk 13/64 |S|=42 orbit-dup skip
    walk 14/64 |S|=42 orbit-dup skip
    walk 15/64 |S|=42 orbit-dup skip
    walk 16/64 |S|=42 orbit-dup skip
    walk 17/64 |S|=42 orbit-dup skip
    walk 18/64 |S|=42 orbit-dup skip
    walk 19/64 |S|=42 orbit-dup skip
    walk 20/64 |S|=42 orbit-dup skip
    walk 21/64 |S|=42 orbit-dup skip
    walk 22/64 |S|=42 orbit-dup skip
    walk 23/64 |S|=42 orbit-dup skip
    walk 24/64 |S|=42 orbit-dup skip
    walk 25/64 |S|=42 orbit-dup skip
    walk 26/64 |S|=42 orbit-dup skip
    walk 27/64 |S|=42 orbit-dup skip
    walk 28/64 |S|=42 orbit-dup skip
    walk 29/64 |S|=42 orbit-dup skip
    walk 30/64 |S|=42 orbit-dup skip
    walk 31/64 |S|=42 orbit-dup skip
    walk 32/64 |S|=42 orbit-dup skip
    walk 33/64 |S|=42 orbit-dup skip
    walk 34/64 |S|=42 orbit-dup skip
    walk 35/64 |S|=42 orbit-dup skip
    walk 36/64 |S|=42 orbit-dup skip
    walk 37/64 |S|=42 orbit-dup skip
    walk 38/64 |S|=42 orbit-dup skip
    walk 39/64 |S|=42 orbit-dup skip
    walk 40/64 |S|=42 orbit-dup skip
    walk 41/64 |S|=42 orbit-dup skip
    walk 42/64 |S|=42 orbit-dup skip
    walk 43/64 |S|=42 orbit-dup skip
    walk 44/64 |S|=42 orbit-dup skip
    walk 45/64 |S|=42 orbit-dup skip
    walk 46/64 |S|=42 orbit-dup skip
    walk 47/64 |S|=42 orbit-dup skip
    walk 48/64 |S|=42 orbit-dup skip
    walk 49/64 |S|=42 orbit-dup skip
    walk 50/64 |S|=42 orbit-dup skip
    walk 51/64 |S|=42 orbit-dup skip
    walk 52/64 |S|=42 orbit-dup skip
    walk 53/64 |S|=42 orbit-dup skip
    walk 54/64 |S|=42 orbit-dup skip
    walk 55/64 |S|=42 orbit-dup skip
    walk 56/64 |S|=42 orbit-dup skip
    walk 57/64 |S|=42 orbit-dup skip
    walk 58/64 |S|=42 orbit-dup skip
    walk 59/64 |S|=42 orbit-dup skip
    walk 60/64 |S|=42 orbit-dup skip
    walk 61/64 |S|=42 orbit-dup skip
    walk 62/64 |S|=42 orbit-dup skip
    walk 63/64 |S|=42 orbit-dup skip
    walk 64/64 |S|=42 orbit-dup skip
      MIS |S|=42 greedyα=15 residual IS ≥ 19 (α(G)≥20) {'found': True, 'lower': 19, 'exact': True, 'nodes': 21, 'seconds': 0.0006641633808612823, 'timed_out': False, 'backend': 'c-decide'}
  [5c] p=337 e=8 D1∪D6 pool=42 t=20
    walk 1/64 |S|=28 tri_free=True greedyα=29
    walk 2/64 |S|=28 tri_free=True greedyα=32
    walk 3/64 |S|=27 tri_free=True greedyα=42
    walk 4/64 |S|=28 tri_free=True greedyα=30
    walk 5/64 |S|=27 tri_free=True greedyα=28
    walk 6/64 |S|=27 tri_free=True greedyα=23
    walk 7/64 |S|=27 tri_free=True greedyα=35
    walk 8/64 |S|=28 tri_free=True greedyα=28
    walk 9/64 |S|=26 tri_free=True greedyα=31
    walk 10/64 |S|=27 tri_free=True greedyα=27
    walk 11/64 |S|=28 tri_free=True greedyα=29
    walk 12/64 |S|=30 tri_free=True greedyα=30
    walk 13/64 |S|=26 tri_free=True greedyα=27
    walk 14/64 |S|=28 tri_free=True greedyα=26
    walk 15/64 |S|=29 tri_free=True greedyα=27
    walk 16/64 |S|=27 tri_free=True greedyα=26
    walk 17/64 |S|=26 tri_free=True greedyα=29
    walk 18/64 |S|=28 tri_free=True greedyα=23
    walk 19/64 |S|=27 tri_free=True greedyα=43
    walk 20/64 |S|=28 tri_free=True greedyα=30
    walk 21/64 |S|=27 tri_free=True greedyα=23
    walk 22/64 |S|=27 tri_free=True greedyα=35
    walk 23/64 |S|=30 tri_free=True greedyα=33
    walk 24/64 |S|=26 tri_free=True greedyα=31
    walk 25/64 |S|=27 tri_free=True greedyα=26
    walk 26/64 |S|=27 tri_free=True greedyα=25
    walk 27/64 |S|=28 tri_free=True greedyα=28
    walk 28/64 |S|=27 tri_free=True greedyα=27
    walk 29/64 |S|=27 tri_free=True greedyα=23
    walk 30/64 |S|=29 tri_free=True greedyα=29
    walk 31/64 |S|=28 tri_free=True greedyα=28
    walk 32/64 |S|=26 tri_free=True greedyα=28
    walk 33/64 |S|=26 tri_free=True greedyα=28
    walk 34/64 |S|=29 tri_free=True greedyα=29
    walk 35/64 |S|=28 tri_free=True greedyα=23
    walk 36/64 |S|=26 tri_free=True greedyα=27
    walk 37/64 |S|=26 tri_free=True greedyα=25
    walk 38/64 |S|=28 tri_free=True greedyα=31
    walk 39/64 |S|=27 tri_free=True greedyα=31
    walk 40/64 |S|=29 tri_free=True greedyα=35
    walk 41/64 |S|=27 tri_free=True greedyα=26
    walk 42/64 |S|=28 tri_free=True greedyα=27
    walk 43/64 |S|=27 tri_free=True greedyα=30
    walk 44/64 |S|=27 tri_free=True greedyα=36
    walk 45/64 |S|=28 tri_free=True greedyα=29
    walk 46/64 |S|=28 tri_free=True greedyα=24
    walk 47/64 |S|=29 tri_free=True greedyα=26
    walk 48/64 |S|=27 tri_free=True greedyα=35
    walk 49/64 |S|=28 tri_free=True greedyα=24
    walk 50/64 |S|=28 tri_free=True greedyα=24
    walk 51/64 |S|=27 tri_free=True greedyα=43
    walk 52/64 |S|=27 tri_free=True greedyα=34
    walk 53/64 |S|=28 tri_free=True greedyα=31
    walk 54/64 |S|=26 tri_free=True greedyα=27
    walk 55/64 |S|=28 tri_free=True greedyα=27
    walk 56/64 |S|=28 tri_free=True greedyα=41
    walk 57/64 |S|=26 tri_free=True greedyα=28
    walk 58/64 |S|=26 tri_free=True greedyα=28
    walk 59/64 |S|=30 tri_free=True greedyα=35
    walk 60/64 |S|=27 tri_free=True greedyα=33
    walk 61/64 |S|=27 tri_free=True greedyα=32
    walk 62/64 |S|=27 tri_free=True greedyα=29
    walk 63/64 |S|=28 tri_free=True greedyα=43
    walk 64/64 |S|=27 tri_free=True greedyα=25
  [5c] p=337 e=8 D1∪D7 pool=42 t=20
    walk 1/64 |S|=24 tri_free=True greedyα=27
    walk 2/64 |S|=25 tri_free=True greedyα=34
    walk 3/64 |S|=23 tri_free=True greedyα=27
    walk 4/64 |S|=26 tri_free=True greedyα=32
    walk 5/64 |S|=24 tri_free=True greedyα=28
    walk 6/64 |S|=27 tri_free=True greedyα=30
    walk 7/64 |S|=24 tri_free=True greedyα=30
    walk 8/64 |S|=24 tri_free=True greedyα=34
    walk 9/64 |S|=26 tri_free=True greedyα=28
    walk 10/64 |S|=24 tri_free=True greedyα=29
    walk 11/64 |S|=24 tri_free=True greedyα=31
    walk 12/64 |S|=25 tri_free=True greedyα=34
    walk 13/64 |S|=24 tri_free=True greedyα=30
    walk 14/64 |S|=25 tri_free=True greedyα=26
    walk 15/64 |S|=27 tri_free=True greedyα=31
    walk 16/64 |S|=24 tri_free=True greedyα=27
    walk 17/64 |S|=26 tri_free=True greedyα=28
    walk 18/64 |S|=25 tri_free=True greedyα=34
    walk 19/64 |S|=23 tri_free=True greedyα=31
    walk 20/64 |S|=27 tri_free=True greedyα=29
    walk 21/64 |S|=24 tri_free=True greedyα=31
    walk 22/64 |S|=24 tri_free=True greedyα=30
    walk 23/64 |S|=25 tri_free=True greedyα=28
    walk 24/64 |S|=23 tri_free=True greedyα=33
    walk 25/64 |S|=25 tri_free=True greedyα=26
    walk 26/64 |S|=25 tri_free=True greedyα=36
    walk 27/64 |S|=26 tri_free=True greedyα=26
    walk 28/64 |S|=26 tri_free=True greedyα=31
    walk 29/64 |S|=25 tri_free=True greedyα=26
    walk 30/64 |S|=26 tri_free=True greedyα=30
    walk 31/64 |S|=25 tri_free=True greedyα=30
    walk 32/64 |S|=25 tri_free=True greedyα=25
    walk 33/64 |S|=25 tri_free=True greedyα=28
    walk 34/64 |S|=25 tri_free=True greedyα=34
    walk 35/64 |S|=23 tri_free=True greedyα=30
    walk 36/64 |S|=26 tri_free=True greedyα=27
    walk 37/64 |S|=24 tri_free=True greedyα=28
    walk 38/64 |S|=25 tri_free=True greedyα=27
    walk 39/64 |S|=25 tri_free=True greedyα=27
    walk 40/64 |S|=24 tri_free=True greedyα=30
    walk 41/64 |S|=25 tri_free=True greedyα=44
    walk 42/64 |S|=24 tri_free=True greedyα=33
    walk 43/64 |S|=26 tri_free=True greedyα=35
    walk 44/64 |S|=24 tri_free=True greedyα=32
    walk 45/64 |S|=26 tri_free=True greedyα=28
    walk 46/64 |S|=25 tri_free=True greedyα=26
    walk 47/64 |S|=23 tri_free=True greedyα=32
    walk 48/64 |S|=24 tri_free=True greedyα=35
    walk 49/64 |S|=24 tri_free=True greedyα=30
    walk 50/64 |S|=24 tri_free=True greedyα=30
    walk 51/64 |S|=24 tri_free=True greedyα=30
    walk 52/64 |S|=24 tri_free=True greedyα=32
    walk 53/64 |S|=24 tri_free=True greedyα=32
    walk 54/64 |S|=25 tri_free=True greedyα=29
    walk 55/64 |S|=25 tri_free=True greedyα=28
    walk 56/64 |S|=24 tri_free=True greedyα=28
    walk 57/64 |S|=26 tri_free=True greedyα=26
    walk 58/64 |S|=25 tri_free=True greedyα=41
    walk 59/64 |S|=24 tri_free=True greedyα=32
    walk 60/64 |S|=24 tri_free=True greedyα=30
    walk 61/64 |S|=25 tri_free=True greedyα=33
    walk 62/64 |S|=23 tri_free=True greedyα=28
    walk 63/64 |S|=23 tri_free=True greedyα=31
    walk 64/64 |S|=24 tri_free=True greedyα=32
  [5c] p=337 e=8 D2∪D3 pool=42 t=20
    walk 1/64 |S|=30 tri_free=True greedyα=25
    walk 2/64 |S|=27 tri_free=True greedyα=43
    walk 3/64 |S|=29 tri_free=True greedyα=27
    walk 4/64 |S|=29 tri_free=True greedyα=36
    walk 5/64 |S|=26 tri_free=True greedyα=27
    walk 6/64 |S|=29 tri_free=True greedyα=28
    walk 7/64 |S|=30 tri_free=True greedyα=39
    walk 8/64 |S|=31 tri_free=True greedyα=33
    walk 9/64 |S|=31 tri_free=True greedyα=30
    walk 10/64 |S|=30 tri_free=True greedyα=32
    walk 11/64 |S|=28 tri_free=True greedyα=32
    walk 12/64 |S|=31 tri_free=True greedyα=31
    walk 13/64 |S|=29 tri_free=True greedyα=39
    walk 14/64 |S|=29 tri_free=True greedyα=29
    walk 15/64 |S|=32 tri_free=True greedyα=35
    walk 16/64 |S|=30 tri_free=True greedyα=35
    walk 17/64 |S|=31 tri_free=True greedyα=35
    walk 18/64 |S|=28 tri_free=True greedyα=31
    walk 19/64 |S|=29 tri_free=True greedyα=28
    walk 20/64 |S|=28 tri_free=True greedyα=28
    walk 21/64 |S|=29 tri_free=True greedyα=33
    walk 22/64 |S|=30 tri_free=True greedyα=29
    walk 23/64 |S|=27 tri_free=True greedyα=29
    walk 24/64 |S|=30 tri_free=True greedyα=35
    walk 25/64 |S|=25 tri_free=True greedyα=34
    walk 26/64 |S|=30 tri_free=True greedyα=27
    walk 27/64 |S|=30 tri_free=True greedyα=42
    walk 28/64 |S|=29 tri_free=True greedyα=32
    walk 29/64 |S|=27 tri_free=True greedyα=43
    walk 30/64 |S|=32 tri_free=True greedyα=35
    walk 31/64 |S|=28 tri_free=True greedyα=27
    walk 32/64 |S|=30 tri_free=True greedyα=31
    walk 33/64 |S|=24 tri_free=True greedyα=28
    walk 34/64 |S|=26 tri_free=True greedyα=36
    walk 35/64 |S|=29 tri_free=True greedyα=31
    walk 36/64 |S|=30 tri_free=True greedyα=34
    walk 37/64 |S|=27 tri_free=True greedyα=29
    walk 38/64 |S|=27 tri_free=True greedyα=35
    walk 39/64 |S|=30 tri_free=True greedyα=37
    walk 40/64 |S|=29 tri_free=True greedyα=39
    walk 41/64 |S|=28 tri_free=True greedyα=33
    walk 42/64 |S|=28 tri_free=True greedyα=27
    walk 43/64 |S|=29 tri_free=True greedyα=30
    walk 44/64 |S|=30 tri_free=True greedyα=32
    walk 45/64 |S|=29 tri_free=True greedyα=34
    walk 46/64 |S|=30 tri_free=True greedyα=30
    walk 47/64 |S|=28 tri_free=True greedyα=44
    walk 48/64 |S|=28 tri_free=True greedyα=24
    walk 49/64 |S|=28 tri_free=True greedyα=29
    walk 50/64 |S|=33 tri_free=True greedyα=34
    walk 51/64 |S|=30 tri_free=True greedyα=28
    walk 52/64 |S|=30 tri_free=True greedyα=56
    walk 53/64 |S|=31 tri_free=True greedyα=35
    walk 54/64 |S|=29 tri_free=True greedyα=31
    walk 55/64 |S|=27 tri_free=True greedyα=28
    walk 56/64 |S|=31 tri_free=True greedyα=33
    walk 57/64 |S|=28 tri_free=True greedyα=26
    walk 58/64 |S|=31 tri_free=True greedyα=35
    walk 59/64 |S|=30 tri_free=True greedyα=37
    walk 60/64 |S|=32 tri_free=True greedyα=33
    walk 61/64 |S|=30 tri_free=True greedyα=35
    walk 62/64 |S|=30 tri_free=True greedyα=33
    walk 63/64 |S|=30 tri_free=True greedyα=37
    walk 64/64 |S|=29 tri_free=True greedyα=27
  [5c] p=337 e=8 D2∪D4 pool=42 t=20
    walk 1/64 |S|=27 tri_free=True greedyα=30
    walk 2/64 |S|=25 tri_free=True greedyα=35
    walk 3/64 |S|=24 tri_free=True greedyα=31
    walk 4/64 |S|=25 tri_free=True greedyα=28
    walk 5/64 |S|=25 tri_free=True greedyα=25
    walk 6/64 |S|=26 tri_free=True greedyα=30
    walk 7/64 |S|=23 tri_free=True greedyα=30
    walk 8/64 |S|=26 tri_free=True greedyα=25
    walk 9/64 |S|=25 tri_free=True greedyα=28
    walk 10/64 |S|=26 tri_free=True greedyα=29
    walk 11/64 |S|=24 tri_free=True greedyα=53
    walk 12/64 |S|=25 tri_free=True greedyα=30
    walk 13/64 |S|=25 tri_free=True greedyα=29
    walk 14/64 |S|=25 tri_free=True greedyα=34
    walk 15/64 |S|=24 tri_free=True greedyα=31
    walk 16/64 |S|=24 tri_free=True greedyα=53
    walk 17/64 |S|=24 tri_free=True greedyα=31
    walk 18/64 |S|=25 tri_free=True greedyα=33
    walk 19/64 |S|=24 tri_free=True greedyα=31
    walk 20/64 |S|=25 tri_free=True greedyα=27
    walk 21/64 |S|=27 tri_free=True greedyα=28
    walk 22/64 |S|=25 tri_free=True greedyα=27
    walk 23/64 |S|=25 tri_free=True greedyα=41
    walk 24/64 |S|=25 tri_free=True greedyα=27
    walk 25/64 |S|=26 tri_free=True greedyα=32
    walk 26/64 |S|=25 tri_free=True greedyα=29
    walk 27/64 |S|=23 tri_free=True greedyα=29
    walk 28/64 |S|=23 tri_free=True greedyα=42
    walk 29/64 |S|=25 tri_free=True greedyα=31
    walk 30/64 |S|=23 tri_free=True greedyα=35
    walk 31/64 |S|=25 tri_free=True greedyα=31
    walk 32/64 |S|=24 tri_free=True greedyα=26
    walk 33/64 |S|=25 tri_free=True greedyα=27
    walk 34/64 |S|=24 tri_free=True greedyα=43
    walk 35/64 |S|=24 tri_free=True greedyα=54
    walk 36/64 |S|=24 tri_free=True greedyα=55
    walk 37/64 |S|=24 tri_free=True greedyα=30
    walk 38/64 |S|=25 tri_free=True greedyα=26
    walk 39/64 |S|=24 tri_free=True greedyα=32
    walk 40/64 |S|=24 tri_free=True greedyα=30
    walk 41/64 |S|=25 tri_free=True greedyα=25
    walk 42/64 |S|=25 tri_free=True greedyα=28
    walk 43/64 |S|=23 tri_free=True greedyα=41
    walk 44/64 |S|=26 tri_free=True greedyα=64
    walk 45/64 |S|=25 tri_free=True greedyα=41
    walk 46/64 |S|=25 tri_free=True greedyα=29
    walk 47/64 |S|=26 tri_free=True greedyα=32
    walk 48/64 |S|=25 tri_free=True greedyα=33
    walk 49/64 |S|=24 tri_free=True greedyα=28
    walk 50/64 |S|=26 tri_free=True greedyα=25
    walk 51/64 |S|=25 tri_free=True greedyα=29
    walk 52/64 |S|=24 tri_free=True greedyα=30
    walk 53/64 |S|=26 tri_free=True greedyα=25
    walk 54/64 |S|=26 tri_free=True greedyα=28
    walk 55/64 |S|=26 tri_free=True greedyα=41
    walk 56/64 |S|=24 tri_free=True greedyα=29
    walk 57/64 |S|=26 tri_free=True greedyα=22
    walk 58/64 |S|=26 tri_free=True greedyα=31
    walk 59/64 |S|=25 tri_free=True greedyα=34
    walk 60/64 |S|=24 tri_free=True greedyα=26
    walk 61/64 |S|=24 tri_free=True greedyα=33
    walk 62/64 |S|=24 tri_free=True greedyα=28
    walk 63/64 |S|=24 tri_free=True greedyα=32
    walk 64/64 |S|=24 tri_free=True greedyα=34
  [5c] p=337 e=8 D2∪D5 pool=42 t=20
    walk 1/64 |S|=26 tri_free=True greedyα=33
    walk 2/64 |S|=27 tri_free=True greedyα=30
    walk 3/64 |S|=28 tri_free=True greedyα=23
    walk 4/64 |S|=27 tri_free=True greedyα=48
    walk 5/64 |S|=27 tri_free=True greedyα=31
    walk 6/64 |S|=27 tri_free=True greedyα=36
    walk 7/64 |S|=29 tri_free=True greedyα=32
    walk 8/64 |S|=27 tri_free=True greedyα=27
    walk 9/64 |S|=29 tri_free=True greedyα=29
    walk 10/64 |S|=30 tri_free=True greedyα=29
    walk 11/64 |S|=27 tri_free=True greedyα=25
    walk 12/64 |S|=28 tri_free=True greedyα=26
    walk 13/64 |S|=30 tri_free=True greedyα=32
    walk 14/64 |S|=27 tri_free=True greedyα=31
    walk 15/64 |S|=27 tri_free=True greedyα=32
    walk 16/64 |S|=27 tri_free=True greedyα=29
    walk 17/64 |S|=28 tri_free=True greedyα=33
    walk 18/64 |S|=25 tri_free=True greedyα=29
    walk 19/64 |S|=27 tri_free=True greedyα=27
    walk 20/64 |S|=29 tri_free=True greedyα=30
    walk 21/64 |S|=25 tri_free=True greedyα=29
    walk 22/64 |S|=28 tri_free=True greedyα=30
    walk 23/64 |S|=28 tri_free=True greedyα=50
    walk 24/64 |S|=27 tri_free=True greedyα=45
    walk 25/64 |S|=28 tri_free=True greedyα=27
    walk 26/64 |S|=28 tri_free=True greedyα=50
    walk 27/64 |S|=27 tri_free=True greedyα=31
    walk 28/64 |S|=26 tri_free=True greedyα=29
    walk 29/64 |S|=28 tri_free=True greedyα=27
    walk 30/64 |S|=26 tri_free=True greedyα=31
    walk 31/64 |S|=27 tri_free=True greedyα=26
    walk 32/64 |S|=27 tri_free=True greedyα=44
    walk 33/64 |S|=27 tri_free=True greedyα=30
    walk 34/64 |S|=29 tri_free=True greedyα=34
    walk 35/64 |S|=27 tri_free=True greedyα=27
    walk 36/64 |S|=28 tri_free=True greedyα=42
    walk 37/64 |S|=28 tri_free=True greedyα=35
    walk 38/64 |S|=25 tri_free=True greedyα=28
    walk 39/64 |S|=30 tri_free=True greedyα=31
    walk 40/64 |S|=27 tri_free=True greedyα=28
    walk 41/64 |S|=28 tri_free=True greedyα=26
    walk 42/64 |S|=27 tri_free=True greedyα=32
    walk 43/64 |S|=29 tri_free=True greedyα=28
    walk 44/64 |S|=28 tri_free=True greedyα=26
    walk 45/64 |S|=28 tri_free=True greedyα=29
    walk 46/64 |S|=27 tri_free=True greedyα=33
    walk 47/64 |S|=29 tri_free=True greedyα=30
    walk 48/64 |S|=27 tri_free=True greedyα=27
    walk 49/64 |S|=28 tri_free=True greedyα=21
    walk 50/64 |S|=28 tri_free=True greedyα=21
    walk 51/64 |S|=29 tri_free=True greedyα=26
    walk 52/64 |S|=27 tri_free=True greedyα=31
    walk 53/64 |S|=26 tri_free=True greedyα=31
    walk 54/64 |S|=28 tri_free=True greedyα=28
    walk 55/64 |S|=27 tri_free=True greedyα=32
    walk 56/64 |S|=26 tri_free=True greedyα=31
    walk 57/64 |S|=28 tri_free=True greedyα=31
    walk 58/64 |S|=26 tri_free=True greedyα=27
    walk 59/64 |S|=28 tri_free=True greedyα=32
    walk 60/64 |S|=29 tri_free=True greedyα=30
    walk 61/64 |S|=26 tri_free=True greedyα=26
    walk 62/64 |S|=28 tri_free=True greedyα=36
    walk 63/64 |S|=27 tri_free=True greedyα=25
    walk 64/64 |S|=30 tri_free=True greedyα=30
  [5c] p=337 e=8 D2∪D6 pool=42 t=20
    walk 1/64 |S|=42 tri_free=True greedyα=18
    walk 2/64 |S|=42 orbit-dup skip
    walk 3/64 |S|=42 orbit-dup skip
    walk 4/64 |S|=42 orbit-dup skip
    walk 5/64 |S|=42 orbit-dup skip
    walk 6/64 |S|=42 orbit-dup skip
    walk 7/64 |S|=42 orbit-dup skip
    walk 8/64 |S|=42 orbit-dup skip
    walk 9/64 |S|=42 orbit-dup skip
    walk 10/64 |S|=42 orbit-dup skip
    walk 11/64 |S|=42 orbit-dup skip
    walk 12/64 |S|=42 orbit-dup skip
    walk 13/64 |S|=42 orbit-dup skip
    walk 14/64 |S|=42 orbit-dup skip
    walk 15/64 |S|=42 orbit-dup skip
    walk 16/64 |S|=42 orbit-dup skip
    walk 17/64 |S|=42 orbit-dup skip
    walk 18/64 |S|=42 orbit-dup skip
    walk 19/64 |S|=42 orbit-dup skip
    walk 20/64 |S|=42 orbit-dup skip
    walk 21/64 |S|=42 orbit-dup skip
    walk 22/64 |S|=42 orbit-dup skip
    walk 23/64 |S|=42 orbit-dup skip
    walk 24/64 |S|=42 orbit-dup skip
    walk 25/64 |S|=42 orbit-dup skip
    walk 26/64 |S|=42 orbit-dup skip
    walk 27/64 |S|=42 orbit-dup skip
    walk 28/64 |S|=42 orbit-dup skip
    walk 29/64 |S|=42 orbit-dup skip
    walk 30/64 |S|=42 orbit-dup skip
    walk 31/64 |S|=42 orbit-dup skip
    walk 32/64 |S|=42 orbit-dup skip
    walk 33/64 |S|=42 orbit-dup skip
    walk 34/64 |S|=42 orbit-dup skip
    walk 35/64 |S|=42 orbit-dup skip
    walk 36/64 |S|=42 orbit-dup skip
    walk 37/64 |S|=42 orbit-dup skip
    walk 38/64 |S|=42 orbit-dup skip
    walk 39/64 |S|=42 orbit-dup skip
    walk 40/64 |S|=42 orbit-dup skip
    walk 41/64 |S|=42 orbit-dup skip
    walk 42/64 |S|=42 orbit-dup skip
    walk 43/64 |S|=42 orbit-dup skip
    walk 44/64 |S|=42 orbit-dup skip
    walk 45/64 |S|=42 orbit-dup skip
    walk 46/64 |S|=42 orbit-dup skip
    walk 47/64 |S|=42 orbit-dup skip
    walk 48/64 |S|=42 orbit-dup skip
    walk 49/64 |S|=42 orbit-dup skip
    walk 50/64 |S|=42 orbit-dup skip
    walk 51/64 |S|=42 orbit-dup skip
    walk 52/64 |S|=42 orbit-dup skip
    walk 53/64 |S|=42 orbit-dup skip
    walk 54/64 |S|=42 orbit-dup skip
    walk 55/64 |S|=42 orbit-dup skip
    walk 56/64 |S|=42 orbit-dup skip
    walk 57/64 |S|=42 orbit-dup skip
    walk 58/64 |S|=42 orbit-dup skip
    walk 59/64 |S|=42 orbit-dup skip
    walk 60/64 |S|=42 orbit-dup skip
    walk 61/64 |S|=42 orbit-dup skip
    walk 62/64 |S|=42 orbit-dup skip
    walk 63/64 |S|=42 orbit-dup skip
    walk 64/64 |S|=42 orbit-dup skip
      MIS |S|=42 greedyα=18 residual IS ≥ 19 (α(G)≥20) {'found': True, 'lower': 19, 'exact': True, 'nodes': 18, 'seconds': 0.0006335228681564331, 'timed_out': False, 'backend': 'c-decide'}
  [5c] p=337 e=8 D2∪D7 pool=42 t=20
    walk 1/64 |S|=28 tri_free=True greedyα=30
    walk 2/64 |S|=27 tri_free=True greedyα=24
    walk 3/64 |S|=27 tri_free=True greedyα=26
    walk 4/64 |S|=28 tri_free=True greedyα=29
    walk 5/64 |S|=27 tri_free=True greedyα=27
    walk 6/64 |S|=28 tri_free=True greedyα=32
    walk 7/64 |S|=29 tri_free=True greedyα=25
    walk 8/64 |S|=29 tri_free=True greedyα=32
    walk 9/64 |S|=28 tri_free=True greedyα=31
    walk 10/64 |S|=27 tri_free=True greedyα=28
    walk 11/64 |S|=27 tri_free=True greedyα=29
    walk 12/64 |S|=28 tri_free=True greedyα=25
    walk 13/64 |S|=27 tri_free=True greedyα=34
    walk 14/64 |S|=28 tri_free=True greedyα=29
    walk 15/64 |S|=27 tri_free=True greedyα=56
    walk 16/64 |S|=27 tri_free=True greedyα=28
    walk 17/64 |S|=27 tri_free=True greedyα=28
    walk 18/64 |S|=28 tri_free=True greedyα=29
    walk 19/64 |S|=31 tri_free=True greedyα=30
    walk 20/64 |S|=28 tri_free=True greedyα=27
    walk 21/64 |S|=27 tri_free=True greedyα=31
    walk 22/64 |S|=26 tri_free=True greedyα=25
    walk 23/64 |S|=26 tri_free=True greedyα=32
    walk 24/64 |S|=28 tri_free=True greedyα=26
    walk 25/64 |S|=27 tri_free=True greedyα=28
    walk 26/64 |S|=29 tri_free=True greedyα=28
    walk 27/64 |S|=27 tri_free=True greedyα=29
    walk 28/64 |S|=26 tri_free=True greedyα=30
    walk 29/64 |S|=26 tri_free=True greedyα=29
    walk 30/64 |S|=28 tri_free=True greedyα=24
    walk 31/64 |S|=27 tri_free=True greedyα=27
    walk 32/64 |S|=28 tri_free=True greedyα=24
    walk 33/64 |S|=29 tri_free=True greedyα=27
    walk 34/64 |S|=28 tri_free=True greedyα=27
    walk 35/64 |S|=29 tri_free=True greedyα=28
    walk 36/64 |S|=27 tri_free=True greedyα=32
    walk 37/64 |S|=28 tri_free=True greedyα=28
    walk 38/64 |S|=29 tri_free=True greedyα=27
    walk 39/64 |S|=28 tri_free=True greedyα=26
    walk 40/64 |S|=27 tri_free=True greedyα=24
    walk 41/64 |S|=27 tri_free=True greedyα=33
    walk 42/64 |S|=28 tri_free=True greedyα=27
    walk 43/64 |S|=26 tri_free=True greedyα=35
    walk 44/64 |S|=26 tri_free=True greedyα=27
    walk 45/64 |S|=28 tri_free=True greedyα=22
    walk 46/64 |S|=27 tri_free=True greedyα=24
    walk 47/64 |S|=26 tri_free=True greedyα=29
    walk 48/64 |S|=26 tri_free=True greedyα=30
    walk 49/64 |S|=26 tri_free=True greedyα=28
    walk 50/64 |S|=27 tri_free=True greedyα=31
    walk 51/64 |S|=27 tri_free=True greedyα=31
    walk 52/64 |S|=28 tri_free=True greedyα=27
    walk 53/64 |S|=27 tri_free=True greedyα=25
    walk 54/64 |S|=27 tri_free=True greedyα=28
    walk 55/64 |S|=27 tri_free=True greedyα=26
    walk 56/64 |S|=29 tri_free=True greedyα=33
    walk 57/64 |S|=27 tri_free=True greedyα=25
    walk 58/64 |S|=27 tri_free=True greedyα=26
    walk 59/64 |S|=29 tri_free=True greedyα=29
    walk 60/64 |S|=28 tri_free=True greedyα=30
    walk 61/64 |S|=29 tri_free=True greedyα=34
    walk 62/64 |S|=26 tri_free=True greedyα=27
    walk 63/64 |S|=27 tri_free=True greedyα=26
    walk 64/64 |S|=28 tri_free=True greedyα=30
  [5c] p=337 e=8 D3∪D4 pool=42 t=20
    walk 1/64 |S|=32 tri_free=True greedyα=49
    walk 2/64 |S|=30 tri_free=True greedyα=31
    walk 3/64 |S|=29 tri_free=True greedyα=26
    walk 4/64 |S|=31 tri_free=True greedyα=32
    walk 5/64 |S|=31 tri_free=True greedyα=35
    walk 6/64 |S|=29 tri_free=True greedyα=35
    walk 7/64 |S|=30 tri_free=True greedyα=34
    walk 8/64 |S|=25 tri_free=True greedyα=29
    walk 9/64 |S|=26 tri_free=True greedyα=31
    walk 10/64 |S|=27 tri_free=True greedyα=31
    walk 11/64 |S|=32 tri_free=True greedyα=35
    walk 12/64 |S|=27 tri_free=True greedyα=34
    walk 13/64 |S|=27 tri_free=True greedyα=44
    walk 14/64 |S|=30 tri_free=True greedyα=32
    walk 15/64 |S|=30 tri_free=True greedyα=28
    walk 16/64 |S|=32 orbit-dup skip
    walk 17/64 |S|=28 tri_free=True greedyα=31
    walk 18/64 |S|=32 tri_free=True greedyα=35
    walk 19/64 |S|=28 tri_free=True greedyα=31
    walk 20/64 |S|=30 tri_free=True greedyα=30
    walk 21/64 |S|=31 tri_free=True greedyα=45
    walk 22/64 |S|=26 tri_free=True greedyα=31
    walk 23/64 |S|=30 tri_free=True greedyα=29
    walk 24/64 |S|=27 tri_free=True greedyα=32
    walk 25/64 |S|=32 orbit-dup skip
    walk 26/64 |S|=28 tri_free=True greedyα=31
    walk 27/64 |S|=29 tri_free=True greedyα=37
    walk 28/64 |S|=29 tri_free=True greedyα=27
    walk 29/64 |S|=26 tri_free=True greedyα=32
    walk 30/64 |S|=29 tri_free=True greedyα=36
    walk 31/64 |S|=29 tri_free=True greedyα=26
    walk 32/64 |S|=31 tri_free=True greedyα=39
    walk 33/64 |S|=29 tri_free=True greedyα=32
    walk 34/64 |S|=28 tri_free=True greedyα=27
    walk 35/64 |S|=28 tri_free=True greedyα=47
    walk 36/64 |S|=30 tri_free=True greedyα=33
    walk 37/64 |S|=29 tri_free=True greedyα=37
    walk 38/64 |S|=28 tri_free=True greedyα=43
    walk 39/64 |S|=29 tri_free=True greedyα=33
    walk 40/64 |S|=26 tri_free=True greedyα=24
    walk 41/64 |S|=29 tri_free=True greedyα=33
    walk 42/64 |S|=32 tri_free=True greedyα=51
    walk 43/64 |S|=26 tri_free=True greedyα=31
    walk 44/64 |S|=31 tri_free=True greedyα=37
    walk 45/64 |S|=31 tri_free=True greedyα=56
    walk 46/64 |S|=30 tri_free=True greedyα=32
    walk 47/64 |S|=29 tri_free=True greedyα=29
    walk 48/64 |S|=30 tri_free=True greedyα=33
    walk 49/64 |S|=26 tri_free=True greedyα=30
    walk 50/64 |S|=29 tri_free=True greedyα=32
    walk 51/64 |S|=29 tri_free=True greedyα=31
    walk 52/64 |S|=29 tri_free=True greedyα=31
    walk 53/64 |S|=29 tri_free=True greedyα=29
    walk 54/64 |S|=30 tri_free=True greedyα=27
    walk 55/64 |S|=30 tri_free=True greedyα=29
    walk 56/64 |S|=32 tri_free=True greedyα=35
    walk 57/64 |S|=30 tri_free=True greedyα=35
    walk 58/64 |S|=32 tri_free=True greedyα=35
    walk 59/64 |S|=31 tri_free=True greedyα=30
    walk 60/64 |S|=31 tri_free=True greedyα=34
    walk 61/64 |S|=30 tri_free=True greedyα=32
    walk 62/64 |S|=28 tri_free=True greedyα=30
    walk 63/64 |S|=27 tri_free=True greedyα=28
    walk 64/64 |S|=26 tri_free=True greedyα=29
  [5c] p=337 e=8 D3∪D5 pool=42 t=20
    walk 1/64 |S|=24 tri_free=True greedyα=43
    walk 2/64 |S|=21 tri_free=True greedyα=38
    walk 3/64 |S|=24 tri_free=True greedyα=31
    walk 4/64 |S|=24 tri_free=True greedyα=46
    walk 5/64 |S|=24 tri_free=True greedyα=34
    walk 6/64 |S|=24 tri_free=True greedyα=31
    walk 7/64 |S|=25 tri_free=True greedyα=31
    walk 8/64 |S|=24 tri_free=True greedyα=28
    walk 9/64 |S|=25 tri_free=True greedyα=37
    walk 10/64 |S|=26 tri_free=True greedyα=26
    walk 11/64 |S|=25 tri_free=True greedyα=28
    walk 12/64 |S|=25 tri_free=True greedyα=27
    walk 13/64 |S|=26 tri_free=True greedyα=31
    walk 14/64 |S|=25 tri_free=True greedyα=27
    walk 15/64 |S|=24 tri_free=True greedyα=29
    walk 16/64 |S|=24 tri_free=True greedyα=37
    walk 17/64 |S|=26 tri_free=True greedyα=28
    walk 18/64 |S|=24 tri_free=True greedyα=28
    walk 19/64 |S|=25 tri_free=True greedyα=29
    walk 20/64 |S|=24 tri_free=True greedyα=37
    walk 21/64 |S|=26 tri_free=True greedyα=30
    walk 22/64 |S|=25 tri_free=True greedyα=28
    walk 23/64 |S|=24 tri_free=True greedyα=29
    walk 24/64 |S|=26 tri_free=True greedyα=33
    walk 25/64 |S|=24 tri_free=True greedyα=33
    walk 26/64 |S|=25 tri_free=True greedyα=31
    walk 27/64 |S|=24 tri_free=True greedyα=50
    walk 28/64 |S|=24 tri_free=True greedyα=31
    walk 29/64 |S|=25 tri_free=True greedyα=31
    walk 30/64 |S|=24 tri_free=True greedyα=25
    walk 31/64 |S|=24 tri_free=True greedyα=26
    walk 32/64 |S|=23 tri_free=True greedyα=36
    walk 33/64 |S|=25 tri_free=True greedyα=29
    walk 34/64 |S|=25 tri_free=True greedyα=28
    walk 35/64 |S|=24 tri_free=True greedyα=29
    walk 36/64 |S|=24 tri_free=True greedyα=30
    walk 37/64 |S|=24 tri_free=True greedyα=28
    walk 38/64 |S|=26 tri_free=True greedyα=26
    walk 39/64 |S|=26 tri_free=True greedyα=26
    walk 40/64 |S|=22 tri_free=True greedyα=30
    walk 41/64 |S|=24 tri_free=True greedyα=28
    walk 42/64 |S|=26 tri_free=True greedyα=24
    walk 43/64 |S|=25 tri_free=True greedyα=33
    walk 44/64 |S|=24 tri_free=True greedyα=25
    walk 45/64 |S|=24 tri_free=True greedyα=35
    walk 46/64 |S|=23 tri_free=True greedyα=28
    walk 47/64 |S|=24 tri_free=True greedyα=29
    walk 48/64 |S|=26 tri_free=True greedyα=32
    walk 49/64 |S|=24 tri_free=True greedyα=33
    walk 50/64 |S|=23 tri_free=True greedyα=36
    walk 51/64 |S|=24 tri_free=True greedyα=31
    walk 52/64 |S|=25 tri_free=True greedyα=29
    walk 53/64 |S|=24 tri_free=True greedyα=28
    walk 54/64 |S|=25 tri_free=True greedyα=33
    walk 55/64 |S|=24 tri_free=True greedyα=33
    walk 56/64 |S|=25 tri_free=True greedyα=32
    walk 57/64 |S|=24 tri_free=True greedyα=31
    walk 58/64 |S|=24 tri_free=True greedyα=30
    walk 59/64 |S|=26 tri_free=True greedyα=26
    walk 60/64 |S|=25 tri_free=True greedyα=30
    walk 61/64 |S|=24 tri_free=True greedyα=28
    walk 62/64 |S|=24 tri_free=True greedyα=47
    walk 63/64 |S|=23 tri_free=True greedyα=30
    walk 64/64 |S|=25 tri_free=True greedyα=34
  [5c] p=337 e=8 D3∪D6 pool=42 t=20
    walk 1/64 |S|=27 tri_free=True greedyα=28
    walk 2/64 |S|=26 tri_free=True greedyα=28
    walk 3/64 |S|=27 tri_free=True greedyα=42
    walk 4/64 |S|=30 tri_free=True greedyα=27
    walk 5/64 |S|=27 tri_free=True greedyα=30
    walk 6/64 |S|=28 tri_free=True greedyα=34
    walk 7/64 |S|=28 tri_free=True greedyα=28
    walk 8/64 |S|=26 tri_free=True greedyα=26
    walk 9/64 |S|=28 tri_free=True greedyα=28
    walk 10/64 |S|=26 tri_free=True greedyα=28
    walk 11/64 |S|=29 tri_free=True greedyα=29
    walk 12/64 |S|=28 tri_free=True greedyα=37
    walk 13/64 |S|=28 tri_free=True greedyα=24
    walk 14/64 |S|=27 tri_free=True greedyα=34
    walk 15/64 |S|=27 tri_free=True greedyα=27
    walk 16/64 |S|=29 tri_free=True greedyα=33
    walk 17/64 |S|=29 tri_free=True greedyα=24
    walk 18/64 |S|=28 tri_free=True greedyα=23
    walk 19/64 |S|=26 tri_free=True greedyα=27
    walk 20/64 |S|=26 tri_free=True greedyα=32
    walk 21/64 |S|=27 tri_free=True greedyα=26
    walk 22/64 |S|=28 tri_free=True greedyα=46
    walk 23/64 |S|=29 tri_free=True greedyα=26
    walk 24/64 |S|=27 tri_free=True greedyα=24
    walk 25/64 |S|=28 tri_free=True greedyα=25
    walk 26/64 |S|=27 tri_free=True greedyα=31
    walk 27/64 |S|=28 tri_free=True greedyα=27
    walk 28/64 |S|=27 tri_free=True greedyα=31
    walk 29/64 |S|=28 tri_free=True greedyα=35
    walk 30/64 |S|=27 tri_free=True greedyα=29
    walk 31/64 |S|=27 tri_free=True greedyα=28
    walk 32/64 |S|=27 tri_free=True greedyα=33
    walk 33/64 |S|=26 tri_free=True greedyα=33
    walk 34/64 |S|=28 tri_free=True greedyα=40
    walk 35/64 |S|=27 tri_free=True greedyα=25
    walk 36/64 |S|=27 tri_free=True greedyα=32
    walk 37/64 |S|=27 tri_free=True greedyα=28
    walk 38/64 |S|=27 tri_free=True greedyα=31
    walk 39/64 |S|=29 tri_free=True greedyα=35
    walk 40/64 |S|=28 tri_free=True greedyα=33
    walk 41/64 |S|=26 tri_free=True greedyα=29
    walk 42/64 |S|=27 tri_free=True greedyα=31
    walk 43/64 |S|=28 tri_free=True greedyα=34
    walk 44/64 |S|=26 tri_free=True greedyα=25
    walk 45/64 |S|=29 tri_free=True greedyα=27
    walk 46/64 |S|=27 tri_free=True greedyα=32
    walk 47/64 |S|=27 tri_free=True greedyα=31
    walk 48/64 |S|=27 tri_free=True greedyα=26
    walk 49/64 |S|=27 tri_free=True greedyα=30
    walk 50/64 |S|=28 tri_free=True greedyα=24
    walk 51/64 |S|=28 tri_free=True greedyα=30
    walk 52/64 |S|=27 tri_free=True greedyα=30
    walk 53/64 |S|=26 tri_free=True greedyα=28
    walk 54/64 |S|=30 tri_free=True greedyα=30
    walk 55/64 |S|=28 tri_free=True greedyα=30
    walk 56/64 |S|=27 tri_free=True greedyα=32
    walk 57/64 |S|=28 tri_free=True greedyα=28
    walk 58/64 |S|=25 tri_free=True greedyα=28
    walk 59/64 |S|=28 tri_free=True greedyα=30
    walk 60/64 |S|=27 tri_free=True greedyα=25
    walk 61/64 |S|=26 tri_free=True greedyα=29
    walk 62/64 |S|=27 tri_free=True greedyα=32
    walk 63/64 |S|=27 tri_free=True greedyα=33
    walk 64/64 |S|=27 tri_free=True greedyα=36
  [5c] p=337 e=8 D3∪D7 pool=42 t=20
    walk 1/64 |S|=42 tri_free=True greedyα=17
    walk 2/64 |S|=42 orbit-dup skip
    walk 3/64 |S|=42 orbit-dup skip
    walk 4/64 |S|=42 orbit-dup skip
    walk 5/64 |S|=42 orbit-dup skip
    walk 6/64 |S|=42 orbit-dup skip
    walk 7/64 |S|=42 orbit-dup skip
    walk 8/64 |S|=42 orbit-dup skip
    walk 9/64 |S|=42 orbit-dup skip
    walk 10/64 |S|=42 orbit-dup skip
    walk 11/64 |S|=42 orbit-dup skip
    walk 12/64 |S|=42 orbit-dup skip
    walk 13/64 |S|=42 orbit-dup skip
    walk 14/64 |S|=42 orbit-dup skip
    walk 15/64 |S|=42 orbit-dup skip
    walk 16/64 |S|=42 orbit-dup skip
    walk 17/64 |S|=42 orbit-dup skip
    walk 18/64 |S|=42 orbit-dup skip
    walk 19/64 |S|=42 orbit-dup skip
    walk 20/64 |S|=42 orbit-dup skip
    walk 21/64 |S|=42 orbit-dup skip
    walk 22/64 |S|=42 orbit-dup skip
    walk 23/64 |S|=42 orbit-dup skip
    walk 24/64 |S|=42 orbit-dup skip
    walk 25/64 |S|=42 orbit-dup skip
    walk 26/64 |S|=42 orbit-dup skip
    walk 27/64 |S|=42 orbit-dup skip
    walk 28/64 |S|=42 orbit-dup skip
    walk 29/64 |S|=42 orbit-dup skip
    walk 30/64 |S|=42 orbit-dup skip
    walk 31/64 |S|=42 orbit-dup skip
    walk 32/64 |S|=42 orbit-dup skip
    walk 33/64 |S|=42 orbit-dup skip
    walk 34/64 |S|=42 orbit-dup skip
    walk 35/64 |S|=42 orbit-dup skip
    walk 36/64 |S|=42 orbit-dup skip
    walk 37/64 |S|=42 orbit-dup skip
    walk 38/64 |S|=42 orbit-dup skip
    walk 39/64 |S|=42 orbit-dup skip
    walk 40/64 |S|=42 orbit-dup skip
    walk 41/64 |S|=42 orbit-dup skip
    walk 42/64 |S|=42 orbit-dup skip
    walk 43/64 |S|=42 orbit-dup skip
    walk 44/64 |S|=42 orbit-dup skip
    walk 45/64 |S|=42 orbit-dup skip
    walk 46/64 |S|=42 orbit-dup skip
    walk 47/64 |S|=42 orbit-dup skip
    walk 48/64 |S|=42 orbit-dup skip
    walk 49/64 |S|=42 orbit-dup skip
    walk 50/64 |S|=42 orbit-dup skip
    walk 51/64 |S|=42 orbit-dup skip
    walk 52/64 |S|=42 orbit-dup skip
    walk 53/64 |S|=42 orbit-dup skip
    walk 54/64 |S|=42 orbit-dup skip
    walk 55/64 |S|=42 orbit-dup skip
    walk 56/64 |S|=42 orbit-dup skip
    walk 57/64 |S|=42 orbit-dup skip
    walk 58/64 |S|=42 orbit-dup skip
    walk 59/64 |S|=42 orbit-dup skip
    walk 60/64 |S|=42 orbit-dup skip
    walk 61/64 |S|=42 orbit-dup skip
    walk 62/64 |S|=42 orbit-dup skip
    walk 63/64 |S|=42 orbit-dup skip
    walk 64/64 |S|=42 orbit-dup skip
      MIS |S|=42 greedyα=17 residual IS ≥ 19 (α(G)≥20) {'found': True, 'lower': 19, 'exact': True, 'nodes': 210, 'seconds': 0.0006744116544723511, 'timed_out': False, 'backend': 'c-decide'}
  [5c] p=337 e=8 D4∪D5 pool=42 t=20
    walk 1/64 |S|=29 tri_free=True greedyα=30
    walk 2/64 |S|=31 tri_free=True greedyα=56
    walk 3/64 |S|=28 tri_free=True greedyα=28
    walk 4/64 |S|=31 tri_free=True greedyα=33
    walk 5/64 |S|=27 tri_free=True greedyα=26
    walk 6/64 |S|=30 tri_free=True greedyα=25
    walk 7/64 |S|=31 tri_free=True greedyα=35
    walk 8/64 |S|=30 tri_free=True greedyα=35
    walk 9/64 |S|=28 tri_free=True greedyα=33
    walk 10/64 |S|=30 tri_free=True greedyα=30
    walk 11/64 |S|=32 tri_free=True greedyα=49
    walk 12/64 |S|=29 tri_free=True greedyα=30
    walk 13/64 |S|=31 tri_free=True greedyα=40
    walk 14/64 |S|=29 tri_free=True greedyα=35
    walk 15/64 |S|=32 tri_free=True greedyα=35
    walk 16/64 |S|=28 tri_free=True greedyα=27
    walk 17/64 |S|=33 tri_free=True greedyα=32
    walk 18/64 |S|=28 tri_free=True greedyα=35
    walk 19/64 |S|=29 tri_free=True greedyα=31
    walk 20/64 |S|=27 tri_free=True greedyα=30
    walk 21/64 |S|=28 tri_free=True greedyα=33
    walk 22/64 |S|=27 tri_free=True greedyα=34
    walk 23/64 |S|=29 tri_free=True greedyα=27
    walk 24/64 |S|=32 tri_free=True greedyα=43
    walk 25/64 |S|=29 tri_free=True greedyα=28
    walk 26/64 |S|=28 tri_free=True greedyα=29
    walk 27/64 |S|=31 tri_free=True greedyα=46
    walk 28/64 |S|=29 tri_free=True greedyα=26
    walk 29/64 |S|=33 orbit-dup skip
    walk 30/64 |S|=31 tri_free=True greedyα=33
    walk 31/64 |S|=33 tri_free=True greedyα=32
    walk 32/64 |S|=30 tri_free=True greedyα=35
    walk 33/64 |S|=26 tri_free=True greedyα=29
    walk 34/64 |S|=28 tri_free=True greedyα=31
    walk 35/64 |S|=31 tri_free=True greedyα=37
    walk 36/64 |S|=25 tri_free=True greedyα=30
    walk 37/64 |S|=29 tri_free=True greedyα=31
    walk 38/64 |S|=29 tri_free=True greedyα=29
    walk 39/64 |S|=30 tri_free=True greedyα=38
    walk 40/64 |S|=28 tri_free=True greedyα=28
    walk 41/64 |S|=32 tri_free=True greedyα=50
    walk 42/64 |S|=29 tri_free=True greedyα=38
    walk 43/64 |S|=29 tri_free=True greedyα=32
    walk 44/64 |S|=31 tri_free=True greedyα=44
    walk 45/64 |S|=29 tri_free=True greedyα=26
    walk 46/64 |S|=29 tri_free=True greedyα=30
    walk 47/64 |S|=31 tri_free=True greedyα=34
    walk 48/64 |S|=30 tri_free=True greedyα=54
    walk 49/64 |S|=28 tri_free=True greedyα=32
    walk 50/64 |S|=32 tri_free=True greedyα=47
    walk 51/64 |S|=31 tri_free=True greedyα=33
    walk 52/64 |S|=30 tri_free=True greedyα=27
    walk 53/64 |S|=29 tri_free=True greedyα=27
    walk 54/64 |S|=28 tri_free=True greedyα=25
    walk 55/64 |S|=30 tri_free=True greedyα=56
    walk 56/64 |S|=30 tri_free=True greedyα=33
    walk 57/64 |S|=32 tri_free=True greedyα=35
    walk 58/64 |S|=28 tri_free=True greedyα=31
    walk 59/64 |S|=31 tri_free=True greedyα=37
    walk 60/64 |S|=31 tri_free=True greedyα=36
    walk 61/64 |S|=30 tri_free=True greedyα=30
    walk 62/64 |S|=30 tri_free=True greedyα=26
    walk 63/64 |S|=30 tri_free=True greedyα=26
    walk 64/64 |S|=28 tri_free=True greedyα=55
  [5c] p=337 e=8 D4∪D6 pool=42 t=20
    walk 1/64 |S|=25 tri_free=True greedyα=25
    walk 2/64 |S|=24 tri_free=True greedyα=28
    walk 3/64 |S|=25 tri_free=True greedyα=27
    walk 4/64 |S|=25 tri_free=True greedyα=32
    walk 5/64 |S|=23 tri_free=True greedyα=28
    walk 6/64 |S|=25 tri_free=True greedyα=29
    walk 7/64 |S|=25 tri_free=True greedyα=28
    walk 8/64 |S|=25 tri_free=True greedyα=33
    walk 9/64 |S|=25 tri_free=True greedyα=25
    walk 10/64 |S|=24 tri_free=True greedyα=27
    walk 11/64 |S|=23 tri_free=True greedyα=35
    walk 12/64 |S|=24 tri_free=True greedyα=29
    walk 13/64 |S|=25 tri_free=True greedyα=28
    walk 14/64 |S|=24 tri_free=True greedyα=33
    walk 15/64 |S|=26 tri_free=True greedyα=31
    walk 16/64 |S|=24 tri_free=True greedyα=30
    walk 17/64 |S|=25 tri_free=True greedyα=32
    walk 18/64 |S|=23 tri_free=True greedyα=33
    walk 19/64 |S|=25 tri_free=True greedyα=31
    walk 20/64 |S|=23 tri_free=True greedyα=25
    walk 21/64 |S|=26 tri_free=True greedyα=30
    walk 22/64 |S|=24 tri_free=True greedyα=33
    walk 23/64 |S|=25 tri_free=True greedyα=29
    walk 24/64 |S|=23 tri_free=True greedyα=30
    walk 25/64 |S|=24 tri_free=True greedyα=31
    walk 26/64 |S|=24 tri_free=True greedyα=33
    walk 27/64 |S|=25 tri_free=True greedyα=29
    walk 28/64 |S|=25 tri_free=True greedyα=29
    walk 29/64 |S|=26 tri_free=True greedyα=28
    walk 30/64 |S|=26 tri_free=True greedyα=40
    walk 31/64 |S|=23 tri_free=True greedyα=29
    walk 32/64 |S|=25 tri_free=True greedyα=33
    walk 33/64 |S|=25 tri_free=True greedyα=30
    walk 34/64 |S|=24 tri_free=True greedyα=57
    walk 35/64 |S|=25 tri_free=True greedyα=29
    walk 36/64 |S|=24 tri_free=True greedyα=27
    walk 37/64 |S|=26 tri_free=True greedyα=31
    walk 38/64 |S|=25 tri_free=True greedyα=29
    walk 39/64 |S|=23 tri_free=True greedyα=38
    walk 40/64 |S|=24 tri_free=True greedyα=35
    walk 41/64 |S|=24 tri_free=True greedyα=25
    walk 42/64 |S|=24 tri_free=True greedyα=33
    walk 43/64 |S|=25 tri_free=True greedyα=34
    walk 44/64 |S|=25 tri_free=True greedyα=27
    walk 45/64 |S|=26 tri_free=True greedyα=30
    walk 46/64 |S|=23 tri_free=True greedyα=35
    walk 47/64 |S|=23 tri_free=True greedyα=32
    walk 48/64 |S|=26 tri_free=True greedyα=31
    walk 49/64 |S|=24 tri_free=True greedyα=28
    walk 50/64 |S|=26 tri_free=True greedyα=27
    walk 51/64 |S|=24 tri_free=True greedyα=29
    walk 52/64 |S|=23 tri_free=True greedyα=39
    walk 53/64 |S|=25 tri_free=True greedyα=31
    walk 54/64 |S|=24 tri_free=True greedyα=33
    walk 55/64 |S|=25 tri_free=True greedyα=34
    walk 56/64 |S|=24 tri_free=True greedyα=36
    walk 57/64 |S|=25 tri_free=True greedyα=31
    walk 58/64 |S|=23 tri_free=True greedyα=28
    walk 59/64 |S|=25 tri_free=True greedyα=34
    walk 60/64 |S|=24 tri_free=True greedyα=47
    walk 61/64 |S|=25 tri_free=True greedyα=31
    walk 62/64 |S|=23 tri_free=True greedyα=33
    walk 63/64 |S|=24 tri_free=True greedyα=28
    walk 64/64 |S|=25 tri_free=True greedyα=28
  [5c] p=337 e=8 D4∪D7 pool=42 t=20
    walk 1/64 |S|=28 tri_free=True greedyα=30
    walk 2/64 |S|=28 tri_free=True greedyα=24
    walk 3/64 |S|=28 tri_free=True greedyα=35
    walk 4/64 |S|=26 tri_free=True greedyα=27
    walk 5/64 |S|=27 tri_free=True greedyα=28
    walk 6/64 |S|=28 tri_free=True greedyα=29
    walk 7/64 |S|=29 tri_free=True greedyα=30
    walk 8/64 |S|=29 tri_free=True greedyα=25
    walk 9/64 |S|=27 tri_free=True greedyα=27
    walk 10/64 |S|=27 tri_free=True greedyα=25
    walk 11/64 |S|=26 tri_free=True greedyα=33
    walk 12/64 |S|=28 tri_free=True greedyα=30
    walk 13/64 |S|=27 tri_free=True greedyα=30
    walk 14/64 |S|=28 tri_free=True greedyα=24
    walk 15/64 |S|=28 tri_free=True greedyα=31
    walk 16/64 |S|=25 tri_free=True greedyα=28
    walk 17/64 |S|=26 tri_free=True greedyα=33
    walk 18/64 |S|=27 tri_free=True greedyα=31
    walk 19/64 |S|=26 tri_free=True greedyα=30
    walk 20/64 |S|=26 tri_free=True greedyα=33
    walk 21/64 |S|=27 tri_free=True greedyα=27
    walk 22/64 |S|=28 tri_free=True greedyα=34
    walk 23/64 |S|=25 tri_free=True greedyα=28
    walk 24/64 |S|=27 tri_free=True greedyα=26
    walk 25/64 |S|=26 tri_free=True greedyα=31
    walk 26/64 |S|=26 tri_free=True greedyα=28
    walk 27/64 |S|=28 tri_free=True greedyα=27
    walk 28/64 |S|=27 tri_free=True greedyα=32
    walk 29/64 |S|=27 tri_free=True greedyα=26
    walk 30/64 |S|=26 tri_free=True greedyα=28
    walk 31/64 |S|=26 tri_free=True greedyα=30
    walk 32/64 |S|=27 tri_free=True greedyα=28
    walk 33/64 |S|=27 tri_free=True greedyα=26
    walk 34/64 |S|=26 tri_free=True greedyα=28
    walk 35/64 |S|=29 tri_free=True greedyα=28
    walk 36/64 |S|=27 tri_free=True greedyα=25
    walk 37/64 |S|=28 tri_free=True greedyα=29
    walk 38/64 |S|=28 tri_free=True greedyα=25
    walk 39/64 |S|=28 tri_free=True greedyα=28
    walk 40/64 |S|=28 tri_free=True greedyα=26
    walk 41/64 |S|=28 tri_free=True greedyα=23
    walk 42/64 |S|=28 tri_free=True greedyα=31
    walk 43/64 |S|=29 tri_free=True greedyα=25
    walk 44/64 |S|=27 tri_free=True greedyα=28
    walk 45/64 |S|=27 tri_free=True greedyα=35
    walk 46/64 |S|=26 tri_free=True greedyα=28
    walk 47/64 |S|=27 tri_free=True greedyα=29
    walk 48/64 |S|=28 tri_free=True greedyα=24
    walk 49/64 |S|=27 tri_free=True greedyα=25
    walk 50/64 |S|=26 tri_free=True greedyα=28
    walk 51/64 |S|=29 tri_free=True greedyα=33
    walk 52/64 |S|=28 tri_free=True greedyα=26
    walk 53/64 |S|=27 tri_free=True greedyα=32
    walk 54/64 |S|=28 tri_free=True greedyα=29
    walk 55/64 |S|=27 tri_free=True greedyα=31
    walk 56/64 |S|=27 tri_free=True greedyα=31
    walk 57/64 |S|=28 tri_free=True greedyα=27
    walk 58/64 |S|=25 tri_free=True greedyα=25
    walk 59/64 |S|=27 tri_free=True greedyα=27
    walk 60/64 |S|=29 tri_free=True greedyα=24
    walk 61/64 |S|=27 tri_free=True greedyα=34
    walk 62/64 |S|=28 tri_free=True greedyα=28
    walk 63/64 |S|=26 tri_free=True greedyα=26
    walk 64/64 |S|=26 tri_free=True greedyα=27
  [5c] p=337 e=8 D5∪D6 pool=42 t=20
    walk 1/64 |S|=25 tri_free=True greedyα=40
    walk 2/64 |S|=28 tri_free=True greedyα=26
    walk 3/64 |S|=31 tri_free=True greedyα=29
    walk 4/64 |S|=32 tri_free=True greedyα=35
    walk 5/64 |S|=26 tri_free=True greedyα=30
    walk 6/64 |S|=33 tri_free=True greedyα=33
    walk 7/64 |S|=29 tri_free=True greedyα=33
    walk 8/64 |S|=29 tri_free=True greedyα=31
    walk 9/64 |S|=26 tri_free=True greedyα=33
    walk 10/64 |S|=28 tri_free=True greedyα=30
    walk 11/64 |S|=30 tri_free=True greedyα=51
    walk 12/64 |S|=31 tri_free=True greedyα=30
    walk 13/64 |S|=31 tri_free=True greedyα=33
    walk 14/64 |S|=33 tri_free=True greedyα=32
    walk 15/64 |S|=28 tri_free=True greedyα=35
    walk 16/64 |S|=28 tri_free=True greedyα=32
    walk 17/64 |S|=31 tri_free=True greedyα=35
    walk 18/64 |S|=28 tri_free=True greedyα=30
    walk 19/64 |S|=28 tri_free=True greedyα=33
    walk 20/64 |S|=33 orbit-dup skip
    walk 21/64 |S|=24 tri_free=True greedyα=36
    walk 22/64 |S|=24 tri_free=True greedyα=28
    walk 23/64 |S|=29 tri_free=True greedyα=27
    walk 24/64 |S|=27 tri_free=True greedyα=35
    walk 25/64 |S|=29 tri_free=True greedyα=27
    walk 26/64 |S|=26 tri_free=True greedyα=27
    walk 27/64 |S|=27 tri_free=True greedyα=29
    walk 28/64 |S|=28 tri_free=True greedyα=37
    walk 29/64 |S|=31 tri_free=True greedyα=31
    walk 30/64 |S|=25 tri_free=True greedyα=26
    walk 31/64 |S|=27 tri_free=True greedyα=22
    walk 32/64 |S|=30 tri_free=True greedyα=31
    walk 33/64 |S|=30 tri_free=True greedyα=36
    walk 34/64 |S|=32 tri_free=True greedyα=35
    walk 35/64 |S|=28 tri_free=True greedyα=29
    walk 36/64 |S|=30 tri_free=True greedyα=33
    walk 37/64 |S|=28 tri_free=True greedyα=29
    walk 38/64 |S|=29 tri_free=True greedyα=30
    walk 39/64 |S|=30 tri_free=True greedyα=30
    walk 40/64 |S|=29 tri_free=True greedyα=42
    walk 41/64 |S|=28 tri_free=True greedyα=38
    walk 42/64 |S|=28 tri_free=True greedyα=35
    walk 43/64 |S|=30 tri_free=True greedyα=43
    walk 44/64 |S|=31 tri_free=True greedyα=35
    walk 45/64 |S|=28 tri_free=True greedyα=30
    walk 46/64 |S|=30 tri_free=True greedyα=29
    walk 47/64 |S|=32 tri_free=True greedyα=45
    walk 48/64 |S|=26 tri_free=True greedyα=28
    walk 49/64 |S|=29 tri_free=True greedyα=30
    walk 50/64 |S|=31 tri_free=True greedyα=37
    walk 51/64 |S|=30 tri_free=True greedyα=30
    walk 52/64 |S|=27 tri_free=True greedyα=33
    walk 53/64 |S|=31 tri_free=True greedyα=39
    walk 54/64 |S|=30 tri_free=True greedyα=28
    walk 55/64 |S|=30 tri_free=True greedyα=38
    walk 56/64 |S|=30 tri_free=True greedyα=31
    walk 57/64 |S|=30 tri_free=True greedyα=34
    walk 58/64 |S|=25 tri_free=True greedyα=30
    walk 59/64 |S|=28 tri_free=True greedyα=32
    walk 60/64 |S|=33 orbit-dup skip
    walk 61/64 |S|=29 tri_free=True greedyα=35
    walk 62/64 |S|=29 tri_free=True greedyα=27
    walk 63/64 |S|=30 tri_free=True greedyα=30
    walk 64/64 |S|=25 tri_free=True greedyα=36
  [5c] p=337 e=8 D5∪D7 pool=42 t=20
    walk 1/64 |S|=26 tri_free=True greedyα=26
    walk 2/64 |S|=23 tri_free=True greedyα=31
    walk 3/64 |S|=24 tri_free=True greedyα=47
    walk 4/64 |S|=25 tri_free=True greedyα=38
    walk 5/64 |S|=25 tri_free=True greedyα=49
    walk 6/64 |S|=25 tri_free=True greedyα=31
    walk 7/64 |S|=25 tri_free=True greedyα=31
    walk 8/64 |S|=24 tri_free=True greedyα=31
    walk 9/64 |S|=25 tri_free=True greedyα=31
    walk 10/64 |S|=25 tri_free=True greedyα=26
    walk 11/64 |S|=25 tri_free=True greedyα=28
    walk 12/64 |S|=26 tri_free=True greedyα=28
    walk 13/64 |S|=26 tri_free=True greedyα=32
    walk 14/64 |S|=24 tri_free=True greedyα=33
    walk 15/64 |S|=25 tri_free=True greedyα=33
    walk 16/64 |S|=24 tri_free=True greedyα=33
    walk 17/64 |S|=25 tri_free=True greedyα=30
    walk 18/64 |S|=25 tri_free=True greedyα=31
    walk 19/64 |S|=23 tri_free=True greedyα=28
    walk 20/64 |S|=25 tri_free=True greedyα=31
    walk 21/64 |S|=24 tri_free=True greedyα=34
    walk 22/64 |S|=22 tri_free=True greedyα=34
    walk 23/64 |S|=27 tri_free=True greedyα=29
    walk 24/64 |S|=23 tri_free=True greedyα=28
    walk 25/64 |S|=23 tri_free=True greedyα=29
    walk 26/64 |S|=24 tri_free=True greedyα=29
    walk 27/64 |S|=25 tri_free=True greedyα=27
    walk 28/64 |S|=24 tri_free=True greedyα=26
    walk 29/64 |S|=25 tri_free=True greedyα=33
    walk 30/64 |S|=24 tri_free=True greedyα=27
    walk 31/64 |S|=25 tri_free=True greedyα=26
    walk 32/64 |S|=24 tri_free=True greedyα=40
    walk 33/64 |S|=23 tri_free=True greedyα=26
    walk 34/64 |S|=25 tri_free=True greedyα=33
    walk 35/64 |S|=23 tri_free=True greedyα=34
    walk 36/64 |S|=27 tri_free=True greedyα=27
    walk 37/64 |S|=23 tri_free=True greedyα=36
    walk 38/64 |S|=24 tri_free=True greedyα=26
    walk 39/64 |S|=23 tri_free=True greedyα=28
    walk 40/64 |S|=26 tri_free=True greedyα=32
    walk 41/64 |S|=25 tri_free=True greedyα=30
    walk 42/64 |S|=25 tri_free=True greedyα=31
    walk 43/64 |S|=25 tri_free=True greedyα=31
    walk 44/64 |S|=24 tri_free=True greedyα=36
    walk 45/64 |S|=25 tri_free=True greedyα=39
    walk 46/64 |S|=25 tri_free=True greedyα=33
    walk 47/64 |S|=25 tri_free=True greedyα=29
    walk 48/64 |S|=25 tri_free=True greedyα=27
    walk 49/64 |S|=25 tri_free=True greedyα=28
    walk 50/64 |S|=26 tri_free=True greedyα=30
    walk 51/64 |S|=24 tri_free=True greedyα=30
    walk 52/64 |S|=26 tri_free=True greedyα=32
    walk 53/64 |S|=25 tri_free=True greedyα=39
    walk 54/64 |S|=24 tri_free=True greedyα=33
    walk 55/64 |S|=24 tri_free=True greedyα=57
    walk 56/64 |S|=24 tri_free=True greedyα=32
    walk 57/64 |S|=26 tri_free=True greedyα=29
    walk 58/64 |S|=24 tri_free=True greedyα=29
    walk 59/64 |S|=24 tri_free=True greedyα=28
    walk 60/64 |S|=26 tri_free=True greedyα=29
    walk 61/64 |S|=24 tri_free=True greedyα=31
    walk 62/64 |S|=25 tri_free=True greedyα=32
    walk 63/64 |S|=24 tri_free=True greedyα=32
    walk 64/64 |S|=25 tri_free=True greedyα=25
  [5c] p=337 e=8 D6∪D7 pool=42 t=20
    walk 1/64 |S|=29 tri_free=True greedyα=32
    walk 2/64 |S|=30 tri_free=True greedyα=29
    walk 3/64 |S|=28 tri_free=True greedyα=28
    walk 4/64 |S|=32 tri_free=True greedyα=49
    walk 5/64 |S|=31 tri_free=True greedyα=33
    walk 6/64 |S|=29 tri_free=True greedyα=29
    walk 7/64 |S|=29 tri_free=True greedyα=27
    walk 8/64 |S|=31 tri_free=True greedyα=29
    walk 9/64 |S|=31 tri_free=True greedyα=35
    walk 10/64 |S|=30 tri_free=True greedyα=35
    walk 11/64 |S|=30 tri_free=True greedyα=28
    walk 12/64 |S|=30 tri_free=True greedyα=28
    walk 13/64 |S|=30 tri_free=True greedyα=32
    walk 14/64 |S|=30 tri_free=True greedyα=28
    walk 15/64 |S|=30 tri_free=True greedyα=31
    walk 16/64 |S|=31 tri_free=True greedyα=39
    walk 17/64 |S|=29 tri_free=True greedyα=29
    walk 18/64 |S|=30 tri_free=True greedyα=30
    walk 19/64 |S|=28 tri_free=True greedyα=31
    walk 20/64 |S|=30 tri_free=True greedyα=27
    walk 21/64 |S|=32 tri_free=True greedyα=35
    walk 22/64 |S|=30 tri_free=True greedyα=31
    walk 23/64 |S|=31 tri_free=True greedyα=32
    walk 24/64 |S|=32 tri_free=True greedyα=35
    walk 25/64 |S|=28 tri_free=True greedyα=32
    walk 26/64 |S|=28 tri_free=True greedyα=30
    walk 27/64 |S|=31 tri_free=True greedyα=37
    walk 28/64 |S|=26 tri_free=True greedyα=29
    walk 29/64 |S|=30 tri_free=True greedyα=38
    walk 30/64 |S|=27 tri_free=True greedyα=28
    walk 31/64 |S|=30 tri_free=True greedyα=43
    walk 32/64 |S|=29 tri_free=True greedyα=34
    walk 33/64 |S|=32 tri_free=True greedyα=35
    walk 34/64 |S|=29 tri_free=True greedyα=27
    walk 35/64 |S|=29 tri_free=True greedyα=26
    walk 36/64 |S|=26 tri_free=True greedyα=31
    walk 37/64 |S|=32 tri_free=True greedyα=45
    walk 38/64 |S|=29 tri_free=True greedyα=29
    walk 39/64 |S|=28 tri_free=True greedyα=27
    walk 40/64 |S|=31 tri_free=True greedyα=30
    walk 41/64 |S|=31 tri_free=True greedyα=33
    walk 42/64 |S|=27 tri_free=True greedyα=27
    walk 43/64 |S|=31 tri_free=True greedyα=35
    walk 44/64 |S|=29 tri_free=True greedyα=40
    walk 45/64 |S|=28 tri_free=True greedyα=31
    walk 46/64 |S|=28 tri_free=True greedyα=33
    walk 47/64 |S|=32 orbit-dup skip
    walk 48/64 |S|=30 tri_free=True greedyα=34
    walk 49/64 |S|=28 tri_free=True greedyα=29
    walk 50/64 |S|=31 tri_free=True greedyα=35
    walk 51/64 |S|=31 tri_free=True greedyα=37
    walk 52/64 |S|=29 tri_free=True greedyα=31
    walk 53/64 |S|=29 tri_free=True greedyα=31
    walk 54/64 |S|=27 tri_free=True greedyα=27
    walk 55/64 |S|=32 orbit-dup skip
    walk 56/64 |S|=28 tri_free=True greedyα=36
    walk 57/64 |S|=29 tri_free=True greedyα=30
    walk 58/64 |S|=28 tri_free=True greedyα=34
    walk 59/64 |S|=24 tri_free=True greedyα=31
    walk 60/64 |S|=31 tri_free=True greedyα=56
    walk 61/64 |S|=28 tri_free=True greedyα=26
    walk 62/64 |S|=32 tri_free=True greedyα=35
    walk 63/64 |S|=32 tri_free=True greedyα=51
    walk 64/64 |S|=33 tri_free=True greedyα=32
  [5c] p=353 e=4 D0∪D1 pool=88 t=20
    walk 1/64 |S|=32 tri_free=True greedyα=36
    walk 2/64 |S|=34 tri_free=True greedyα=26
    walk 3/64 |S|=36 tri_free=True greedyα=29
    walk 4/64 |S|=36 tri_free=True greedyα=23
    walk 5/64 |S|=33 tri_free=True greedyα=27
    walk 6/64 |S|=33 tri_free=True greedyα=30
    walk 7/64 |S|=37 tri_free=True greedyα=27
    walk 8/64 |S|=33 tri_free=True greedyα=25
    walk 9/64 |S|=33 tri_free=True greedyα=33
    walk 10/64 |S|=34 tri_free=True greedyα=29
    walk 11/64 |S|=35 tri_free=True greedyα=25
    walk 12/64 |S|=34 tri_free=True greedyα=27
    walk 13/64 |S|=34 tri_free=True greedyα=32
    walk 14/64 |S|=34 tri_free=True greedyα=27
    walk 15/64 |S|=35 tri_free=True greedyα=29
    walk 16/64 |S|=32 tri_free=True greedyα=29
    walk 17/64 |S|=35 tri_free=True greedyα=27
    walk 18/64 |S|=36 tri_free=True greedyα=33
    walk 19/64 |S|=32 tri_free=True greedyα=23
    walk 20/64 |S|=36 tri_free=True greedyα=37
    walk 21/64 |S|=33 tri_free=True greedyα=25
    walk 22/64 |S|=34 tri_free=True greedyα=26
    walk 23/64 |S|=34 tri_free=True greedyα=27
    walk 24/64 |S|=36 tri_free=True greedyα=24
    walk 25/64 |S|=32 tri_free=True greedyα=23
    walk 26/64 |S|=37 tri_free=True greedyα=34
    walk 27/64 |S|=37 tri_free=True greedyα=43
    walk 28/64 |S|=33 tri_free=True greedyα=27
    walk 29/64 |S|=36 tri_free=True greedyα=36
    walk 30/64 |S|=39 tri_free=True greedyα=43
    walk 31/64 |S|=35 tri_free=True greedyα=28
    walk 32/64 |S|=35 tri_free=True greedyα=28
    walk 33/64 |S|=39 tri_free=True greedyα=54
    walk 34/64 |S|=34 tri_free=True greedyα=31
    walk 35/64 |S|=34 tri_free=True greedyα=27
    walk 36/64 |S|=36 tri_free=True greedyα=23
    walk 37/64 |S|=38 tri_free=True greedyα=41
    walk 38/64 |S|=34 tri_free=True greedyα=20
    walk 39/64 |S|=34 tri_free=True greedyα=28
    walk 40/64 |S|=32 tri_free=True greedyα=26
    walk 41/64 |S|=33 tri_free=True greedyα=28
    walk 42/64 |S|=33 tri_free=True greedyα=27
    walk 43/64 |S|=36 tri_free=True greedyα=28
    walk 44/64 |S|=34 tri_free=True greedyα=24
    walk 45/64 |S|=37 tri_free=True greedyα=51
    walk 46/64 |S|=34 tri_free=True greedyα=24
    walk 47/64 |S|=37 tri_free=True greedyα=30
    walk 48/64 |S|=34 tri_free=True greedyα=27
    walk 49/64 |S|=34 tri_free=True greedyα=26
    walk 50/64 |S|=33 tri_free=True greedyα=29
    walk 51/64 |S|=33 tri_free=True greedyα=25
    walk 52/64 |S|=32 tri_free=True greedyα=24
    walk 53/64 |S|=33 tri_free=True greedyα=29
    walk 54/64 |S|=32 tri_free=True greedyα=28
    walk 55/64 |S|=34 tri_free=True greedyα=26
    walk 56/64 |S|=34 tri_free=True greedyα=27
    walk 57/64 |S|=33 tri_free=True greedyα=27
    walk 58/64 |S|=33 tri_free=True greedyα=29
    walk 59/64 |S|=32 tri_free=True greedyα=23
    walk 60/64 |S|=36 tri_free=True greedyα=33
    walk 61/64 |S|=37 tri_free=True greedyα=22
    walk 62/64 |S|=31 tri_free=True greedyα=34
    walk 63/64 |S|=35 tri_free=True greedyα=28
    walk 64/64 |S|=33 tri_free=True greedyα=23
  [5c] p=353 e=4 D0∪D2 pool=88 t=20
    walk 1/64 |S|=34 tri_free=True greedyα=23
    walk 2/64 |S|=36 tri_free=True greedyα=31
    walk 3/64 |S|=36 tri_free=True greedyα=27
    walk 4/64 |S|=35 tri_free=True greedyα=30
    walk 5/64 |S|=35 tri_free=True greedyα=25
    walk 6/64 |S|=33 tri_free=True greedyα=26
    walk 7/64 |S|=36 tri_free=True greedyα=28
    walk 8/64 |S|=34 tri_free=True greedyα=23
    walk 9/64 |S|=36 tri_free=True greedyα=25
    walk 10/64 |S|=35 tri_free=True greedyα=28
    walk 11/64 |S|=37 tri_free=True greedyα=32
    walk 12/64 |S|=34 tri_free=True greedyα=26
    walk 13/64 |S|=33 tri_free=True greedyα=29
    walk 14/64 |S|=42 tri_free=True greedyα=52
    walk 15/64 |S|=37 tri_free=True greedyα=33
    walk 16/64 |S|=34 tri_free=True greedyα=25
    walk 17/64 |S|=38 tri_free=True greedyα=52
    walk 18/64 |S|=39 tri_free=True greedyα=51
    walk 19/64 |S|=39 tri_free=True greedyα=27
    walk 20/64 |S|=35 tri_free=True greedyα=23
    walk 21/64 |S|=34 tri_free=True greedyα=29
    walk 22/64 |S|=36 tri_free=True greedyα=28
    walk 23/64 |S|=34 tri_free=True greedyα=27
    walk 24/64 |S|=34 tri_free=True greedyα=32
    walk 25/64 |S|=35 tri_free=True greedyα=26
    walk 26/64 |S|=37 tri_free=True greedyα=29
    walk 27/64 |S|=34 tri_free=True greedyα=27
    walk 28/64 |S|=33 tri_free=True greedyα=30
    walk 29/64 |S|=36 tri_free=True greedyα=26
    walk 30/64 |S|=33 tri_free=True greedyα=29
    walk 31/64 |S|=38 tri_free=True greedyα=39
    walk 32/64 |S|=36 tri_free=True greedyα=24
    walk 33/64 |S|=37 tri_free=True greedyα=48
    walk 34/64 |S|=36 tri_free=True greedyα=23
    walk 35/64 |S|=35 tri_free=True greedyα=32
    walk 36/64 |S|=37 tri_free=True greedyα=26
    walk 37/64 |S|=34 tri_free=True greedyα=23
    walk 38/64 |S|=36 tri_free=True greedyα=28
    walk 39/64 |S|=32 tri_free=True greedyα=33
    walk 40/64 |S|=35 tri_free=True greedyα=27
    walk 41/64 |S|=37 tri_free=True greedyα=32
    walk 42/64 |S|=39 tri_free=True greedyα=24
    walk 43/64 |S|=33 tri_free=True greedyα=26
    walk 44/64 |S|=34 tri_free=True greedyα=27
    walk 45/64 |S|=34 tri_free=True greedyα=24
    walk 46/64 |S|=34 tri_free=True greedyα=31
    walk 47/64 |S|=35 tri_free=True greedyα=29
    walk 48/64 |S|=33 tri_free=True greedyα=32
    walk 49/64 |S|=34 tri_free=True greedyα=25
    walk 50/64 |S|=35 tri_free=True greedyα=27
    walk 51/64 |S|=35 tri_free=True greedyα=26
    walk 52/64 |S|=36 tri_free=True greedyα=25
    walk 53/64 |S|=38 tri_free=True greedyα=36
    walk 54/64 |S|=36 tri_free=True greedyα=31
    walk 55/64 |S|=34 tri_free=True greedyα=25
    walk 56/64 |S|=34 tri_free=True greedyα=27
    walk 57/64 |S|=35 tri_free=True greedyα=30
    walk 58/64 |S|=36 tri_free=True greedyα=24
    walk 59/64 |S|=36 tri_free=True greedyα=27
    walk 60/64 |S|=34 tri_free=True greedyα=27
    walk 61/64 |S|=35 tri_free=True greedyα=26
    walk 62/64 |S|=36 tri_free=True greedyα=27
    walk 63/64 |S|=34 tri_free=True greedyα=22
    walk 64/64 |S|=36 tri_free=True greedyα=28
  [5c] p=353 e=4 D0∪D3 pool=88 t=20
    walk 1/64 |S|=36 tri_free=True greedyα=32
    walk 2/64 |S|=34 tri_free=True greedyα=31
    walk 3/64 |S|=35 tri_free=True greedyα=25
    walk 4/64 |S|=35 tri_free=True greedyα=28
    walk 5/64 |S|=34 tri_free=True greedyα=26
    walk 6/64 |S|=34 tri_free=True greedyα=25
    walk 7/64 |S|=34 tri_free=True greedyα=24
    walk 8/64 |S|=34 tri_free=True greedyα=43
    walk 9/64 |S|=33 tri_free=True greedyα=24
    walk 10/64 |S|=34 tri_free=True greedyα=22
    walk 11/64 |S|=36 tri_free=True greedyα=27
    walk 12/64 |S|=35 tri_free=True greedyα=26
    walk 13/64 |S|=33 tri_free=True greedyα=29
    walk 14/64 |S|=33 tri_free=True greedyα=23
    walk 15/64 |S|=34 tri_free=True greedyα=24
    walk 16/64 |S|=37 tri_free=True greedyα=35
    walk 17/64 |S|=32 tri_free=True greedyα=30
    walk 18/64 |S|=33 tri_free=True greedyα=26
    walk 19/64 |S|=34 tri_free=True greedyα=29
    walk 20/64 |S|=36 tri_free=True greedyα=32
    walk 21/64 |S|=34 tri_free=True greedyα=32
    walk 22/64 |S|=35 tri_free=True greedyα=28
    walk 23/64 |S|=32 tri_free=True greedyα=30
    walk 24/64 |S|=33 tri_free=True greedyα=29
    walk 25/64 |S|=32 tri_free=True greedyα=22
    walk 26/64 |S|=35 tri_free=True greedyα=29
    walk 27/64 |S|=36 tri_free=True greedyα=29
    walk 28/64 |S|=35 tri_free=True greedyα=23
    walk 29/64 |S|=35 tri_free=True greedyα=36
    walk 30/64 |S|=38 tri_free=True greedyα=30
    walk 31/64 |S|=34 tri_free=True greedyα=32
    walk 32/64 |S|=34 tri_free=True greedyα=29
    walk 33/64 |S|=33 tri_free=True greedyα=23
    walk 34/64 |S|=34 tri_free=True greedyα=31
    walk 35/64 |S|=38 tri_free=True greedyα=34
    walk 36/64 |S|=35 tri_free=True greedyα=23
    walk 37/64 |S|=36 tri_free=True greedyα=36
    walk 38/64 |S|=38 tri_free=True greedyα=35
    walk 39/64 |S|=37 tri_free=True greedyα=58
    walk 40/64 |S|=34 tri_free=True greedyα=27
    walk 41/64 |S|=36 tri_free=True greedyα=27
    walk 42/64 |S|=37 tri_free=True greedyα=31
    walk 43/64 |S|=33 tri_free=True greedyα=26
    walk 44/64 |S|=35 tri_free=True greedyα=25
    walk 45/64 |S|=35 tri_free=True greedyα=25
    walk 46/64 |S|=33 tri_free=True greedyα=24
    walk 47/64 |S|=32 tri_free=True greedyα=25
    walk 48/64 |S|=34 tri_free=True greedyα=30
    walk 49/64 |S|=30 tri_free=True greedyα=29
    walk 50/64 |S|=33 tri_free=True greedyα=27
    walk 51/64 |S|=33 tri_free=True greedyα=24
    walk 52/64 |S|=37 tri_free=True greedyα=32
    walk 53/64 |S|=35 tri_free=True greedyα=26
    walk 54/64 |S|=35 tri_free=True greedyα=26
    walk 55/64 |S|=35 tri_free=True greedyα=28
    walk 56/64 |S|=34 tri_free=True greedyα=25
    walk 57/64 |S|=35 tri_free=True greedyα=30
    walk 58/64 |S|=36 tri_free=True greedyα=29
    walk 59/64 |S|=32 tri_free=True greedyα=26
    walk 60/64 |S|=35 tri_free=True greedyα=34
    walk 61/64 |S|=35 tri_free=True greedyα=35
    walk 62/64 |S|=37 tri_free=True greedyα=30
    walk 63/64 |S|=36 tri_free=True greedyα=32
    walk 64/64 |S|=37 tri_free=True greedyα=31
  [5c] p=353 e=4 D1∪D2 pool=88 t=20
    walk 1/64 |S|=36 tri_free=True greedyα=28
    walk 2/64 |S|=37 tri_free=True greedyα=27
    walk 3/64 |S|=33 tri_free=True greedyα=29
    walk 4/64 |S|=35 tri_free=True greedyα=24
    walk 5/64 |S|=36 tri_free=True greedyα=35
    walk 6/64 |S|=35 tri_free=True greedyα=32
    walk 7/64 |S|=34 tri_free=True greedyα=25
    walk 8/64 |S|=34 tri_free=True greedyα=29
    walk 9/64 |S|=39 tri_free=True greedyα=45
    walk 10/64 |S|=31 tri_free=True greedyα=27
    walk 11/64 |S|=31 tri_free=True greedyα=33
    walk 12/64 |S|=34 tri_free=True greedyα=32
    walk 13/64 |S|=34 tri_free=True greedyα=22
    walk 14/64 |S|=42 tri_free=True greedyα=73
    walk 15/64 |S|=31 tri_free=True greedyα=30
    walk 16/64 |S|=34 tri_free=True greedyα=25
    walk 17/64 |S|=35 tri_free=True greedyα=31
    walk 18/64 |S|=35 tri_free=True greedyα=26
    walk 19/64 |S|=36 tri_free=True greedyα=32
    walk 20/64 |S|=33 tri_free=True greedyα=21
    walk 21/64 |S|=44 tri_free=True greedyα=70
    walk 22/64 |S|=33 tri_free=True greedyα=24
    walk 23/64 |S|=35 tri_free=True greedyα=21
    walk 24/64 |S|=33 tri_free=True greedyα=24
    walk 25/64 |S|=34 tri_free=True greedyα=30
    walk 26/64 |S|=34 tri_free=True greedyα=34
    walk 27/64 |S|=35 tri_free=True greedyα=35
    walk 28/64 |S|=34 tri_free=True greedyα=27
    walk 29/64 |S|=34 tri_free=True greedyα=29
    walk 30/64 |S|=34 tri_free=True greedyα=37
    walk 31/64 |S|=35 tri_free=True greedyα=27
    walk 32/64 |S|=34 tri_free=True greedyα=23
    walk 33/64 |S|=37 tri_free=True greedyα=33
    walk 34/64 |S|=34 tri_free=True greedyα=23
    walk 35/64 |S|=38 tri_free=True greedyα=25
    walk 36/64 |S|=31 tri_free=True greedyα=27
    walk 37/64 |S|=35 tri_free=True greedyα=29
    walk 38/64 |S|=34 tri_free=True greedyα=25
    walk 39/64 |S|=35 tri_free=True greedyα=28
    walk 40/64 |S|=36 tri_free=True greedyα=34
    walk 41/64 |S|=34 tri_free=True greedyα=28
    walk 42/64 |S|=35 tri_free=True greedyα=32
    walk 43/64 |S|=35 tri_free=True greedyα=27
    walk 44/64 |S|=33 tri_free=True greedyα=26
    walk 45/64 |S|=34 tri_free=True greedyα=30
    walk 46/64 |S|=36 tri_free=True greedyα=29
    walk 47/64 |S|=35 tri_free=True greedyα=33
    walk 48/64 |S|=41 tri_free=True greedyα=44
    walk 49/64 |S|=33 tri_free=True greedyα=26
    walk 50/64 |S|=38 tri_free=True greedyα=42
    walk 51/64 |S|=33 tri_free=True greedyα=29
    walk 52/64 |S|=36 tri_free=True greedyα=25
    walk 53/64 |S|=33 tri_free=True greedyα=24
    walk 54/64 |S|=35 tri_free=True greedyα=27
    walk 55/64 |S|=32 tri_free=True greedyα=28
    walk 56/64 |S|=35 tri_free=True greedyα=25
    walk 57/64 |S|=35 tri_free=True greedyα=22
    walk 58/64 |S|=32 tri_free=True greedyα=25
    walk 59/64 |S|=36 tri_free=True greedyα=28
    walk 60/64 |S|=34 tri_free=True greedyα=26
    walk 61/64 |S|=38 tri_free=True greedyα=29
    walk 62/64 |S|=32 tri_free=True greedyα=29
    walk 63/64 |S|=33 tri_free=True greedyα=29
    walk 64/64 |S|=34 tri_free=True greedyα=30
  [5c] p=353 e=4 D1∪D3 pool=88 t=20
    walk 1/64 |S|=34 tri_free=True greedyα=31
    walk 2/64 |S|=39 tri_free=True greedyα=28
    walk 3/64 |S|=39 tri_free=True greedyα=35
    walk 4/64 |S|=37 tri_free=True greedyα=37
    walk 5/64 |S|=36 tri_free=True greedyα=33
    walk 6/64 |S|=35 tri_free=True greedyα=29
    walk 7/64 |S|=35 tri_free=True greedyα=25
    walk 8/64 |S|=33 tri_free=True greedyα=26
    walk 9/64 |S|=33 tri_free=True greedyα=27
    walk 10/64 |S|=36 tri_free=True greedyα=27
    walk 11/64 |S|=34 tri_free=True greedyα=26
    walk 12/64 |S|=33 tri_free=True greedyα=24
    walk 13/64 |S|=35 tri_free=True greedyα=38
    walk 14/64 |S|=36 tri_free=True greedyα=36
    walk 15/64 |S|=34 tri_free=True greedyα=27
    walk 16/64 |S|=35 tri_free=True greedyα=29
    walk 17/64 |S|=34 tri_free=True greedyα=28
    walk 18/64 |S|=36 tri_free=True greedyα=33
    walk 19/64 |S|=37 tri_free=True greedyα=25
    walk 20/64 |S|=38 tri_free=True greedyα=26
    walk 21/64 |S|=38 tri_free=True greedyα=30
    walk 22/64 |S|=33 tri_free=True greedyα=27
    walk 23/64 |S|=33 tri_free=True greedyα=31
    walk 24/64 |S|=33 tri_free=True greedyα=27
    walk 25/64 |S|=35 tri_free=True greedyα=25
    walk 26/64 |S|=36 tri_free=True greedyα=31
    walk 27/64 |S|=35 tri_free=True greedyα=34
    walk 28/64 |S|=36 tri_free=True greedyα=44
    walk 29/64 |S|=34 tri_free=True greedyα=30
    walk 30/64 |S|=34 tri_free=True greedyα=26
    walk 31/64 |S|=34 tri_free=True greedyα=30
    walk 32/64 |S|=37 tri_free=True greedyα=25
    walk 33/64 |S|=34 tri_free=True greedyα=25
    walk 34/64 |S|=33 tri_free=True greedyα=30
    walk 35/64 |S|=34 tri_free=True greedyα=24
    walk 36/64 |S|=34 tri_free=True greedyα=23
    walk 37/64 |S|=36 tri_free=True greedyα=32
    walk 38/64 |S|=38 tri_free=True greedyα=37
    walk 39/64 |S|=35 tri_free=True greedyα=31
    walk 40/64 |S|=37 tri_free=True greedyα=34
    walk 41/64 |S|=33 tri_free=True greedyα=24
    walk 42/64 |S|=33 tri_free=True greedyα=23
    walk 43/64 |S|=37 tri_free=True greedyα=27
    walk 44/64 |S|=35 tri_free=True greedyα=27
    walk 45/64 |S|=34 tri_free=True greedyα=30
    walk 46/64 |S|=33 tri_free=True greedyα=22
    walk 47/64 |S|=30 tri_free=True greedyα=30
    walk 48/64 |S|=36 tri_free=True greedyα=29
    walk 49/64 |S|=34 tri_free=True greedyα=24
    walk 50/64 |S|=36 tri_free=True greedyα=26
    walk 51/64 |S|=36 tri_free=True greedyα=43
    walk 52/64 |S|=34 tri_free=True greedyα=23
    walk 53/64 |S|=36 tri_free=True greedyα=37
    walk 54/64 |S|=34 tri_free=True greedyα=25
    walk 55/64 |S|=35 tri_free=True greedyα=24
    walk 56/64 |S|=33 tri_free=True greedyα=23
    walk 57/64 |S|=34 tri_free=True greedyα=30
    walk 58/64 |S|=36 tri_free=True greedyα=25
    walk 59/64 |S|=38 tri_free=True greedyα=39
    walk 60/64 |S|=37 tri_free=True greedyα=25
    walk 61/64 |S|=40 tri_free=True greedyα=46
    walk 62/64 |S|=35 tri_free=True greedyα=30
    walk 63/64 |S|=34 tri_free=True greedyα=29
    walk 64/64 |S|=35 tri_free=True greedyα=32
  [5c] p=353 e=4 D2∪D3 pool=88 t=20
    walk 1/64 |S|=34 tri_free=True greedyα=27
    walk 2/64 |S|=34 tri_free=True greedyα=31
    walk 3/64 |S|=34 tri_free=True greedyα=21
    walk 4/64 |S|=34 tri_free=True greedyα=40
    walk 5/64 |S|=36 tri_free=True greedyα=26
    walk 6/64 |S|=37 tri_free=True greedyα=32
    walk 7/64 |S|=36 tri_free=True greedyα=24
    walk 8/64 |S|=34 tri_free=True greedyα=30
    walk 9/64 |S|=33 tri_free=True greedyα=30
    walk 10/64 |S|=33 tri_free=True greedyα=28
    walk 11/64 |S|=35 tri_free=True greedyα=28
    walk 12/64 |S|=35 tri_free=True greedyα=35
    walk 13/64 |S|=32 tri_free=True greedyα=28
    walk 14/64 |S|=35 tri_free=True greedyα=35
    walk 15/64 |S|=33 tri_free=True greedyα=32
    walk 16/64 |S|=35 tri_free=True greedyα=25
    walk 17/64 |S|=35 tri_free=True greedyα=30
    walk 18/64 |S|=39 tri_free=True greedyα=37
    walk 19/64 |S|=33 tri_free=True greedyα=33
    walk 20/64 |S|=37 tri_free=True greedyα=32
    walk 21/64 |S|=34 tri_free=True greedyα=28
    walk 22/64 |S|=38 tri_free=True greedyα=37
    walk 23/64 |S|=33 tri_free=True greedyα=31
    walk 24/64 |S|=33 tri_free=True greedyα=33
    walk 25/64 |S|=37 tri_free=True greedyα=39
    walk 26/64 |S|=33 tri_free=True greedyα=29
    walk 27/64 |S|=35 tri_free=True greedyα=25
    walk 28/64 |S|=34 tri_free=True greedyα=26
    walk 29/64 |S|=38 tri_free=True greedyα=32
    walk 30/64 |S|=35 tri_free=True greedyα=32
    walk 31/64 |S|=35 tri_free=True greedyα=25
    walk 32/64 |S|=33 tri_free=True greedyα=35
    walk 33/64 |S|=35 tri_free=True greedyα=38
    walk 34/64 |S|=33 tri_free=True greedyα=24
    walk 35/64 |S|=34 tri_free=True greedyα=27
    walk 36/64 |S|=32 tri_free=True greedyα=25
    walk 37/64 |S|=33 tri_free=True greedyα=29
    walk 38/64 |S|=35 tri_free=True greedyα=29
    walk 39/64 |S|=32 tri_free=True greedyα=25
    walk 40/64 |S|=37 tri_free=True greedyα=30
    walk 41/64 |S|=33 tri_free=True greedyα=29
    walk 42/64 |S|=35 tri_free=True greedyα=22
    walk 43/64 |S|=33 tri_free=True greedyα=32
    walk 44/64 |S|=33 tri_free=True greedyα=29
    walk 45/64 |S|=34 tri_free=True greedyα=28
    walk 46/64 |S|=33 tri_free=True greedyα=27
    walk 47/64 |S|=34 tri_free=True greedyα=28
    walk 48/64 |S|=32 tri_free=True greedyα=26
    walk 49/64 |S|=33 tri_free=True greedyα=31
    walk 50/64 |S|=37 tri_free=True greedyα=41
    walk 51/64 |S|=34 tri_free=True greedyα=30
    walk 52/64 |S|=34 tri_free=True greedyα=33
    walk 53/64 |S|=37 tri_free=True greedyα=33
    walk 54/64 |S|=34 tri_free=True greedyα=30
    walk 55/64 |S|=33 tri_free=True greedyα=25
    walk 56/64 |S|=34 tri_free=True greedyα=30
    walk 57/64 |S|=35 tri_free=True greedyα=28
    walk 58/64 |S|=38 tri_free=True greedyα=40
    walk 59/64 |S|=34 tri_free=True greedyα=26
    walk 60/64 |S|=35 tri_free=True greedyα=24
    walk 61/64 |S|=32 tri_free=True greedyα=36
    walk 62/64 |S|=34 tri_free=True greedyα=41
    walk 63/64 |S|=34 tri_free=True greedyα=28
    walk 64/64 |S|=35 tri_free=True greedyα=27
  [5c] skip p=353 e=8 min_resid=264>256
  [5c] skip p=353 e=8 min_resid=264>256
  [5c] skip p=353 e=8 min_resid=264>256
  [5c] skip p=353 e=8 min_resid=264>256
  [5c] skip p=353 e=8 min_resid=264>256
  [5c] skip p=353 e=8 min_resid=264>256
  [5c] skip p=353 e=8 min_resid=264>256
  [5c] skip p=353 e=8 min_resid=264>256
  [5c] skip p=353 e=8 min_resid=264>256
  [5c] skip p=353 e=8 min_resid=264>256
  [5c] skip p=353 e=8 min_resid=264>256
  [5c] skip p=353 e=8 min_resid=264>256
  [5c] skip p=353 e=8 min_resid=264>256
  [5c] skip p=353 e=8 min_resid=264>256
  [5c] skip p=353 e=8 min_resid=264>256
  [5c] skip p=353 e=8 min_resid=264>256
  [5c] skip p=353 e=8 min_resid=264>256
  [5c] skip p=353 e=8 min_resid=264>256
  [5c] skip p=353 e=8 min_resid=264>256
  [5c] skip p=353 e=8 min_resid=264>256
  [5c] skip p=353 e=8 min_resid=264>256
  [5c] skip p=353 e=8 min_resid=264>256
  [5c] skip p=353 e=8 min_resid=264>256
  [5c] skip p=353 e=8 min_resid=264>256
  [5c] skip p=353 e=8 min_resid=264>256
  [5c] skip p=353 e=8 min_resid=264>256
  [5c] skip p=353 e=8 min_resid=264>256
  [5c] skip p=353 e=8 min_resid=264>256
== phase5 → 5d ==
  [5d] t=50 n=(501, 503, 505, 507, 509, 511, 513, 515, 517, 519, 521)  middle-third seed
  [5d] n=501 seed |S|=82 greedyα=168 ILS 80
    step 0 |S|=81 greedyα=168 best=168
    step 20 |S|=72 greedyα=169 best=168
  [5d] n=501 residual=362
  [5d] skip residual>256
  [5d] n=503 seed |S|=83 greedyα=168 ILS 80
    step 40 |S|=72 greedyα=169 best=168
  [5d] n=503 residual=368
  [5d] skip residual>256
  [5d] n=505 seed |S|=83 greedyα=169 ILS 80
    step 40 |S|=73 greedyα=169 best=169
    step 60 |S|=70 greedyα=169 best=169
  [5d] n=505 residual=338
  [5d] skip residual>256
  [5d] n=507 seed |S|=83 greedyα=170 ILS 80
    step 20 |S|=78 greedyα=170 best=170
  [5d] n=507 residual=340
  [5d] skip residual>256
  [5d] n=509 seed |S|=84 greedyα=170 ILS 80
    step 20 |S|=76 greedyα=170 best=170
    step 60 |S|=60 greedyα=170 best=170
  [5d] n=509 residual=340
  [5d] skip residual>256
  [5d] n=511 seed |S|=84 greedyα=171 ILS 80
    step 20 |S|=79 greedyα=171 best=171
  [5d] n=511 residual=342
  [5d] skip residual>256
  [5d] n=513 seed |S|=84 greedyα=172 ILS 80
    step 20 |S|=79 greedyα=172 best=172
  [5d] n=513 residual=344
  [5d] skip residual>256
  [5d] n=515 seed |S|=85 greedyα=172 ILS 80
    step 40 |S|=76 greedyα=172 best=172
  [5d] n=515 residual=344
  [5d] skip residual>256
  [5d] n=517 seed |S|=85 greedyα=173 ILS 80
    step 20 |S|=77 greedyα=173 best=173
  [5d] n=517 residual=346
  [5d] skip residual>256
  [5d] n=519 seed |S|=85 greedyα=174 ILS 80
    step 0 |S|=84 greedyα=174 best=174
  [5d] n=519 residual=362
  [5d] skip residual>256
  [5d] n=521 seed |S|=86 greedyα=174 ILS 80
    step 40 |S|=75 greedyα=175 best=174
    step 60 |S|=72 greedyα=175 best=172
  [5d] n=521 residual=374
  [5d] skip residual>256
== phase5 → 5e ==
  [5e] W(3,7) K4-clean…
  [5e] q=7 raw=400 leftover=84
  [5e] greedyα=20 α=21 exact=True R(4,22)>84 published=314 beats=False
  [5e] polarity_gq_q7_n84_kind5e                               N=  84  R(4,t)-geom  exact=False  ω=None α=None
  [5e] exact but below floor — catalogue, not CELL? (4c already had R(4,22)>84 vs ≥314)
== phase5 → 5f ==
  [5f] catalogue TG / Yip — Hoffman vs Paley, no hunt
  [5f] TG_3,2 n=21 deg=9 k>7 exact=True
  [5f] tg_dh_n21_d3_h2                                         N=  21  k>7    N^{1/k}=1.5449  exact=True  fft
  [5f] TG_4,2 n=85 deg=42 k>23 exact=True
  [5f] tg_dh_n85_d4_h2                                         N=  85  k>23   N^{1/k}=1.2131  exact=True  fft
  [5f] TG_5,2 n=341 deg=167 k>14 exact=False
  [5f] tg_dh_n341_d5_h2                                        N= 341  k>14   N^{1/k}=1.5167  exact=False  fft
  [5f] Yip-poly p=17 k>5 vs Paley k>4
  [5f] polynomial_paley_p17                                    N=  17  k>5    N^{1/k}=1.7623  exact=True  fft
  [5f] Yip-poly p=29 k>8 vs Paley k>5
  [5f] polynomial_paley_p29                                    N=  29  k>8    N^{1/k}=1.5234  exact=True  fft
  [5f] Yip-poly p=37 k>10 vs Paley k>5
  [5f] polynomial_paley_p37                                    N=  37  k>10   N^{1/k}=1.4349  exact=True  fft
== phase5 done ==
/workspace/ramsey-gpu-constructions/engine/run.py:169: RankWarning: Polyfit may be poorly conditioned
  slope, intercept = np.polyfit(ks, logs, 1)
/workspace/ramsey-gpu-constructions/engine/run.py:169: RankWarning: Polyfit may be poorly conditioned
  slope, intercept = np.polyfit(ks, logs, 1)
job phase5 done in 1171.55s  graphs=9
