graph_id,construction_type,N,k_target,provenance_seed,degree_mean,degree_std,degree_min,degree_max,degree_kurtosis,centrality_mean,edge_algebraic_label_mean,omega_exact,alpha_exact,omega_lower,omega_upper,alpha_lower,alpha_upper,theta_approx,spectral_gap,is_k_free,triangles,k4,n_1_over_k,exact,gpu_kernel,run001,field,device,adj_matrix_path,algebraic_residue_vec_0,algebraic_residue_vec_1,algebraic_residue_vec_2,algebraic_residue_vec_3,algebraic_residue_vec_4,algebraic_residue_vec_5,algebraic_residue_vec_6,algebraic_residue_vec_7,algebraic_residue_vec_8,algebraic_residue_vec_9,job,cell,kernel,symmetry,params,scale,runtime_sec
block_circulant_n14,block_circulant,14,5,14,4.0,0.0,4.0,4.0,0.0,0.3076923076923076,0.3076923076923077,3,4,3,3,4,4,5.035667866327691,0.9510826604776952,True,14,0,1.6952182030724354,True,two_block ILS on O(m) distances,not_done,Z_2 × Z_7,numpy-openblas,data/adj/block_circulant_n14.npy,1,0,0,0,0,1,0,0,0,1,3a,"R(k,k)",generic,none,"{""n"": 14, ""m"": 7, ""score"": 4004.14}",local,
block_circulant_n34,block_circulant,34,7,34,20.0,0.0,20.0,20.0,0.0,0.6060606060606061,0.6060606060606061,,,6,6,5,5,8.16214483550918,16.507755332893993,True,1190,1326,1.6549417125915038,False,two_block ILS on O(m) distances,not_done,Z_2 × Z_17,numpy-openblas,data/adj/block_circulant_n34.npy,1,1,0,1,0,0,0,1,1,0,3a,"R(k,k)",generic,none,"{""n"": 34, ""m"": 17, ""score"": 1000000000.0}",local,
block_circulant_n74,block_circulant,74,8,74,44.0,0.0,44.0,44.0,0.0,0.602739726027397,0.6027397260273972,,,7,7,6,6,12.017214905040715,36.256702237695734,True,13542,-1,1.7125922128949782,False,two_block ILS on O(m) distances,not_done,Z_2 × Z_37,numpy-openblas,data/adj/block_circulant_n74.npy,1,0,1,1,0,0,1,0,1,1,3a,"R(k,k)",generic,none,"{""n"": 74, ""m"": 37, ""score"": 1000000000.0}",local,
circulant_r3_n5,circulant_r3,5,3,5,2.0,0.0,2.0,2.0,0.0,0.5,0.5,2,2,2,2,2,2,2.23606797749979,1.381966011250105,True,0,-1,1.7099759466766968,True,sum-free ILS in distance space O(n) vars,not_done,Z/5Z,numpy-openblas,data/adj/circulant_r3_n5.npy,1,0,0,1,0,0,0,0,0,0,2c,"R(3,k)",fft,circulant,"{""n"": 5, ""S"": [1, 4], ""score"": 2.23606797749979}",local,
circulant_r3_n6,circulant_r3,6,4,6,2.0,0.0,2.0,2.0,0.0,0.39999999999999997,0.4,2,3,2,2,3,3,3.0,1.0,True,0,-1,1.5650845800732873,True,sum-free ILS in distance space O(n) vars,not_done,Z/6Z,numpy-openblas,data/adj/circulant_r3_n6.npy,1,0,0,0,1,0,0,0,0,0,2c,"R(3,k)",fft,circulant,"{""n"": 6, ""S"": [1, 5], ""score"": 3.0}",local,
circulant_r3_n7,circulant_r3,7,4,7,2.0,0.0,2.0,2.0,0.0,0.3333333333333333,0.3333333333333333,2,3,2,2,3,3,3.317667207394095,0.753020396282533,True,0,-1,1.6265765616977856,True,sum-free ILS in distance space O(n) vars,not_done,Z/7Z,numpy-openblas,data/adj/circulant_r3_n7.npy,1,0,0,0,0,1,0,0,0,0,2c,"R(3,k)",fft,circulant,"{""n"": 7, ""S"": [1, 6], ""score"": 3.317667207394095}",local,
circulant_r3_n8,circulant_r3,8,4,8,3.0,0.0,3.0,3.0,0.0,0.42857142857142855,0.42857142857142855,2,3,2,2,3,3,3.5672232497824488,2.0,True,0,-1,1.681792830507429,True,sum-free ILS in distance space O(n) vars,not_done,Z/8Z,numpy-openblas,data/adj/circulant_r3_n8.npy,1,0,0,1,0,0,1,0,0,0,2c,"R(3,k)",fft,circulant,"{""n"": 8, ""S"": [1, 4, 7], ""score"": 3.5672232497824488}",local,
circulant_r3_n9,circulant_r3,9,5,9,2.0,0.0,2.0,2.0,0.0,0.25,0.25,2,4,2,2,4,4,4.360089581434065,0.46791111376204375,True,0,-1,1.5518455739153598,True,sum-free ILS in distance space O(n) vars,not_done,Z/9Z,numpy-openblas,data/adj/circulant_r3_n9.npy,0,1,0,0,0,0,1,0,0,0,2c,"R(3,k)",fft,circulant,"{""n"": 9, ""S"": [2, 7], ""score"": 4.360089581434065}",local,
circulant_r3_n10,circulant_r3,10,5,10,2.0,0.0,2.0,2.0,0.0,0.22222222222222224,0.2222222222222222,2,4,2,2,4,4,4.47213595499958,0.0,True,0,-1,1.5848931924611136,True,sum-free ILS in distance space O(n) vars,not_done,Z/10Z,numpy-openblas,data/adj/circulant_r3_n10.npy,0,0,0,1,0,1,0,0,0,0,2c,"R(3,k)",fft,circulant,"{""n"": 10, ""S"": [4, 6], ""score"": 4.47213595499958}",local,
circulant_r3_n11,circulant_r3,11,5,11,4.0,0.0,4.0,4.0,0.0,0.4,0.4,2,4,2,2,4,4,4.913157986174734,2.6021226108842077,True,0,-1,1.615394266202178,True,sum-free ILS in distance space O(n) vars,not_done,Z/11Z,numpy-openblas,data/adj/circulant_r3_n11.npy,1,0,0,1,0,0,1,0,0,1,2c,"R(3,k)",fft,circulant,"{""n"": 11, ""S"": [1, 4, 7, 10], ""score"": 4.913157986174734}",local,
circulant_r3_n12,circulant_r3,12,5,12,4.0,0.0,4.0,4.0,0.0,0.3636363636363636,0.36363636363636365,2,4,2,2,4,4,5.142857142857143,3.0,True,0,-1,1.6437518295172258,True,sum-free ILS in distance space O(n) vars,not_done,Z/12Z,numpy-openblas,data/adj/circulant_r3_n12.npy,0,1,1,0,0,0,0,0,1,1,2c,"R(3,k)",fft,circulant,"{""n"": 12, ""S"": [2, 3, 9, 10], ""score"": 5.142857142857143}",local,
circulant_r3_n13,circulant_r3,13,5,13,4.0,0.0,4.0,4.0,0.0,0.3333333333333333,0.3333333333333333,2,4,2,2,4,4,5.181736625420594,2.6227971460270423,True,0,-1,1.6702776523348104,True,sum-free ILS in distance space O(n) vars,not_done,Z/13Z,numpy-openblas,data/adj/circulant_r3_n13.npy,0,1,1,0,0,0,0,0,0,1,2c,"R(3,k)",fft,circulant,"{""n"": 13, ""S"": [2, 3, 10, 11], ""score"": 5.181736625420594}",local,
circulant_r3_n14,circulant_r3,14,6,14,4.0,0.0,4.0,4.0,0.0,0.3076923076923076,0.3076923076923077,2,5,2,2,5,5,6.055517563524864,2.307978528369904,True,0,-1,1.5524632891554087,True,sum-free ILS in distance space O(n) vars,not_done,Z/14Z,numpy-openblas,data/adj/circulant_r3_n14.npy,1,0,0,1,0,0,0,0,0,1,2c,"R(3,k)",fft,circulant,"{""n"": 14, ""S"": [1, 4, 10, 13], ""score"": 6.055517563524864}",local,
circulant_r3_n15,circulant_r3,15,7,15,4.0,0.0,4.0,4.0,0.0,0.28571428571428564,0.2857142857142857,2,6,2,2,6,6,6.7082039324993685,2.381966011250105,True,0,-1,1.4723567001803468,True,sum-free ILS in distance space O(n) vars,not_done,Z/15Z,numpy-openblas,data/adj/circulant_r3_n15.npy,1,0,0,1,0,0,0,0,0,0,2c,"R(3,k)",fft,circulant,"{""n"": 15, ""S"": [1, 4, 11, 14], ""score"": 6.7082039324993685}",local,
circulant_r3_n16,circulant_r3,16,7,16,6.0,0.0,6.0,6.0,0.0,0.4,0.4,2,6,2,2,6,6,7.1344464995648975,4.0,True,0,-1,1.4859942891369484,True,sum-free ILS in distance space O(n) vars,not_done,Z/16Z,numpy-openblas,data/adj/circulant_r3_n16.npy,0,0,1,1,1,0,0,0,0,0,2c,"R(3,k)",fft,circulant,"{""n"": 16, ""S"": [3, 4, 5, 11, 12, 13], ""score"": 7.1344464995648975}",local,
circulant_r3_n17,circulant_r3,17,7,17,4.0,0.0,4.0,4.0,0.0,0.25,0.25,2,6,2,2,6,6,7.15306701705469,1.9505188222646845,True,0,-1,1.498919872071562,True,sum-free ILS in distance space O(n) vars,not_done,Z/17Z,numpy-openblas,data/adj/circulant_r3_n17.npy,0,0,0,0,0,1,1,0,0,1,2c,"R(3,k)",fft,circulant,"{""n"": 17, ""S"": [6, 7, 10, 11], ""score"": 7.15306701705469}",local,
circulant_r3_n18,circulant_r3,18,7,18,4.0,0.0,4.0,4.0,0.0,0.23529411764705882,0.23529411764705882,2,6,2,2,6,6,7.714285714285715,1.4679111137620438,True,0,-1,1.511209390509403,True,sum-free ILS in distance space O(n) vars,not_done,Z/18Z,numpy-openblas,data/adj/circulant_r3_n18.npy,0,1,1,0,0,0,0,0,0,0,2c,"R(3,k)",fft,circulant,"{""n"": 18, ""S"": [2, 3, 15, 16], ""score"": 7.714285714285715}",local,
circulant_r3_n19,circulant_r3,19,7,19,6.0,0.0,6.0,6.0,0.0,0.33333333333333326,0.3333333333333333,2,6,2,2,6,6,8.178989998367516,4.369032343605359,True,0,-1,1.5229269982187534,True,sum-free ILS in distance space O(n) vars,not_done,Z/19Z,numpy-openblas,data/adj/circulant_r3_n19.npy,1,0,1,0,0,0,1,0,0,0,2c,"R(3,k)",fft,circulant,"{""n"": 19, ""S"": [1, 3, 7, 12, 16, 18], ""score"": 8.178989998367516}",local,
circulant_r3_n20,circulant_r3,20,8,20,5.0,0.0,5.0,5.0,0.0,0.26315789473684215,0.2631578947368421,2,7,2,2,7,7,8.62809896945041,2.76393202250021,True,0,-1,1.4542154334489537,True,sum-free ILS in distance space O(n) vars,not_done,Z/20Z,numpy-openblas,data/adj/circulant_r3_n20.npy,1,0,0,1,0,0,0,0,0,1,2c,"R(3,k)",fft,circulant,"{""n"": 20, ""S"": [1, 4, 10, 16, 19], ""score"": 8.62809896945041}",local,
circulant_r3_n21,circulant_r3,21,7,21,6.0,0.0,6.0,6.0,0.0,0.29999999999999993,0.3,2,6,2,2,6,6,8.461335809337083,3.803214207607557,True,0,-1,1.5448576602501738,True,sum-free ILS in distance space O(n) vars,not_done,Z/21Z,numpy-openblas,data/adj/circulant_r3_n21.npy,0,1,0,0,0,0,0,1,1,0,2c,"R(3,k)",fft,circulant,"{""n"": 21, ""S"": [2, 8, 9, 12, 13, 19], ""score"": 8.461335809337083}",local,
circulant_r3_n22,circulant_r3,22,9,22,6.0,0.0,6.0,6.0,0.0,0.28571428571428564,0.2857142857142857,2,8,2,2,8,8,9.474413741804717,3.9447073365658456,True,0,-1,1.4098018484275194,True,sum-free ILS in distance space O(n) vars,not_done,Z/22Z,numpy-openblas,data/adj/circulant_r3_n22.npy,0,1,0,0,1,1,0,0,0,0,2c,"R(3,k)",fft,circulant,"{""n"": 22, ""S"": [2, 5, 6, 16, 17, 20], ""score"": 9.474413741804717}",local,
circulant_r3_n23,circulant_r3,23,9,23,6.0,0.0,6.0,6.0,0.0,0.27272727272727265,0.2727272727272727,2,8,2,2,8,8,9.906034264473258,3.290520176571439,True,0,-1,1.4167822033014115,True,sum-free ILS in distance space O(n) vars,not_done,Z/23Z,numpy-openblas,data/adj/circulant_r3_n23.npy,1,0,0,0,0,1,0,0,0,1,2c,"R(3,k)",fft,circulant,"{""n"": 23, ""S"": [1, 6, 10, 13, 17, 22], ""score"": 9.906034264473258}",local,
circulant_r3_n24,circulant_r3,24,10,24,8.0,0.0,8.0,8.0,0.0,0.34782608695652173,0.34782608695652173,2,9,2,2,9,9,10.51935380398662,5.757359312880714,True,0,-1,1.3741088103166372,True,sum-free ILS in distance space O(n) vars,not_done,Z/24Z,numpy-openblas,data/adj/circulant_r3_n24.npy,1,0,0,1,0,0,1,0,1,0,2c,"R(3,k)",fft,circulant,"{""n"": 24, ""S"": [1, 4, 7, 9, 15, 17, 20, 23], ""score"": 10.51935380398662}",local,
circulant_r3_n25,circulant_r3,25,10,25,6.0,0.0,6.0,6.0,0.0,0.25,0.25,2,9,2,2,9,9,11.04967146170258,2.76393202250021,True,0,-1,1.379729661461215,True,sum-free ILS in distance space O(n) vars,not_done,Z/25Z,numpy-openblas,data/adj/circulant_r3_n25.npy,1,0,0,0,0,1,0,0,0,1,2c,"R(3,k)",fft,circulant,"{""n"": 25, ""S"": [1, 6, 10, 15, 19, 24], ""score"": 11.04967146170258}",local,
circulant_r3_n26,circulant_r3,26,10,26,6.0,0.0,6.0,6.0,0.0,0.24000000000000002,0.24,2,9,2,2,9,9,11.005857866914413,2.9731398128620246,True,0,-1,1.3851516854212416,True,sum-free ILS in distance space O(n) vars,not_done,Z/26Z,numpy-openblas,data/adj/circulant_r3_n26.npy,1,0,0,1,0,0,1,0,0,0,2c,"R(3,k)",fft,circulant,"{""n"": 26, ""S"": [1, 4, 7, 19, 22, 25], ""score"": 11.005857866914413}",local,
circulant_r3_n27,circulant_r3,27,10,27,6.0,0.0,6.0,6.0,0.0,0.23076923076923078,0.23076923076923078,2,9,2,2,9,9,11.9425173393359,3.0954278380245768,True,0,-1,1.3903891703159095,True,sum-free ILS in distance space O(n) vars,not_done,Z/27Z,numpy-openblas,data/adj/circulant_r3_n27.npy,1,0,1,0,0,0,0,1,0,0,2c,"R(3,k)",fft,circulant,"{""n"": 27, ""S"": [1, 3, 8, 19, 24, 26], ""score"": 11.9425173393359}",local,
circulant_r3_n28,circulant_r3,28,11,28,4.0,0.0,4.0,4.0,0.0,0.1481481481481481,0.14814814814814814,2,10,2,2,10,10,12.111035127049728,4.440892098500626e-16,True,0,-1,1.3538165566025344,True,sum-free ILS in distance space O(n) vars,not_done,Z/28Z,numpy-openblas,data/adj/circulant_r3_n28.npy,0,0,0,0,0,0,0,0,0,1,2c,"R(3,k)",fft,circulant,"{""n"": 28, ""S"": [10, 12, 16, 18], ""score"": 12.111035127049728}",local,
circulant_r3_n29,circulant_r3,29,9,29,6.0,0.0,6.0,6.0,0.0,0.2142857142857143,0.21428571428571427,2,8,2,2,8,8,11.644351076072192,3.6601327318659296,True,0,-1,1.4537464474156747,True,sum-free ILS in distance space O(n) vars,not_done,Z/29Z,numpy-openblas,data/adj/circulant_r3_n29.npy,0,1,1,0,0,0,0,0,0,0,2c,"R(3,k)",fft,circulant,"{""n"": 29, ""S"": [2, 3, 11, 18, 26, 27], ""score"": 11.644351076072192}",local,
circulant_r3_n32,circulant_r3,32,10,32,7.0,0.0,7.0,7.0,0.0,0.22580645161290322,0.22580645161290322,2,9,2,2,9,9,13.333333333333334,4.152240934977426,True,0,-1,1.4142135623730951,True,sum-free ILS in distance space O(n) vars,not_done,Z/32Z,numpy-openblas,data/adj/circulant_r3_n32.npy,1,0,0,0,1,0,1,0,0,0,2c,"R(3,k)",fft,circulant,"{""n"": 32, ""S"": [1, 5, 7, 16, 25, 27, 31], ""score"": 13.333333333333334}",local,
circulant_r3_n33,circulant_r3,33,13,33,8.0,0.0,8.0,8.0,0.0,0.25,0.25,2,12,2,2,12,12,13.936082197950064,4.262200270903483,True,0,-1,1.3086055702762218,True,sum-free ILS in distance space O(n) vars,not_done,Z/33Z,numpy-openblas,data/adj/circulant_r3_n33.npy,1,0,0,0,0,0,0,0,0,1,2c,"R(3,k)",fft,circulant,"{""n"": 33, ""S"": [1, 10, 12, 15, 18, 21, 23, 32], ""score"": 13.936082197950064}",local,
circulant_r3_n35,circulant_r3,35,15,35,6.0,0.0,6.0,6.0,0.0,0.17647058823529416,0.17647058823529413,2,14,2,2,14,14,15.652475842498527,2.1421661398814824,True,0,-1,1.267470527946047,True,sum-free ILS in distance space O(n) vars,not_done,Z/35Z,numpy-openblas,data/adj/circulant_r3_n35.npy,0,0,0,0,0,1,0,0,0,0,2c,"R(3,k)",fft,circulant,"{""n"": 35, ""S"": [6, 11, 16, 19, 24, 29], ""score"": 15.652475842498527}",local,
circulant_r3_n36,circulant_r3,36,14,36,6.0,0.0,6.0,6.0,0.0,0.17142857142857146,0.17142857142857143,2,13,2,2,13,13,15.923356452447862,1.7045236642079686,True,0,-1,1.2917083420907467,True,sum-free ILS in distance space O(n) vars,not_done,Z/36Z,numpy-openblas,data/adj/circulant_r3_n36.npy,0,0,1,0,1,0,0,0,0,0,2c,"R(3,k)",fft,circulant,"{""n"": 36, ""S"": [3, 5, 14, 22, 31, 33], ""score"": 15.923356452447862}",local,
circulant_r3_n41,circulant_r3,41,13,41,8.0,0.0,8.0,8.0,0.0,0.19999999999999998,0.2,2,12,2,2,12,12,16.26133545578874,4.785795728583144,True,0,-1,1.330639148718466,True,sum-free ILS in distance space O(n) vars,not_done,Z/41Z,numpy-openblas,data/adj/circulant_r3_n41.npy,0,0,0,0,1,0,0,0,1,0,2c,"R(3,k)",fft,circulant,"{""n"": 41, ""S"": [5, 9, 11, 17, 24, 30, 32, 36], ""score"": 16.26133545578874}",local,
circulant_r3_n47,circulant_r3,47,13,47,10.0,0.0,10.0,10.0,0.0,0.21739130434782608,0.21739130434782608,2,12,2,2,12,12,17.950376562517256,6.0927771361875775,True,0,-1,1.3446922818258509,True,sum-free ILS in distance space O(n) vars,not_done,Z/47Z,numpy-openblas,data/adj/circulant_r3_n47.npy,0,0,0,1,1,1,1,0,0,0,2c,"R(3,k)",fft,circulant,"{""n"": 47, ""S"": [4, 5, 6, 7, 22, 25, 40, 41, 42, 43], ""score"": 17.950376562517256}",local,
circulant_r3_t12_n51,circulant_r3,51,14,12,8.0,0.0,8.0,8.0,0.0,0.0,0.0,,,2,51,13,13,0.0,0.0,False,0,0,1.3242479164389231,False,incremental Schur + residual MIS,not_done,Z/51Z,numpy-openblas,data/adj/circulant_r3_t12_n51.npy,0,0,0,0,0,0,0,0,0,0,4b,"R(3,k)",bitset-mis,circulant,"{""n"": 51, ""t"": 12, ""S"": [13, 18, 22, 24, 27, 29, 33, 38]}",local,
circulant_r4_n17,circulant_r4,17,4,17,8.0,0.0,8.0,8.0,0.0,0.5,0.5,3,3,3,3,3,3,4.12310562561766,6.438447187191169,True,68,-1,2.0305431848689306,True,K4-free neighbourhood ILS + FFT Hoffman,not_done,Z/17Z,numpy-openblas,data/adj/circulant_r4_n17.npy,0,0,1,0,1,1,1,0,0,1,3b,"R(4,k)",fft,circulant,"{""n"": 17, ""S"": [3, 5, 6, 7, 10, 11, 12, 14], ""k4_free"": true, ""score"": 4.123105625617661}",local,
circulant_r4_n19,circulant_r4,19,5,19,6.0,0.0,6.0,6.0,0.0,0.33333333333333326,0.3333333333333333,3,4,3,3,4,4,5.240429751206531,3.4929813559070237,True,38,-1,1.8019831273171423,True,K4-free neighbourhood ILS + FFT Hoffman,not_done,Z/19Z,numpy-openblas,data/adj/circulant_r4_n19.npy,0,1,1,0,1,0,0,0,0,0,3b,"R(4,k)",fft,circulant,"{""n"": 19, ""S"": [2, 3, 5, 14, 16, 17], ""k4_free"": true, ""score"": 5.240429751206531}",local,
circulant_r4_n23,circulant_r4,23,7,23,6.0,0.0,6.0,6.0,0.0,0.27272727272727265,0.2727272727272727,3,6,3,3,6,6,7.029010083984329,1.7889290634047885,True,46,-1,1.5650656079602396,True,K4-free neighbourhood ILS + FFT Hoffman,not_done,Z/23Z,numpy-openblas,data/adj/circulant_r4_n23.npy,1,0,0,0,1,1,0,0,0,0,3b,"R(4,k)",fft,circulant,"{""n"": 23, ""S"": [1, 5, 6, 17, 18, 22], ""k4_free"": true, ""score"": 7.029010083984329}",local,
circulant_r4_n29,circulant_r4,29,7,29,10.0,0.0,10.0,10.0,0.0,0.3571428571428572,0.35714285714285715,3,6,3,3,6,6,8.590546756444839,6.613019424855161,True,116,-1,1.6177596522879036,True,K4-free neighbourhood ILS + FFT Hoffman,not_done,Z/29Z,numpy-openblas,data/adj/circulant_r4_n29.npy,1,1,0,0,1,0,0,0,0,1,3b,"R(4,k)",fft,circulant,"{""n"": 29, ""S"": [1, 2, 5, 10, 11, 18, 19, 24, 27, 28], ""k4_free"": true, ""score"": 8.590546756444839}",local,
circulant_r4_n31,circulant_r4,31,8,31,10.0,0.0,10.0,10.0,0.0,0.3333333333333335,0.3333333333333333,3,7,3,3,7,7,9.55992363179865,6.746996426541852,True,93,-1,1.536102555746382,True,K4-free neighbourhood ILS + FFT Hoffman,not_done,Z/31Z,numpy-openblas,data/adj/circulant_r4_n31.npy,0,1,0,0,0,1,0,1,1,0,3b,"R(4,k)",fft,circulant,"{""n"": 31, ""S"": [2, 6, 8, 9, 13, 18, 22, 23, 25, 29], ""k4_free"": true, ""score"": 9.55992363179865}",local,
circulant_r4_n37,circulant_r4,37,9,37,12.0,0.0,12.0,12.0,0.0,0.33333333333333337,0.3333333333333333,3,8,3,3,8,8,10.261747695950467,7.617343753866274,True,222,-1,1.4936355304176858,True,K4-free neighbourhood ILS + FFT Hoffman,not_done,Z/37Z,numpy-openblas,data/adj/circulant_r4_n37.npy,1,0,0,0,1,1,0,1,1,0,3b,"R(4,k)",fft,circulant,"{""n"": 37, ""S"": [1, 5, 6, 8, 9, 16, 21, 28, 29, 31, 32, 36], ""k4_free"": true, ""score"": 10.261747695950467}",local,
circulant_r4_n41,circulant_r4,41,7,41,20.0,0.0,20.0,20.0,0.0,0.5,0.5,6,5,6,6,5,5,12.81690876302661,15.333491456498212,True,1107,-1,1.6997994869342874,True,K4-free neighbourhood ILS + FFT Hoffman,not_done,Z/41Z,numpy-openblas,data/adj/circulant_r4_n41.npy,1,0,0,1,0,1,0,1,0,1,3b,"R(4,k)",fft,circulant,"{""n"": 41, ""S"": [1, 4, 6, 8, 10, 12, 13, 15, 16, 17, 24, 25, 26, 28, 29, 31, 33, 35, 37, 40], ""k4_free"": false, ""score"": 1000000000.0}",local,
circulant_r4_n43,circulant_r4,43,11,43,14.0,0.0,14.0,14.0,0.0,0.33333333333333337,0.3333333333333333,3,10,3,3,10,10,12.783345008505744,8.290075102162069,True,387,-1,1.407657933475101,True,K4-free neighbourhood ILS + FFT Hoffman,not_done,Z/43Z,numpy-openblas,data/adj/circulant_r4_n43.npy,0,0,1,0,0,1,0,1,0,0,3b,"R(4,k)",fft,circulant,"{""n"": 43, ""S"": [3, 6, 8, 11, 16, 17, 18, 25, 26, 27, 32, 35, 37, 40], ""k4_free"": true, ""score"": 12.783345008505744}",local,
circulant_r4_n47,circulant_r4,47,8,47,30.0,0.0,30.0,30.0,0.0,0.652173913043478,0.6521739130434783,7,5,7,7,5,5,9.207437335818923,23.84523286824283,True,4230,-1,1.6181256127680217,True,K4-free neighbourhood ILS + FFT Hoffman,not_done,Z/47Z,numpy-openblas,data/adj/circulant_r4_n47.npy,1,0,1,0,1,0,1,1,1,1,3b,"R(4,k)",fft,circulant,"{""n"": 47, ""S"": [1, 3, 5, 7, 8, 9, 10, 11, 12, 14, 15, 16, 17, 19, 21, 26, 28, 30, 31, 32, 33, 35, 36, 37, 38, 39, 40, 42, 44, 46], ""k4_free"": false, ""score"": 1000000000.0}",local,
cyclotomic_union_p13_e4_mask10,cyclotomic_union,13,4,13,6.0,0.0,6.0,6.0,0.0,0.5,0.5,3,3,3,3,3,3,3.6055512754639896,4.697224362268005,True,26,-1,1.8988289221159418,True,O(p) orbits + FFT Hoffman ranker,not_done,F_13,numpy-openblas,data/adj/cyclotomic_union_p13_e4_mask10.npy,0,1,0,0,1,1,1,1,0,0,2a,cert,fft,circulant,"{""p"": 13, ""e"": 4, ""mask"": 10, ""ranker_score"": 3.6055512754639896}",local,
cyclotomic_union_p13_e4_mask5,cyclotomic_union,13,4,13,6.0,0.0,6.0,6.0,0.0,0.5,0.5,3,3,3,3,3,3,3.6055512754639896,4.697224362268005,True,26,-1,1.8988289221159418,True,O(p) orbits + FFT Hoffman ranker,not_done,F_13,numpy-openblas,data/adj/cyclotomic_union_p13_e4_mask5.npy,1,0,1,1,0,0,0,0,1,1,2a,cert,fft,circulant,"{""p"": 13, ""e"": 4, ""mask"": 5, ""ranker_score"": 3.6055512754639896}",local,
cyclotomic_union_p13_e6_mask18,cyclotomic_union,13,5,13,4.0,0.0,4.0,4.0,0.0,0.3333333333333333,0.3333333333333333,2,4,2,2,4,4,5.181736625420594,2.6227971460270423,True,0,-1,1.6702776523348104,True,O(p) orbits + FFT Hoffman ranker,not_done,F_13,numpy-openblas,data/adj/cyclotomic_union_p13_e6_mask18.npy,0,1,1,0,0,0,0,0,0,1,2a,cert,fft,circulant,"{""p"": 13, ""e"": 6, ""mask"": 18, ""ranker_score"": 5.181736625420594}",local,
cyclotomic_union_p13_e6_mask9,cyclotomic_union,13,5,13,4.0,0.0,4.0,4.0,0.0,0.3333333333333333,0.3333333333333333,2,4,2,2,4,4,5.181736625420594,2.6227971460270423,True,0,-1,1.6702776523348104,True,O(p) orbits + FFT Hoffman ranker,not_done,F_13,numpy-openblas,data/adj/cyclotomic_union_p13_e6_mask9.npy,1,0,0,0,1,0,0,1,0,0,2a,cert,fft,circulant,"{""p"": 13, ""e"": 6, ""mask"": 9, ""ranker_score"": 5.181736625420594}",local,
cyclotomic_union_p17_e4_mask10,cyclotomic_union,17,4,17,8.0,0.0,8.0,8.0,0.0,0.5,0.5,3,3,3,3,3,3,4.12310562561766,6.438447187191169,True,68,-1,2.0305431848689306,True,O(p) orbits + FFT Hoffman ranker,not_done,F_17,numpy-openblas,data/adj/cyclotomic_union_p17_e4_mask10.npy,0,0,1,0,1,1,1,0,0,1,2a,cert,fft,circulant,"{""p"": 17, ""e"": 4, ""mask"": 10, ""ranker_score"": 4.123105625617661}",local,
cyclotomic_union_p17_e4_mask5,cyclotomic_union,17,4,17,8.0,0.0,8.0,8.0,0.0,0.5,0.5,3,3,3,3,3,3,4.123105625617661,6.438447187191169,True,68,-1,2.0305431848689306,True,O(p) orbits + FFT Hoffman ranker,not_done,F_17,numpy-openblas,data/adj/cyclotomic_union_p17_e4_mask5.npy,1,1,0,1,0,0,0,1,1,0,2a,cert,fft,circulant,"{""p"": 17, ""e"": 4, ""mask"": 5, ""ranker_score"": 4.123105625617661}",local,
cyclotomic_union_p17_e8_mask170,cyclotomic_union,17,4,17,8.0,0.0,8.0,8.0,0.0,0.5,0.5,3,3,3,3,3,3,4.12310562561766,6.438447187191169,True,68,-1,2.0305431848689306,True,O(p) orbits + FFT Hoffman ranker,not_done,F_17,numpy-openblas,data/adj/cyclotomic_union_p17_e8_mask170.npy,0,0,1,0,1,1,1,0,0,1,2a,cert,fft,circulant,"{""p"": 17, ""e"": 8, ""mask"": 170, ""ranker_score"": 4.123105625617661}",local,
cyclotomic_union_p17_e8_mask85,cyclotomic_union,17,4,17,8.0,0.0,8.0,8.0,0.0,0.5,0.5,3,3,3,3,3,3,4.123105625617661,6.438447187191169,True,68,-1,2.0305431848689306,True,O(p) orbits + FFT Hoffman ranker,not_done,F_17,numpy-openblas,data/adj/cyclotomic_union_p17_e8_mask85.npy,1,1,0,1,0,0,0,1,1,0,2a,cert,fft,circulant,"{""p"": 17, ""e"": 8, ""mask"": 85, ""ranker_score"": 4.123105625617661}",local,
cyclotomic_union_p19_e6_mask18,cyclotomic_union,19,5,19,6.0,0.0,6.0,6.0,0.0,0.33333333333333326,0.3333333333333333,3,4,3,3,4,4,5.240429751206531,3.4929813559070237,True,38,-1,1.8019831273171423,True,O(p) orbits + FFT Hoffman ranker,not_done,F_19,numpy-openblas,data/adj/cyclotomic_union_p19_e6_mask18.npy,0,1,1,0,1,0,0,0,0,0,2a,cert,fft,circulant,"{""p"": 19, ""e"": 6, ""mask"": 18, ""ranker_score"": 5.240429751206531}",local,
cyclotomic_union_p19_e6_mask9,cyclotomic_union,19,5,19,6.0,0.0,6.0,6.0,0.0,0.33333333333333326,0.3333333333333333,3,4,3,3,4,4,5.240429751206531,3.4929813559070237,True,38,-1,1.8019831273171423,True,O(p) orbits + FFT Hoffman ranker,not_done,F_19,numpy-openblas,data/adj/cyclotomic_union_p19_e6_mask9.npy,1,0,0,0,0,0,1,1,0,0,2a,cert,fft,circulant,"{""p"": 19, ""e"": 6, ""mask"": 9, ""ranker_score"": 5.240429751206531}",local,
cyclotomic_union_p29_e4_mask10,cyclotomic_union,29,5,29,14.0,0.0,14.0,14.0,0.0,0.5,0.5,4,4,4,4,4,4,5.385164807134505,11.807417596432748,True,406,-1,1.961009057454548,True,O(p) orbits + FFT Hoffman ranker,not_done,F_29,numpy-openblas,data/adj/cyclotomic_union_p29_e4_mask10.npy,0,1,1,0,0,0,0,1,0,1,2a,cert,fft,circulant,"{""p"": 29, ""e"": 4, ""mask"": 10, ""ranker_score"": 5.385164807134505}",local,
cyclotomic_union_p29_e4_mask5,cyclotomic_union,29,5,29,14.0,0.0,14.0,14.0,0.0,0.5,0.5,4,4,4,4,4,4,5.385164807134505,11.807417596432746,True,406,-1,1.961009057454548,True,O(p) orbits + FFT Hoffman ranker,not_done,F_29,numpy-openblas,data/adj/cyclotomic_union_p29_e4_mask5.npy,1,0,0,1,1,1,1,0,1,0,2a,cert,fft,circulant,"{""p"": 29, ""e"": 4, ""mask"": 5, ""ranker_score"": 5.385164807134505}",local,
cyclotomic_union_p29_e7_mask19,cyclotomic_union,29,6,29,12.0,0.0,12.0,12.0,0.0,0.4285714285714286,0.42857142857142855,5,5,5,5,5,5,7.480807955505206,7.375169891837492,True,290,-1,1.7528025632357591,True,O(p) orbits + FFT Hoffman ranker,not_done,F_29,numpy-openblas,data/adj/cyclotomic_union_p29_e7_mask19.npy,1,1,0,0,1,0,0,0,0,0,2a,cert,fft,circulant,"{""p"": 29, ""e"": 7, ""mask"": 19, ""ranker_score"": 7.543184030617721}",local,
cyclotomic_union_p29_e7_mask25,cyclotomic_union,29,6,29,12.0,0.0,12.0,12.0,0.0,0.4285714285714286,0.42857142857142855,5,5,5,5,5,5,7.480807955505206,7.375169891837492,True,290,-1,1.7528025632357591,True,O(p) orbits + FFT Hoffman ranker,not_done,F_29,numpy-openblas,data/adj/cyclotomic_union_p29_e7_mask25.npy,1,0,0,0,0,0,0,1,1,0,2a,cert,fft,circulant,"{""p"": 29, ""e"": 7, ""mask"": 25, ""ranker_score"": 7.543184030617721}",local,
cyclotomic_union_p31_e5_mask10,cyclotomic_union,31,5,31,12.0,0.0,12.0,12.0,0.0,0.40000000000000013,0.4,4,4,4,4,4,4,6.317277226125598,7.831824163086245,True,310,-1,1.9873407546644581,True,O(p) orbits + FFT Hoffman ranker,not_done,F_31,numpy-openblas,data/adj/cyclotomic_union_p31_e5_mask10.npy,0,0,1,1,0,0,1,0,0,0,2a,cert,fft,circulant,"{""p"": 31, ""e"": 5, ""mask"": 10, ""ranker_score"": 6.915238043431067}",local,
cyclotomic_union_p31_e5_mask9,cyclotomic_union,31,5,31,12.0,0.0,12.0,12.0,0.0,0.40000000000000013,0.4,4,4,4,4,4,4,6.317277226125598,7.831824163086245,True,310,-1,1.9873407546644581,True,O(p) orbits + FFT Hoffman ranker,not_done,F_31,numpy-openblas,data/adj/cyclotomic_union_p31_e5_mask9.npy,1,0,0,1,1,1,1,0,0,0,2a,cert,fft,circulant,"{""p"": 31, ""e"": 5, ""mask"": 9, ""ranker_score"": 6.915238043431067}",local,
cyclotomic_union_p31_e6_mask18,cyclotomic_union,31,7,31,10.0,0.0,10.0,10.0,0.0,0.3333333333333335,0.3333333333333333,3,6,3,3,6,6,7.686594316715025,6.916127640564392,True,155,-1,1.6332462531687597,True,O(p) orbits + FFT Hoffman ranker,not_done,F_31,numpy-openblas,data/adj/cyclotomic_union_p31_e6_mask18.npy,0,0,1,0,0,1,1,0,0,0,2a,cert,fft,circulant,"{""p"": 31, ""e"": 6, ""mask"": 18, ""ranker_score"": 7.686594316715025}",local,
cyclotomic_union_p31_e6_mask9,cyclotomic_union,31,7,31,10.0,0.0,10.0,10.0,0.0,0.3333333333333335,0.3333333333333333,3,6,3,3,6,6,7.686594316715025,6.916127640564392,True,155,-1,1.6332462531687597,True,O(p) orbits + FFT Hoffman ranker,not_done,F_31,numpy-openblas,data/adj/cyclotomic_union_p31_e6_mask9.npy,1,1,0,1,0,0,0,1,0,0,2a,cert,fft,circulant,"{""p"": 31, ""e"": 6, ""mask"": 9, ""ranker_score"": 7.686594316715025}",local,
cyclotomic_union_p37_e4_mask10,cyclotomic_union,37,5,37,18.0,0.0,18.0,18.0,0.0,0.5,0.5,4,4,4,4,4,4,6.082762530298221,15.45861873485089,True,888,-1,2.058924136478517,True,O(p) orbits + FFT Hoffman ranker,not_done,F_37,numpy-openblas,data/adj/cyclotomic_union_p37_e4_mask10.npy,0,1,0,0,1,1,0,1,0,0,2a,cert,fft,circulant,"{""p"": 37, ""e"": 4, ""mask"": 10, ""ranker_score"": 6.082762530298221}",local,
cyclotomic_union_p37_e4_mask5,cyclotomic_union,37,5,37,18.0,0.0,18.0,18.0,0.0,0.5,0.5,4,4,4,4,4,4,6.082762530298221,15.45861873485089,True,888,-1,2.058924136478517,True,O(p) orbits + FFT Hoffman ranker,not_done,F_37,numpy-openblas,data/adj/cyclotomic_union_p37_e4_mask5.npy,1,0,1,1,0,0,1,0,1,1,2a,cert,fft,circulant,"{""p"": 37, ""e"": 4, ""mask"": 5, ""ranker_score"": 6.082762530298221}",local,
cyclotomic_union_p37_e6_mask18,cyclotomic_union,37,8,37,12.0,0.0,12.0,12.0,0.0,0.33333333333333337,0.3333333333333333,3,7,3,3,7,7,9.835251543582242,9.81289919239359,True,148,-1,1.57045398358553,True,O(p) orbits + FFT Hoffman ranker,not_done,F_37,numpy-openblas,data/adj/cyclotomic_union_p37_e6_mask18.npy,0,1,0,0,0,0,0,0,1,0,2a,cert,fft,circulant,"{""p"": 37, ""e"": 6, ""mask"": 18, ""ranker_score"": 9.835251543582242}",local,
cyclotomic_union_p37_e6_mask9,cyclotomic_union,37,8,37,12.0,0.0,12.0,12.0,0.0,0.33333333333333337,0.3333333333333333,3,7,3,3,7,7,9.835251543582242,9.81289919239359,True,148,-1,1.57045398358553,True,O(p) orbits + FFT Hoffman ranker,not_done,F_37,numpy-openblas,data/adj/cyclotomic_union_p37_e6_mask9.npy,1,0,0,0,0,1,0,1,0,1,2a,cert,fft,circulant,"{""p"": 37, ""e"": 6, ""mask"": 9, ""ranker_score"": 9.835251543582242}",local,
cyclotomic_union_p41_e4_mask10,cyclotomic_union,41,6,41,20.0,0.0,20.0,20.0,0.0,0.5,0.5,5,5,5,5,5,5,6.403124237432849,17.298437881283576,True,1230,-1,1.8569375973313509,True,O(p) orbits + FFT Hoffman ranker,not_done,F_41,numpy-openblas,data/adj/cyclotomic_union_p41_e4_mask10.npy,0,0,1,0,0,1,1,0,0,0,2a,cert,fft,circulant,"{""p"": 41, ""e"": 4, ""mask"": 10, ""ranker_score"": 6.40312423743285}",local,
cyclotomic_union_p41_e4_mask5,cyclotomic_union,41,6,41,20.0,0.0,20.0,20.0,0.0,0.5,0.5,5,5,5,5,5,5,6.40312423743285,17.298437881283576,True,1230,-1,1.8569375973313509,True,O(p) orbits + FFT Hoffman ranker,not_done,F_41,numpy-openblas,data/adj/cyclotomic_union_p41_e4_mask5.npy,1,1,0,1,1,0,0,1,1,1,2a,cert,fft,circulant,"{""p"": 41, ""e"": 4, ""mask"": 5, ""ranker_score"": 6.40312423743285}",local,
cyclotomic_union_p41_e5_mask11,cyclotomic_union,41,6,41,24.0,0.0,24.0,24.0,0.0,0.6000000000000001,0.6,5,4,5,5,4,4,7.392095763025996,20.917040256753868,True,2132,-1,1.8569375973313509,True,O(p) orbits + FFT Hoffman ranker,not_done,F_41,numpy-openblas,data/adj/cyclotomic_union_p41_e5_mask11.npy,1,1,1,0,0,1,0,1,1,1,2a,cert,fft,circulant,"{""p"": 41, ""e"": 5, ""mask"": 11, ""ranker_score"": 8.335491960012925}",local,
cyclotomic_union_p41_e5_mask20,cyclotomic_union,41,6,41,16.0,0.0,16.0,16.0,0.0,0.39999999999999997,0.4,4,5,4,4,5,5,8.335491960012925,11.721173416179742,True,656,-1,1.8569375973313509,True,O(p) orbits + FFT Hoffman ranker,not_done,F_41,numpy-openblas,data/adj/cyclotomic_union_p41_e5_mask20.npy,0,0,0,1,1,0,1,0,0,0,2a,cert,fft,circulant,"{""p"": 41, ""e"": 5, ""mask"": 20, ""ranker_score"": 8.335491960012925}",local,
cyclotomic_union_p41_e8_mask170,cyclotomic_union,41,6,41,20.0,0.0,20.0,20.0,0.0,0.5,0.5,5,5,5,5,5,5,6.403124237432849,17.298437881283576,True,1230,-1,1.8569375973313509,True,O(p) orbits + FFT Hoffman ranker,not_done,F_41,numpy-openblas,data/adj/cyclotomic_union_p41_e8_mask170.npy,0,0,1,0,0,1,1,0,0,0,2a,cert,fft,circulant,"{""p"": 41, ""e"": 8, ""mask"": 170, ""ranker_score"": 6.40312423743285}",local,
cyclotomic_union_p41_e8_mask85,cyclotomic_union,41,6,41,20.0,0.0,20.0,20.0,0.0,0.5,0.5,5,5,5,5,5,5,6.40312423743285,17.298437881283576,True,1230,-1,1.8569375973313509,True,O(p) orbits + FFT Hoffman ranker,not_done,F_41,numpy-openblas,data/adj/cyclotomic_union_p41_e8_mask85.npy,1,1,0,1,1,0,0,1,1,1,2a,cert,fft,circulant,"{""p"": 41, ""e"": 8, ""mask"": 85, ""ranker_score"": 6.40312423743285}",local,
cyclotomic_union_p43_e6_mask18,cyclotomic_union,43,8,43,14.0,0.0,14.0,14.0,0.0,0.33333333333333337,0.3333333333333333,3,7,3,3,7,7,10.465276377261873,11.111763991156588,True,301,-1,1.6002342334892772,True,O(p) orbits + FFT Hoffman ranker,not_done,F_43,numpy-openblas,data/adj/cyclotomic_union_p43_e6_mask18.npy,0,0,1,0,1,1,0,0,0,1,2a,cert,fft,circulant,"{""p"": 43, ""e"": 6, ""mask"": 18, ""ranker_score"": 10.465276377261873}",local,
cyclotomic_union_p43_e6_mask9,cyclotomic_union,43,8,43,14.0,0.0,14.0,14.0,0.0,0.33333333333333337,0.3333333333333333,3,7,3,3,7,7,10.465276377261873,11.111763991156588,True,301,-1,1.6002342334892772,True,O(p) orbits + FFT Hoffman ranker,not_done,F_43,numpy-openblas,data/adj/cyclotomic_union_p43_e6_mask9.npy,1,1,0,1,0,0,0,1,0,0,2a,cert,fft,circulant,"{""p"": 43, ""e"": 6, ""mask"": 9, ""ranker_score"": 10.465276377261873}",local,
cyclotomic_union_p43_e7_mask51,cyclotomic_union,43,8,43,24.0,0.0,24.0,24.0,0.0,0.5714285714285715,0.5714285714285714,7,4,7,7,4,4,7.411387250075519,20.189049642126516,True,2150,-1,1.6002342334892772,True,O(p) orbits + FFT Hoffman ranker,not_done,F_43,numpy-openblas,data/adj/cyclotomic_union_p43_e7_mask51.npy,1,0,1,1,1,1,1,1,0,0,2a,cert,fft,circulant,"{""p"": 43, ""e"": 7, ""mask"": 51, ""ranker_score"": 9.06892795534736}",local,
cyclotomic_union_p43_e7_mask76,cyclotomic_union,43,8,43,18.0,0.0,18.0,18.0,0.0,0.42857142857142844,0.42857142857142855,4,7,4,4,7,7,9.06892795534736,14.001960451459578,True,903,-1,1.6002342334892772,True,O(p) orbits + FFT Hoffman ranker,not_done,F_43,numpy-openblas,data/adj/cyclotomic_union_p43_e7_mask76.npy,0,1,0,0,0,0,0,0,1,1,2a,cert,fft,circulant,"{""p"": 43, ""e"": 7, ""mask"": 76, ""ranker_score"": 9.06892795534736}",local,
cyclotomic_union_p53_e4_mask10,cyclotomic_union,53,6,53,26.0,0.0,26.0,26.0,0.0,0.5,0.5,5,5,5,5,5,5,7.28010988928052,22.859945055359738,True,2756,-1,1.9381139683261848,True,O(p) orbits + FFT Hoffman ranker,not_done,F_53,numpy-openblas,data/adj/cyclotomic_union_p53_e4_mask10.npy,0,1,1,0,1,0,0,1,0,0,2a,cert,fft,circulant,"{""p"": 53, ""e"": 4, ""mask"": 10, ""ranker_score"": 7.28010988928052}",local,
cyclotomic_union_p53_e4_mask5,cyclotomic_union,53,6,53,26.0,0.0,26.0,26.0,0.0,0.5,0.5,5,5,5,5,5,5,7.28010988928052,22.859945055359738,True,2756,-1,1.9381139683261848,True,O(p) orbits + FFT Hoffman ranker,not_done,F_53,numpy-openblas,data/adj/cyclotomic_union_p53_e4_mask5.npy,1,0,0,1,0,1,1,0,1,1,2a,cert,fft,circulant,"{""p"": 53, ""e"": 4, ""mask"": 5, ""ranker_score"": 7.28010988928052}",local,
cyclotomic_union_p61_e4_mask10,cyclotomic_union,61,6,61,30.0,0.0,30.0,30.0,0.0,0.5,0.5,5,5,5,5,5,5,7.810249675906656,26.594875162046673,True,4270,-1,1.9840607811007638,True,O(p) orbits + FFT Hoffman ranker,not_done,F_61,numpy-openblas,data/adj/cyclotomic_union_p61_e4_mask10.npy,0,1,0,0,0,1,1,1,0,1,2a,cert,fft,circulant,"{""p"": 61, ""e"": 4, ""mask"": 10, ""ranker_score"": 7.810249675906657}",local,
cyclotomic_union_p61_e4_mask5,cyclotomic_union,61,6,61,30.0,0.0,30.0,30.0,0.0,0.5,0.5,5,5,5,5,5,5,7.810249675906657,26.594875162046673,True,4270,-1,1.9840607811007638,True,O(p) orbits + FFT Hoffman ranker,not_done,F_61,numpy-openblas,data/adj/cyclotomic_union_p61_e4_mask5.npy,1,0,1,1,1,0,0,0,1,0,2a,cert,fft,circulant,"{""p"": 61, ""e"": 4, ""mask"": 5, ""ranker_score"": 7.810249675906657}",local,
cyclotomic_union_p61_e5_mask3,cyclotomic_union,61,8,61,24.0,0.0,24.0,24.0,0.0,0.39999999999999986,0.4,4,7,4,4,7,7,9.422449117064492,18.72086840292389,True,2318,-1,1.6717303588411743,True,O(p) orbits + FFT Hoffman ranker,not_done,F_61,numpy-openblas,data/adj/cyclotomic_union_p61_e5_mask3.npy,1,1,1,0,0,0,0,0,0,0,2a,cert,fft,circulant,"{""p"": 61, ""e"": 5, ""mask"": 3, ""ranker_score"": 9.422449117064492}",local,
cyclotomic_union_p61_e5_mask6,cyclotomic_union,61,8,61,24.0,0.0,24.0,24.0,0.0,0.39999999999999986,0.4,4,7,4,4,7,7,9.422449117064492,18.72086840292389,True,2318,-1,1.6717303588411743,True,O(p) orbits + FFT Hoffman ranker,not_done,F_61,numpy-openblas,data/adj/cyclotomic_union_p61_e5_mask6.npy,0,1,1,1,1,1,0,0,1,0,2a,cert,fft,circulant,"{""p"": 61, ""e"": 5, ""mask"": 6, ""ranker_score"": 9.422449117064492}",local,
cyclotomic_union_p61_e6_mask18,cyclotomic_union,61,9,61,20.0,0.0,20.0,20.0,0.0,0.3333333333333332,0.3333333333333333,3,8,3,3,8,8,11.778597210821971,15.769522294807334,True,1220,-1,1.5789558319019596,True,O(p) orbits + FFT Hoffman ranker,not_done,F_61,numpy-openblas,data/adj/cyclotomic_union_p61_e6_mask18.npy,0,1,0,0,1,1,1,0,0,0,2a,cert,fft,circulant,"{""p"": 61, ""e"": 6, ""mask"": 18, ""ranker_score"": 11.778597210821971}",local,
cyclotomic_union_p61_e6_mask9,cyclotomic_union,61,9,61,20.0,0.0,20.0,20.0,0.0,0.3333333333333332,0.3333333333333333,3,8,3,3,8,8,11.778597210821971,15.769522294807334,True,1220,-1,1.5789558319019596,True,O(p) orbits + FFT Hoffman ranker,not_done,F_61,numpy-openblas,data/adj/cyclotomic_union_p61_e6_mask9.npy,1,0,1,0,0,0,0,1,1,0,2a,cert,fft,circulant,"{""p"": 61, ""e"": 6, ""mask"": 9, ""ranker_score"": 11.778597210821971}",local,
cyclotomic_union_p67_e6_mask27,cyclotomic_union,67,9,67,44.0,0.0,44.0,44.0,0.0,0.0,0.0,8,3,8,8,3,3,6.941440854547508,39.68433635676197,True,14003,-1,1.595501439277358,True,O(p) orbits + FFT Hoffman ranker,not_done,F_67,numpy-openblas,data/adj/cyclotomic_union_p67_e6_mask27.npy,0,0,0,0,0,0,0,0,0,0,2a,cert,fft,circulant,"{""p"": 67, ""e"": 6, ""mask"": 27, ""ranker_score"": 13.038287070323943}",local,
cyclotomic_union_p67_e6_mask9,cyclotomic_union,67,9,67,22.0,0.0,22.0,22.0,0.0,0.0,0.0,3,8,3,3,8,8,13.038287070323943,17.914573343985786,True,1474,-1,1.595501439277358,True,O(p) orbits + FFT Hoffman ranker,not_done,F_67,numpy-openblas,data/adj/cyclotomic_union_p67_e6_mask9.npy,0,0,0,0,0,0,0,0,0,0,2a,cert,fft,circulant,"{""p"": 67, ""e"": 6, ""mask"": 9, ""ranker_score"": 13.038287070323943}",local,
cyclotomic_union_p71_e5_mask12,cyclotomic_union,71,8,71,28.0,0.0,28.0,28.0,0.0,0.0,0.0,4,7,4,4,7,7,13.093499661631249,22.211738423312894,True,3479,-1,1.7037555893340746,True,O(p) orbits + FFT Hoffman ranker,not_done,F_71,numpy-openblas,data/adj/cyclotomic_union_p71_e5_mask12.npy,0,0,0,0,0,0,0,0,0,0,2a,cert,fft,circulant,"{""p"": 71, ""e"": 5, ""mask"": 12, ""ranker_score"": 13.093499661631249}",local,
cyclotomic_union_p71_e5_mask7,cyclotomic_union,71,8,71,42.0,0.0,42.0,42.0,0.0,0.0,0.0,7,4,7,7,4,4,9.878740425854534,36.668793859352704,True,11928,-1,1.7037555893340746,True,O(p) orbits + FFT Hoffman ranker,not_done,F_71,numpy-openblas,data/adj/cyclotomic_union_p71_e5_mask7.npy,0,0,0,0,0,0,0,0,0,0,2a,cert,fft,circulant,"{""p"": 71, ""e"": 5, ""mask"": 7, ""ranker_score"": 13.093499661631249}",local,
cyclotomic_union_p71_e7_mask14,cyclotomic_union,71,8,71,30.0,0.0,30.0,30.0,0.0,0.0,0.0,6,7,6,6,7,7,12.095415365257873,24.864593935569385,True,4260,-1,1.7037555893340746,True,O(p) orbits + FFT Hoffman ranker,not_done,F_71,numpy-openblas,data/adj/cyclotomic_union_p71_e7_mask14.npy,0,0,0,0,0,0,0,0,0,0,2a,cert,fft,circulant,"{""p"": 71, ""e"": 7, ""mask"": 14, ""ranker_score"": 12.095415365257873}",local,
cyclotomic_union_p71_e7_mask7,cyclotomic_union,71,8,71,30.0,0.0,30.0,30.0,0.0,0.0,0.0,6,7,6,6,7,7,12.095415365257873,24.864593935569385,True,4260,-1,1.7037555893340746,True,O(p) orbits + FFT Hoffman ranker,not_done,F_71,numpy-openblas,data/adj/cyclotomic_union_p71_e7_mask7.npy,0,0,0,0,0,0,0,0,0,0,2a,cert,fft,circulant,"{""p"": 71, ""e"": 7, ""mask"": 7, ""ranker_score"": 12.095415365257873}",local,
cyclotomic_union_p73_e4_mask10,cyclotomic_union,73,6,73,36.0,0.0,36.0,36.0,0.0,0.0,0.0,5,5,5,5,5,5,8.544003745317534,32.22799812734123,True,7446,-1,2.044343218831229,True,O(p) orbits + FFT Hoffman ranker,not_done,F_73,numpy-openblas,data/adj/cyclotomic_union_p73_e4_mask10.npy,0,0,0,0,0,0,0,0,0,0,2a,cert,fft,circulant,"{""p"": 73, ""e"": 4, ""mask"": 10, ""ranker_score"": 8.544003745317534}",local,
cyclotomic_union_p73_e4_mask5,cyclotomic_union,73,6,73,36.0,0.0,36.0,36.0,0.0,0.0,0.0,5,5,5,5,5,5,8.544003745317534,32.22799812734123,True,7446,-1,2.044343218831229,True,O(p) orbits + FFT Hoffman ranker,not_done,F_73,numpy-openblas,data/adj/cyclotomic_union_p73_e4_mask5.npy,0,0,0,0,0,0,0,0,0,0,2a,cert,fft,circulant,"{""p"": 73, ""e"": 4, ""mask"": 5, ""ranker_score"": 8.544003745317534}",local,
cyclotomic_union_p73_e6_mask54,cyclotomic_union,73,9,73,48.0,0.0,48.0,48.0,0.0,0.0,0.0,8,4,8,8,4,4,8.051178293251557,44.18188077847913,True,17812,-1,1.610778682311281,True,O(p) orbits + FFT Hoffman ranker,not_done,F_73,numpy-openblas,data/adj/cyclotomic_union_p73_e6_mask54.npy,0,0,0,0,0,0,0,0,0,0,2a,cert,fft,circulant,"{""p"": 73, ""e"": 6, ""mask"": 54, ""ranker_score"": 12.204915264156552}",local,
cyclotomic_union_p73_e6_mask9,cyclotomic_union,73,9,73,24.0,0.0,24.0,24.0,0.0,0.0,0.0,4,8,4,4,8,8,12.204915264156552,19.049829574723134,True,2336,-1,1.610778682311281,True,O(p) orbits + FFT Hoffman ranker,not_done,F_73,numpy-openblas,data/adj/cyclotomic_union_p73_e6_mask9.npy,0,0,0,0,0,0,0,0,0,0,2a,cert,fft,circulant,"{""p"": 73, ""e"": 6, ""mask"": 9, ""ranker_score"": 12.204915264156552}",local,
cyclotomic_union_p73_e8_mask170,cyclotomic_union,73,6,73,36.0,0.0,36.0,36.0,0.0,0.0,0.0,5,5,5,5,5,5,8.544003745317534,32.22799812734123,True,7446,-1,2.044343218831229,True,O(p) orbits + FFT Hoffman ranker,not_done,F_73,numpy-openblas,data/adj/cyclotomic_union_p73_e8_mask170.npy,0,0,0,0,0,0,0,0,0,0,2a,cert,fft,circulant,"{""p"": 73, ""e"": 8, ""mask"": 170, ""ranker_score"": 8.544003745317534}",local,
cyclotomic_union_p73_e8_mask85,cyclotomic_union,73,6,73,36.0,0.0,36.0,36.0,0.0,0.0,0.0,5,5,5,5,5,5,8.544003745317534,32.22799812734123,True,7446,-1,2.044343218831229,True,O(p) orbits + FFT Hoffman ranker,not_done,F_73,numpy-openblas,data/adj/cyclotomic_union_p73_e8_mask85.npy,0,0,0,0,0,0,0,0,0,0,2a,cert,fft,circulant,"{""p"": 73, ""e"": 8, ""mask"": 85, ""ranker_score"": 8.544003745317534}",local,
cyclotomic_union_p79_e6_mask18,cyclotomic_union,79,10,79,26.0,0.0,26.0,26.0,0.0,0.0,0.0,3,9,3,3,9,9,15.270264599441871,22.87849114594959,True,2054,-1,1.547970603881666,True,O(p) orbits + FFT Hoffman ranker,not_done,F_79,numpy-openblas,data/adj/cyclotomic_union_p79_e6_mask18.npy,0,0,0,0,0,0,0,0,0,0,2a,cert,fft,circulant,"{""p"": 79, ""e"": 6, ""mask"": 18, ""ranker_score"": 15.270264599441871}",local,
cyclotomic_union_p79_e6_mask45,cyclotomic_union,79,10,79,52.0,0.0,52.0,52.0,0.0,0.0,0.0,9,3,9,9,3,3,5.801682921903182,46.77014705788326,True,23621,-1,1.547970603881666,True,O(p) orbits + FFT Hoffman ranker,not_done,F_79,numpy-openblas,data/adj/cyclotomic_union_p79_e6_mask45.npy,0,0,0,0,0,0,0,0,0,0,2a,cert,fft,circulant,"{""p"": 79, ""e"": 6, ""mask"": 45, ""ranker_score"": 15.270264599441871}",local,
cyclotomic_union_p89_e4_mask10,cyclotomic_union,89,6,89,44.0,0.0,44.0,44.0,0.0,0.0,0.0,5,5,5,5,5,5,9.433981132056612,39.783009433971685,True,13706,-1,2.1129943434814344,True,O(p) orbits + FFT Hoffman ranker,not_done,F_89,numpy-openblas,data/adj/cyclotomic_union_p89_e4_mask10.npy,0,0,0,0,0,0,0,0,0,0,2a,cert,fft,circulant,"{""p"": 89, ""e"": 4, ""mask"": 10, ""ranker_score"": 9.433981132056612}",local,
cyclotomic_union_p89_e4_mask5,cyclotomic_union,89,6,89,44.0,0.0,44.0,44.0,0.0,0.0,0.0,5,5,5,5,5,5,9.433981132056608,39.78300943397169,True,13706,-1,2.1129943434814344,True,O(p) orbits + FFT Hoffman ranker,not_done,F_89,numpy-openblas,data/adj/cyclotomic_union_p89_e4_mask5.npy,0,0,0,0,0,0,0,0,0,0,2a,cert,fft,circulant,"{""p"": 89, ""e"": 4, ""mask"": 5, ""ranker_score"": 9.433981132056612}",local,
cyclotomic_union_p89_e8_mask170,cyclotomic_union,89,6,89,44.0,0.0,44.0,44.0,0.0,0.0,0.0,5,5,5,5,5,5,9.433981132056612,39.783009433971685,True,13706,-1,2.1129943434814344,True,O(p) orbits + FFT Hoffman ranker,not_done,F_89,numpy-openblas,data/adj/cyclotomic_union_p89_e8_mask170.npy,0,0,0,0,0,0,0,0,0,0,2a,cert,fft,circulant,"{""p"": 89, ""e"": 8, ""mask"": 170, ""ranker_score"": 9.433981132056612}",local,
cyclotomic_union_p89_e8_mask85,cyclotomic_union,89,6,89,44.0,0.0,44.0,44.0,0.0,0.0,0.0,5,5,5,5,5,5,9.433981132056608,39.78300943397169,True,13706,-1,2.1129943434814344,True,O(p) orbits + FFT Hoffman ranker,not_done,F_89,numpy-openblas,data/adj/cyclotomic_union_p89_e8_mask85.npy,0,0,0,0,0,0,0,0,0,0,2a,cert,fft,circulant,"{""p"": 89, ""e"": 8, ""mask"": 85, ""ranker_score"": 9.433981132056612}",local,
cyclotomic_union_p97_e4_mask10,cyclotomic_union,97,7,97,48.0,0.0,48.0,48.0,0.0,0.0,0.0,6,6,6,6,6,6,9.84885780179611,43.57557109910195,True,17848,-1,1.922314905590289,True,O(p) orbits + FFT Hoffman ranker,not_done,F_97,numpy-openblas,data/adj/cyclotomic_union_p97_e4_mask10.npy,0,0,0,0,0,0,0,0,0,0,2a,cert,fft,circulant,"{""p"": 97, ""e"": 4, ""mask"": 10, ""ranker_score"": 9.84885780179611}",local,
cyclotomic_union_p97_e4_mask5,cyclotomic_union,97,7,97,48.0,0.0,48.0,48.0,0.0,0.0,0.0,6,6,6,6,6,6,9.84885780179611,43.57557109910195,True,17848,-1,1.922314905590289,True,O(p) orbits + FFT Hoffman ranker,not_done,F_97,numpy-openblas,data/adj/cyclotomic_union_p97_e4_mask5.npy,0,0,0,0,0,0,0,0,0,0,2a,cert,fft,circulant,"{""p"": 97, ""e"": 4, ""mask"": 5, ""ranker_score"": 9.84885780179611}",local,
cyclotomic_union_p97_e6_mask54,cyclotomic_union,97,9,97,64.0,0.0,64.0,64.0,0.0,0.0,0.0,8,5,8,8,5,5,9.81706259641733,60.891382194743585,True,41904,-1,1.662464632826401,True,O(p) orbits + FFT Hoffman ranker,not_done,F_97,numpy-openblas,data/adj/cyclotomic_union_p97_e6_mask54.npy,0,0,0,0,0,0,0,0,0,0,2a,cert,fft,circulant,"{""p"": 97, ""e"": 6, ""mask"": 54, ""ranker_score"": 11.037141583742834}",local,
cyclotomic_union_p97_e6_mask9,cyclotomic_union,97,9,97,32.0,0.0,32.0,32.0,0.0,0.0,0.0,5,8,5,5,8,8,11.037141583742834,25.7934063145607,True,6208,-1,1.662464632826401,True,O(p) orbits + FFT Hoffman ranker,not_done,F_97,numpy-openblas,data/adj/cyclotomic_union_p97_e6_mask9.npy,0,0,0,0,0,0,0,0,0,0,2a,cert,fft,circulant,"{""p"": 97, ""e"": 6, ""mask"": 9, ""ranker_score"": 11.037141583742834}",local,
cyclotomic_union_p97_e8_mask170,cyclotomic_union,97,7,97,48.0,0.0,48.0,48.0,0.0,0.0,0.0,6,6,6,6,6,6,9.84885780179611,43.57557109910195,True,17848,-1,1.922314905590289,True,O(p) orbits + FFT Hoffman ranker,not_done,F_97,numpy-openblas,data/adj/cyclotomic_union_p97_e8_mask170.npy,0,0,0,0,0,0,0,0,0,0,2a,cert,fft,circulant,"{""p"": 97, ""e"": 8, ""mask"": 170, ""ranker_score"": 9.84885780179611}",local,
cyclotomic_union_p97_e8_mask85,cyclotomic_union,97,7,97,48.0,0.0,48.0,48.0,0.0,0.0,0.0,6,6,6,6,6,6,9.84885780179611,43.57557109910195,True,17848,-1,1.922314905590289,True,O(p) orbits + FFT Hoffman ranker,not_done,F_97,numpy-openblas,data/adj/cyclotomic_union_p97_e8_mask85.npy,0,0,0,0,0,0,0,0,0,0,2a,cert,fft,circulant,"{""p"": 97, ""e"": 8, ""mask"": 85, ""ranker_score"": 9.84885780179611}",local,
cyclotomic_union_p101_e4_mask10,cyclotomic_union,101,6,101,50.0,0.0,50.0,50.0,0.0,0.0,0.0,5,5,5,5,5,5,10.049875621120895,45.475062189439555,True,20200,-1,2.1580105439510335,True,O(p) orbits + FFT Hoffman ranker,not_done,F_101,numpy-openblas,data/adj/cyclotomic_union_p101_e4_mask10.npy,0,0,0,0,0,0,0,0,0,0,2a,cert,fft,circulant,"{""p"": 101, ""e"": 4, ""mask"": 10, ""ranker_score"": 10.049875621120897}",local,
cyclotomic_union_p101_e4_mask5,cyclotomic_union,101,6,101,50.0,0.0,50.0,50.0,0.0,0.0,0.0,5,5,5,5,5,5,10.049875621120897,45.475062189439555,True,20200,-1,2.1580105439510335,True,O(p) orbits + FFT Hoffman ranker,not_done,F_101,numpy-openblas,data/adj/cyclotomic_union_p101_e4_mask5.npy,0,0,0,0,0,0,0,0,0,0,2a,cert,fft,circulant,"{""p"": 101, ""e"": 4, ""mask"": 5, ""ranker_score"": 10.049875621120897}",local,
cyclotomic_union_p101_e5_mask10,cyclotomic_union,101,11,101,40.0,0.0,40.0,40.0,0.0,0.0,0.0,4,10,4,4,10,10,15.153255742116896,33.62548445249161,True,10100,-1,1.521286579355953,True,O(p) orbits + FFT Hoffman ranker,not_done,F_101,numpy-openblas,data/adj/cyclotomic_union_p101_e5_mask10.npy,0,0,0,0,0,0,0,0,0,0,2a,cert,fft,circulant,"{""p"": 101, ""e"": 5, ""mask"": 10, ""ranker_score"": 15.153255742116896}",local,
cyclotomic_union_p101_e5_mask21,cyclotomic_union,101,11,101,60.0,0.0,60.0,60.0,0.0,0.0,0.0,10,4,10,10,4,4,11.055011887590375,53.93939176232631,True,35350,-1,1.521286579355953,True,O(p) orbits + FFT Hoffman ranker,not_done,F_101,numpy-openblas,data/adj/cyclotomic_union_p101_e5_mask21.npy,0,0,0,0,0,0,0,0,0,0,2a,cert,fft,circulant,"{""p"": 101, ""e"": 5, ""mask"": 21, ""ranker_score"": 15.153255742116896}",local,
cyclotomic_union_p103_e6_mask27,cyclotomic_union,103,11,103,68.0,0.0,68.0,68.0,0.0,0.0,0.0,,,9,10,5,5,9.795258626116844,63.74062318073615,True,50779,-1,1.5240008254984645,False,O(p) orbits + FFT Hoffman ranker,not_done,F_103,numpy-openblas,data/adj/cyclotomic_union_p103_e6_mask27.npy,0,0,0,0,0,0,0,0,0,0,2a,cert,fft,circulant,"{""p"": 103, ""e"": 6, ""mask"": 27, ""ranker_score"": 13.7983803176001}",local,
cyclotomic_union_p103_e6_mask9,cyclotomic_union,103,11,103,34.0,0.0,34.0,34.0,0.0,0.0,0.0,,,5,5,9,10,13.7983803176001,27.853608338399546,True,7004,-1,1.5240008254984645,False,O(p) orbits + FFT Hoffman ranker,not_done,F_103,numpy-openblas,data/adj/cyclotomic_union_p103_e6_mask9.npy,0,0,0,0,0,0,0,0,0,0,2a,cert,fft,circulant,"{""p"": 103, ""e"": 6, ""mask"": 9, ""ranker_score"": 13.7983803176001}",local,
cyclotomic_union_p109_e4_mask10,cyclotomic_union,109,7,109,54.0,0.0,54.0,54.0,0.0,0.0,0.0,6,6,6,6,6,6,10.440306508910558,49.279846745544724,True,25506,-1,1.9546136542608792,True,O(p) orbits + FFT Hoffman ranker,not_done,F_109,numpy-openblas,data/adj/cyclotomic_union_p109_e4_mask10.npy,0,0,0,0,0,0,0,0,0,0,2a,cert,fft,circulant,"{""p"": 109, ""e"": 4, ""mask"": 10, ""ranker_score"": 10.440306508910558}",local,
cyclotomic_union_p109_e4_mask5,cyclotomic_union,109,7,109,54.0,0.0,54.0,54.0,0.0,0.0,0.0,6,6,6,6,6,6,10.440306508910556,49.279846745544724,True,25506,-1,1.9546136542608792,True,O(p) orbits + FFT Hoffman ranker,not_done,F_109,numpy-openblas,data/adj/cyclotomic_union_p109_e4_mask5.npy,0,0,0,0,0,0,0,0,0,0,2a,cert,fft,circulant,"{""p"": 109, ""e"": 4, ""mask"": 5, ""ranker_score"": 10.440306508910558}",local,
cyclotomic_union_p109_e6_mask18,cyclotomic_union,109,12,109,36.0,0.0,36.0,36.0,0.0,0.0,0.0,,,5,5,9,11,16.60368992900647,30.419963715828032,True,7194,-1,1.4783781715070103,False,O(p) orbits + FFT Hoffman ranker,not_done,F_109,numpy-openblas,data/adj/cyclotomic_union_p109_e6_mask18.npy,0,0,0,0,0,0,0,0,0,0,2a,cert,fft,circulant,"{""p"": 109, ""e"": 6, ""mask"": 18, ""ranker_score"": 16.60368992900647}",local,
cyclotomic_union_p109_e6_mask9,cyclotomic_union,109,12,109,36.0,0.0,36.0,36.0,0.0,0.0,0.0,,,5,5,9,11,16.60368992900647,30.419963715828032,True,7194,-1,1.4783781715070103,False,O(p) orbits + FFT Hoffman ranker,not_done,F_109,numpy-openblas,data/adj/cyclotomic_union_p109_e6_mask9.npy,0,0,0,0,0,0,0,0,0,0,2a,cert,fft,circulant,"{""p"": 109, ""e"": 6, ""mask"": 9, ""ranker_score"": 16.60368992900647}",local,
cyclotomic_union_p113_e4_mask10,cyclotomic_union,113,8,113,56.0,0.0,56.0,56.0,0.0,0.0,0.0,7,7,7,7,7,7,10.630145812734655,51.184927093632666,True,28476,-1,1.8056551272862529,True,O(p) orbits + FFT Hoffman ranker,not_done,F_113,numpy-openblas,data/adj/cyclotomic_union_p113_e4_mask10.npy,0,0,0,0,0,0,0,0,0,0,2a,cert,fft,circulant,"{""p"": 113, ""e"": 4, ""mask"": 10, ""ranker_score"": 10.630145812734655}",local,
cyclotomic_union_p113_e4_mask5,cyclotomic_union,113,8,113,56.0,0.0,56.0,56.0,0.0,0.0,0.0,7,7,7,7,7,7,10.630145812734655,51.184927093632666,True,28476,-1,1.8056551272862529,True,O(p) orbits + FFT Hoffman ranker,not_done,F_113,numpy-openblas,data/adj/cyclotomic_union_p113_e4_mask5.npy,0,0,0,0,0,0,0,0,0,0,2a,cert,fft,circulant,"{""p"": 113, ""e"": 4, ""mask"": 5, ""ranker_score"": 10.630145812734655}",local,
cyclotomic_union_p113_e7_mask29,cyclotomic_union,113,9,113,64.0,0.0,64.0,64.0,0.0,0.0,0.0,8,8,8,8,8,8,15.30240608905809,57.64690427894182,True,41584,-1,1.6909074089110399,True,O(p) orbits + FFT Hoffman ranker,not_done,F_113,numpy-openblas,data/adj/cyclotomic_union_p113_e7_mask29.npy,0,0,0,0,0,0,0,0,0,0,2a,cert,fft,circulant,"{""p"": 113, ""e"": 7, ""mask"": 29, ""ranker_score"": 15.30240608905809}",local,
cyclotomic_union_p113_e7_mask39,cyclotomic_union,113,9,113,64.0,0.0,64.0,64.0,0.0,0.0,0.0,8,8,8,8,8,8,15.30240608905809,57.64690427894182,True,41584,-1,1.6909074089110399,True,O(p) orbits + FFT Hoffman ranker,not_done,F_113,numpy-openblas,data/adj/cyclotomic_union_p113_e7_mask39.npy,0,0,0,0,0,0,0,0,0,0,2a,cert,fft,circulant,"{""p"": 113, ""e"": 7, ""mask"": 39, ""ranker_score"": 15.30240608905809}",local,
cyclotomic_union_p113_e8_mask170,cyclotomic_union,113,8,113,56.0,0.0,56.0,56.0,0.0,0.0,0.0,7,7,7,7,7,7,10.630145812734655,51.184927093632666,True,28476,-1,1.8056551272862529,True,O(p) orbits + FFT Hoffman ranker,not_done,F_113,numpy-openblas,data/adj/cyclotomic_union_p113_e8_mask170.npy,0,0,0,0,0,0,0,0,0,0,2a,cert,fft,circulant,"{""p"": 113, ""e"": 8, ""mask"": 170, ""ranker_score"": 10.630145812734655}",local,
cyclotomic_union_p113_e8_mask85,cyclotomic_union,113,8,113,56.0,0.0,56.0,56.0,0.0,0.0,0.0,7,7,7,7,7,7,10.630145812734655,51.184927093632666,True,28476,-1,1.8056551272862529,True,O(p) orbits + FFT Hoffman ranker,not_done,F_113,numpy-openblas,data/adj/cyclotomic_union_p113_e8_mask85.npy,0,0,0,0,0,0,0,0,0,0,2a,cert,fft,circulant,"{""p"": 113, ""e"": 8, ""mask"": 85, ""ranker_score"": 10.630145812734655}",local,
cyclotomic_union_p127_e6_mask54,cyclotomic_union,127,17,127,84.0,0.0,84.0,84.0,0.0,0.0,0.0,,,11,16,3,3,7.68479361668024,77.24936329308456,True,99568,-1,1.3296984424912093,False,O(p) orbits + FFT Hoffman ranker,not_done,F_127,numpy-openblas,data/adj/cyclotomic_union_p127_e6_mask54.npy,0,0,0,0,0,0,0,0,0,0,2a,cert,fft,circulant,"{""p"": 127, ""e"": 6, ""mask"": 54, ""ranker_score"": 19.785291745651907}",local,
cyclotomic_union_p127_e6_mask9,cyclotomic_union,127,17,127,42.0,0.0,42.0,42.0,0.0,0.0,0.0,,,3,3,11,16,19.785291745651907,37.58977037908067,True,9779,-1,1.3296984424912093,False,O(p) orbits + FFT Hoffman ranker,not_done,F_127,numpy-openblas,data/adj/cyclotomic_union_p127_e6_mask9.npy,0,0,0,0,0,0,0,0,0,0,2a,cert,fft,circulant,"{""p"": 127, ""e"": 6, ""mask"": 9, ""ranker_score"": 19.785291745651907}",local,
cyclotomic_union_p127_e7_mask14,cyclotomic_union,127,10,127,54.0,0.0,54.0,54.0,0.0,0.0,0.0,,,6,6,9,9,15.355040947440038,44.91290384183405,True,26289,-1,1.623231164304889,False,O(p) orbits + FFT Hoffman ranker,not_done,F_127,numpy-openblas,data/adj/cyclotomic_union_p127_e7_mask14.npy,0,0,0,0,0,0,0,0,0,0,2a,cert,fft,circulant,"{""p"": 127, ""e"": 7, ""mask"": 14, ""ranker_score"": 15.606121693216169}",local,
cyclotomic_union_p127_e7_mask7,cyclotomic_union,127,10,127,54.0,0.0,54.0,54.0,0.0,0.0,0.0,,,6,6,9,9,15.355040947440038,44.91290384183405,True,26289,-1,1.623231164304889,False,O(p) orbits + FFT Hoffman ranker,not_done,F_127,numpy-openblas,data/adj/cyclotomic_union_p127_e7_mask7.npy,0,0,0,0,0,0,0,0,0,0,2a,cert,fft,circulant,"{""p"": 127, ""e"": 7, ""mask"": 7, ""ranker_score"": 15.606121693216169}",local,
cyclotomic_union_p131_e5_mask3,cyclotomic_union,131,13,131,52.0,0.0,52.0,52.0,0.0,0.0,0.0,,,5,5,9,12,17.76354173412527,46.2218447808528,True,22139,-1,1.4550134996753183,False,O(p) orbits + FFT Hoffman ranker,not_done,F_131,numpy-openblas,data/adj/cyclotomic_union_p131_e5_mask3.npy,0,0,0,0,0,0,0,0,0,0,2a,cert,fft,circulant,"{""p"": 131, ""e"": 5, ""mask"": 3, ""ranker_score"": 17.76354173412527}",local,
cyclotomic_union_p131_e5_mask6,cyclotomic_union,131,13,131,52.0,0.0,52.0,52.0,0.0,0.0,0.0,,,5,5,9,12,17.76354173412527,46.221844780852805,True,22139,-1,1.4550134996753183,False,O(p) orbits + FFT Hoffman ranker,not_done,F_131,numpy-openblas,data/adj/cyclotomic_union_p131_e5_mask6.npy,0,0,0,0,0,0,0,0,0,0,2a,cert,fft,circulant,"{""p"": 131, ""e"": 5, ""mask"": 6, ""ranker_score"": 17.76354173412527}",local,
cyclotomic_union_p137_e4_mask10,cyclotomic_union,137,12,137,68.0,0.0,68.0,68.0,0.0,0.0,0.0,,,7,11,7,11,11.704699910719635,62.64765004464018,True,51238,-1,1.5068153900063055,False,O(p) orbits + FFT Hoffman ranker,not_done,F_137,numpy-openblas,data/adj/cyclotomic_union_p137_e4_mask10.npy,0,0,0,0,0,0,0,0,0,0,2a,cert,fft,circulant,"{""p"": 137, ""e"": 4, ""mask"": 10, ""ranker_score"": 11.704699910719635}",local,
cyclotomic_union_p137_e4_mask5,cyclotomic_union,137,12,137,68.0,0.0,68.0,68.0,0.0,0.0,0.0,,,7,11,7,11,11.704699910719633,62.64765004464018,True,51238,-1,1.5068153900063055,False,O(p) orbits + FFT Hoffman ranker,not_done,F_137,numpy-openblas,data/adj/cyclotomic_union_p137_e4_mask5.npy,0,0,0,0,0,0,0,0,0,0,2a,cert,fft,circulant,"{""p"": 137, ""e"": 4, ""mask"": 5, ""ranker_score"": 11.704699910719635}",local,
cyclotomic_union_p137_e8_mask170,cyclotomic_union,137,12,137,68.0,0.0,68.0,68.0,0.0,0.0,0.0,,,7,11,7,11,11.704699910719635,62.64765004464018,True,51238,-1,1.5068153900063055,False,O(p) orbits + FFT Hoffman ranker,not_done,F_137,numpy-openblas,data/adj/cyclotomic_union_p137_e8_mask170.npy,0,0,0,0,0,0,0,0,0,0,2a,cert,fft,circulant,"{""p"": 137, ""e"": 8, ""mask"": 170, ""ranker_score"": 11.704699910719635}",local,
cyclotomic_union_p137_e8_mask85,cyclotomic_union,137,12,137,68.0,0.0,68.0,68.0,0.0,0.0,0.0,,,7,11,7,11,11.704699910719633,62.64765004464018,True,51238,-1,1.5068153900063055,False,O(p) orbits + FFT Hoffman ranker,not_done,F_137,numpy-openblas,data/adj/cyclotomic_union_p137_e8_mask85.npy,0,0,0,0,0,0,0,0,0,0,2a,cert,fft,circulant,"{""p"": 137, ""e"": 8, ""mask"": 85, ""ranker_score"": 11.704699910719635}",local,
cyclotomic_union_p139_e6_mask18,cyclotomic_union,139,20,139,46.0,0.0,46.0,46.0,0.0,0.0,0.0,,,4,4,10,19,20.96782589029379,41.91048786897423,True,12788,-1,1.2798254438713754,False,O(p) orbits + FFT Hoffman ranker,not_done,F_139,numpy-openblas,data/adj/cyclotomic_union_p139_e6_mask18.npy,0,0,0,0,0,0,0,0,0,0,2a,cert,fft,circulant,"{""p"": 139, ""e"": 6, ""mask"": 18, ""ranker_score"": 20.96782589029379}",local,
cyclotomic_union_p139_e6_mask9,cyclotomic_union,139,20,139,46.0,0.0,46.0,46.0,0.0,0.0,0.0,,,4,4,10,19,20.96782589029379,41.91048786897422,True,12788,-1,1.2798254438713754,False,O(p) orbits + FFT Hoffman ranker,not_done,F_139,numpy-openblas,data/adj/cyclotomic_union_p139_e6_mask9.npy,0,0,0,0,0,0,0,0,0,0,2a,cert,fft,circulant,"{""p"": 139, ""e"": 6, ""mask"": 9, ""ranker_score"": 20.96782589029379}",local,
cyclotomic_union_p149_e4_mask10,cyclotomic_union,149,13,149,74.0,0.0,74.0,74.0,0.0,0.0,0.0,,,7,12,7,12,12.206555615733713,68.39672219213313,True,66156,-1,1.4694952090474434,False,O(p) orbits + FFT Hoffman ranker,not_done,F_149,numpy-openblas,data/adj/cyclotomic_union_p149_e4_mask10.npy,0,0,0,0,0,0,0,0,0,0,2a,cert,fft,circulant,"{""p"": 149, ""e"": 4, ""mask"": 10, ""ranker_score"": 12.206555615733713}",local,
cyclotomic_union_p149_e4_mask5,cyclotomic_union,149,13,149,74.0,0.0,74.0,74.0,0.0,0.0,0.0,,,7,12,7,12,12.206555615733711,68.39672219213313,True,66156,-1,1.4694952090474434,False,O(p) orbits + FFT Hoffman ranker,not_done,F_149,numpy-openblas,data/adj/cyclotomic_union_p149_e4_mask5.npy,0,0,0,0,0,0,0,0,0,0,2a,cert,fft,circulant,"{""p"": 149, ""e"": 4, ""mask"": 5, ""ranker_score"": 12.206555615733713}",local,
cyclotomic_union_p151_e5_mask5,cyclotomic_union,151,11,151,60.0,0.0,60.0,60.0,0.0,0.0,0.0,,,7,7,10,10,16.26027981363545,49.63069018467612,True,39260,-1,1.5779339248073836,False,O(p) orbits + FFT Hoffman ranker,not_done,F_151,numpy-openblas,data/adj/cyclotomic_union_p151_e5_mask5.npy,0,0,0,0,0,0,0,0,0,0,2a,cert,fft,circulant,"{""p"": 151, ""e"": 5, ""mask"": 5, ""ranker_score"": 16.935754867440007}",local,
cyclotomic_union_p151_e5_mask9,cyclotomic_union,151,11,151,60.0,0.0,60.0,60.0,0.0,0.0,0.0,,,7,7,10,10,16.26027981363545,49.630690184676126,True,39260,-1,1.5779339248073836,False,O(p) orbits + FFT Hoffman ranker,not_done,F_151,numpy-openblas,data/adj/cyclotomic_union_p151_e5_mask9.npy,0,0,0,0,0,0,0,0,0,0,2a,cert,fft,circulant,"{""p"": 151, ""e"": 5, ""mask"": 9, ""ranker_score"": 16.935754867440007}",local,
cyclotomic_union_p151_e6_mask18,cyclotomic_union,151,13,151,50.0,0.0,50.0,50.0,0.0,0.0,0.0,,,5,5,11,12,16.017404382223564,42.35511296770186,True,22650,-1,1.4710031791471947,False,O(p) orbits + FFT Hoffman ranker,not_done,F_151,numpy-openblas,data/adj/cyclotomic_union_p151_e6_mask18.npy,0,0,0,0,0,0,0,0,0,0,2a,cert,fft,circulant,"{""p"": 151, ""e"": 6, ""mask"": 18, ""ranker_score"": 16.017404382223564}",local,
cyclotomic_union_p151_e6_mask9,cyclotomic_union,151,13,151,50.0,0.0,50.0,50.0,0.0,0.0,0.0,,,5,5,11,12,16.017404382223564,42.35511296770185,True,22650,-1,1.4710031791471947,False,O(p) orbits + FFT Hoffman ranker,not_done,F_151,numpy-openblas,data/adj/cyclotomic_union_p151_e6_mask9.npy,0,0,0,0,0,0,0,0,0,0,2a,cert,fft,circulant,"{""p"": 151, ""e"": 6, ""mask"": 9, ""ranker_score"": 16.017404382223564}",local,
cyclotomic_union_p157_e4_mask10,cyclotomic_union,157,13,157,78.0,0.0,78.0,78.0,0.0,0.0,0.0,,,7,12,7,12,12.529964086141682,72.23501795692916,True,77558,-1,1.4754189524590746,False,O(p) orbits + FFT Hoffman ranker,not_done,F_157,numpy-openblas,data/adj/cyclotomic_union_p157_e4_mask10.npy,0,0,0,0,0,0,0,0,0,0,2a,cert,fft,circulant,"{""p"": 157, ""e"": 4, ""mask"": 10, ""ranker_score"": 12.529964086141682}",local,
cyclotomic_union_p157_e4_mask5,cyclotomic_union,157,13,157,78.0,0.0,78.0,78.0,0.0,0.0,0.0,,,7,12,7,12,12.52996408614168,72.23501795692916,True,77558,-1,1.4754189524590746,False,O(p) orbits + FFT Hoffman ranker,not_done,F_157,numpy-openblas,data/adj/cyclotomic_union_p157_e4_mask5.npy,0,0,0,0,0,0,0,0,0,0,2a,cert,fft,circulant,"{""p"": 157, ""e"": 4, ""mask"": 5, ""ranker_score"": 12.529964086141682}",local,
cyclotomic_union_p157_e6_mask18,cyclotomic_union,157,16,157,52.0,0.0,52.0,52.0,0.0,0.0,0.0,,,5,5,11,15,21.490410030519215,46.05982024573123,True,20410,-1,1.3716513279162033,False,O(p) orbits + FFT Hoffman ranker,not_done,F_157,numpy-openblas,data/adj/cyclotomic_union_p157_e6_mask18.npy,0,0,0,0,0,0,0,0,0,0,2a,cert,fft,circulant,"{""p"": 157, ""e"": 6, ""mask"": 18, ""ranker_score"": 21.490410030519215}",local,
cyclotomic_union_p157_e6_mask9,cyclotomic_union,157,16,157,52.0,0.0,52.0,52.0,0.0,0.0,0.0,,,5,5,11,15,21.490410030519215,46.05982024573122,True,20410,-1,1.3716513279162033,False,O(p) orbits + FFT Hoffman ranker,not_done,F_157,numpy-openblas,data/adj/cyclotomic_union_p157_e6_mask9.npy,0,0,0,0,0,0,0,0,0,0,2a,cert,fft,circulant,"{""p"": 157, ""e"": 6, ""mask"": 9, ""ranker_score"": 21.490410030519215}",local,
cyclotomic_union_p163_e6_mask27,cyclotomic_union,163,13,163,108.0,0.0,108.0,108.0,0.0,0.0,0.0,,,10,12,6,6,12.741691254745787,103.91775129858372,True,203913,-1,1.479681613357961,False,O(p) orbits + FFT Hoffman ranker,not_done,F_163,numpy-openblas,data/adj/cyclotomic_union_p163_e6_mask27.npy,0,0,0,0,0,0,0,0,0,0,2a,cert,fft,circulant,"{""p"": 163, ""e"": 6, ""mask"": 27, ""ranker_score"": 14.021242531193494}",local,
cyclotomic_union_p163_e6_mask9,cyclotomic_union,163,13,163,54.0,0.0,54.0,54.0,0.0,0.0,0.0,,,6,6,10,12,14.021242531193494,45.84175333128785,True,29340,-1,1.479681613357961,False,O(p) orbits + FFT Hoffman ranker,not_done,F_163,numpy-openblas,data/adj/cyclotomic_union_p163_e6_mask9.npy,0,0,0,0,0,0,0,0,0,0,2a,cert,fft,circulant,"{""p"": 163, ""e"": 6, ""mask"": 9, ""ranker_score"": 14.021242531193494}",local,
cyclotomic_union_p173_e4_mask10,cyclotomic_union,173,14,173,86.0,0.0,86.0,86.0,0.0,0.0,0.0,,,8,13,8,13,13.15294643796592,79.92352678101703,True,104146,-1,1.4449753415533657,False,O(p) orbits + FFT Hoffman ranker,not_done,F_173,numpy-openblas,data/adj/cyclotomic_union_p173_e4_mask10.npy,0,0,0,0,0,0,0,0,0,0,2a,cert,fft,circulant,"{""p"": 173, ""e"": 4, ""mask"": 10, ""ranker_score"": 13.15294643796592}",local,
cyclotomic_union_p173_e4_mask5,cyclotomic_union,173,14,173,86.0,0.0,86.0,86.0,0.0,0.0,0.0,,,8,13,8,13,13.152946437965918,79.92352678101705,True,104146,-1,1.4449753415533657,False,O(p) orbits + FFT Hoffman ranker,not_done,F_173,numpy-openblas,data/adj/cyclotomic_union_p173_e4_mask5.npy,0,0,0,0,0,0,0,0,0,0,2a,cert,fft,circulant,"{""p"": 173, ""e"": 4, ""mask"": 5, ""ranker_score"": 13.15294643796592}",local,
cyclotomic_union_p181_e4_mask10,cyclotomic_union,181,14,181,90.0,0.0,90.0,90.0,0.0,0.0,0.0,,,7,13,7,13,13.453624047073724,83.77318797646313,True,119460,-1,1.4496486497002516,False,O(p) orbits + FFT Hoffman ranker,not_done,F_181,numpy-openblas,data/adj/cyclotomic_union_p181_e4_mask10.npy,0,0,0,0,0,0,0,0,0,0,2a,cert,fft,circulant,"{""p"": 181, ""e"": 4, ""mask"": 10, ""ranker_score"": 13.453624047073724}",local,
cyclotomic_union_p181_e4_mask5,cyclotomic_union,181,14,181,90.0,0.0,90.0,90.0,0.0,0.0,0.0,,,7,13,7,13,13.453624047073722,83.77318797646313,True,119460,-1,1.4496486497002516,False,O(p) orbits + FFT Hoffman ranker,not_done,F_181,numpy-openblas,data/adj/cyclotomic_union_p181_e4_mask5.npy,0,0,0,0,0,0,0,0,0,0,2a,cert,fft,circulant,"{""p"": 181, ""e"": 4, ""mask"": 5, ""ranker_score"": 13.453624047073724}",local,
cyclotomic_union_p181_e5_mask22,cyclotomic_union,181,12,181,108.0,0.0,108.0,108.0,0.0,0.0,0.0,,,10,11,7,10,15.206856335457976,101.51426844525727,True,205254,-1,1.5421970968453083,False,O(p) orbits + FFT Hoffman ranker,not_done,F_181,numpy-openblas,data/adj/cyclotomic_union_p181_e5_mask22.npy,0,0,0,0,0,0,0,0,0,0,2a,cert,fft,circulant,"{""p"": 181, ""e"": 5, ""mask"": 22, ""ranker_score"": 17.046045685259635}",local,
cyclotomic_union_p181_e5_mask9,cyclotomic_union,181,12,181,72.0,0.0,72.0,72.0,0.0,0.0,0.0,,,7,10,10,11,17.046045685259635,63.09403858369141,True,62988,-1,1.5421970968453083,False,O(p) orbits + FFT Hoffman ranker,not_done,F_181,numpy-openblas,data/adj/cyclotomic_union_p181_e5_mask9.npy,0,0,0,0,0,0,0,0,0,0,2a,cert,fft,circulant,"{""p"": 181, ""e"": 5, ""mask"": 9, ""ranker_score"": 17.046045685259635}",local,
cyclotomic_union_p181_e6_mask27,cyclotomic_union,181,15,181,120.0,0.0,120.0,120.0,0.0,0.0,0.0,,,10,14,5,5,12.362741835660941,113.32199355415571,True,284170,-1,1.4142034910461767,False,O(p) orbits + FFT Hoffman ranker,not_done,F_181,numpy-openblas,data/adj/cyclotomic_union_p181_e6_mask27.npy,0,0,0,0,0,0,0,0,0,0,2a,cert,fft,circulant,"{""p"": 181, ""e"": 6, ""mask"": 27, ""ranker_score"": 20.53428048017143}",local,
cyclotomic_union_p181_e6_mask36,cyclotomic_union,181,15,181,60.0,0.0,60.0,60.0,0.0,0.0,0.0,,,5,5,10,14,20.53428048017143,52.20283953600815,True,36200,-1,1.4142034910461767,False,O(p) orbits + FFT Hoffman ranker,not_done,F_181,numpy-openblas,data/adj/cyclotomic_union_p181_e6_mask36.npy,0,0,0,0,0,0,0,0,0,0,2a,cert,fft,circulant,"{""p"": 181, ""e"": 6, ""mask"": 36, ""ranker_score"": 20.53428048017143}",local,
disperser_p13_kindsidon_gp,disperser,13,14,13,12.0,0.0,12.0,12.0,0.0,1.0,1.0,13,1,13,13,1,1,1.0,13.0,True,286,-1,1.2010674083676476,True,geometric_progression circulant,not_done,Z/13Z,numpy-openblas,data/adj/disperser_p13_kindsidon_gp.npy,1,1,1,1,1,1,1,1,1,1,1d,explicit-diag,fft,circulant,"{""p"": 13, ""kind"": ""sidon_gp"", ""degree"": 12}",local,
disperser_p17_kindsidon_gp,disperser,17,4,17,8.0,0.0,8.0,8.0,0.0,0.5,0.5,3,3,3,3,3,3,4.123105625617661,6.438447187191169,True,68,-1,2.0305431848689306,True,geometric_progression circulant,not_done,Z/17Z,numpy-openblas,data/adj/disperser_p17_kindsidon_gp.npy,1,1,0,1,0,0,0,1,1,0,1d,explicit-diag,fft,circulant,"{""p"": 17, ""kind"": ""sidon_gp"", ""degree"": 8}",local,
disperser_p19_kindsidon_gp,disperser,19,20,19,18.0,0.0,18.0,18.0,0.0,1.0,1.0,19,1,19,19,1,1,1.0000000000000004,19.0,True,969,-1,1.1586110870184632,True,geometric_progression circulant,not_done,Z/19Z,numpy-openblas,data/adj/disperser_p19_kindsidon_gp.npy,1,1,1,1,1,1,1,1,1,1,1d,explicit-diag,fft,circulant,"{""p"": 19, ""kind"": ""sidon_gp"", ""degree"": 18}",local,
disperser_p37_kindsidon_gp,disperser,37,38,37,36.0,0.0,36.0,36.0,0.0,1.0,1.0,37,1,37,37,1,1,1.0000000000000024,37.0,True,7770,-1,1.09968541836186,True,geometric_progression circulant,not_done,Z/37Z,numpy-openblas,data/adj/disperser_p37_kindsidon_gp.npy,1,1,1,1,1,1,1,1,1,1,1d,explicit-diag,fft,circulant,"{""p"": 37, ""kind"": ""sidon_gp"", ""degree"": 36}",local,
"frankl_wilson_k3_n7_L[0, 1]",frankl_wilson,35,8,35,22.0,0.0,22.0,22.0,0.0,0.6470588235294119,0.6470588235294118,,,7,7,5,5,7.5000000000000036,19.999999999999996,True,1575,2310,1.5595830465537215,False,ksubset_bitset AND + popcount membership,not_done,3-subsets of [7],numpy-openblas,"data/adj/frankl_wilson_k3_n7_L[0, 1].npy",0,0,0,0,0,0,0,0,1,1,1d,explicit-diag,generic,none,"{""n"": 7, ""k"": 3, ""L"": [0, 1], ""N"": 35}",local,
"frankl_wilson_k3_n8_L[0, 1]",frankl_wilson,56,8,56,40.0,0.0,40.0,40.0,0.0,0.7272727272727274,0.7272727272727273,,,7,7,6,6,9.333333333333336,38.0,True,10080,-1,1.6539542919121921,False,ksubset_bitset AND + popcount membership,not_done,3-subsets of [8],numpy-openblas,"data/adj/frankl_wilson_k3_n8_L[0, 1].npy",0,0,0,0,0,0,0,0,0,0,1d,explicit-diag,generic,none,"{""n"": 8, ""k"": 3, ""L"": [0, 1], ""N"": 56}",local,
generalized_paley_p13_k3,generalized_paley,13,5,13,4.0,0.0,4.0,4.0,0.0,0.3333333333333333,0.3333333333333333,2,4,2,2,4,4,5.181736625420597,2.6227971460270405,True,0,0,1.6702776523348104,True,outer_diff + kth_power_residue,not_done,F_13,numpy-openblas,data/adj/generalized_paley_p13_k3.npy,1,0,0,0,1,0,0,1,0,0,,,,,"{""p"": 13, ""k"": 3}",,0.0004
generalized_paley_p13_k6,generalized_paley,13,7,13,2.0,0.0,2.0,2.0,0.0,0.16666666666666666,0.16666666666666666,2,6,2,2,6,6,6.404168562937426,0.22908794869358018,True,0,0,1.4425629194429777,True,outer_diff + kth_power_residue,not_done,F_13,numpy-openblas,data/adj/generalized_paley_p13_k6.npy,1,0,0,0,0,0,0,0,0,0,,,,,"{""p"": 13, ""k"": 6}",,0.0004
generalized_paley_p17_k4,generalized_paley,17,7,17,4.0,0.0,4.0,4.0,0.0,0.25,0.25,2,6,2,2,6,6,7.153067017054691,1.9505188222646832,True,0,0,1.498919872071562,True,outer_diff + kth_power_residue,not_done,F_17,numpy-openblas,data/adj/generalized_paley_p17_k4.npy,1,0,0,1,0,0,0,0,0,0,,,,,"{""p"": 17, ""k"": 4}",,0.0005
generalized_paley_p19_k3,generalized_paley,19,5,19,6.0,0.0,6.0,6.0,0.0,0.33333333333333326,0.3333333333333333,3,4,3,3,4,4,5.240429751206538,3.492981355907018,True,38,0,1.8019831273171423,True,outer_diff + kth_power_residue,not_done,F_19,numpy-openblas,data/adj/generalized_paley_p19_k3.npy,1,0,0,0,0,0,1,1,0,0,,,,,"{""p"": 19, ""k"": 3}",,0.0005
generalized_paley_p31_k3,generalized_paley,31,7,31,10.0,0.0,10.0,10.0,0.0,0.3333333333333335,0.3333333333333333,,,3,4,6,6,7.686594316715031,6.916127640564386,True,155,0,1.6332462531687597,False,outer_diff + kth_power_residue,not_done,F_31,numpy-openblas,data/adj/generalized_paley_p31_k3.npy,1,1,0,1,0,0,0,1,0,0,,,,,"{""p"": 31, ""k"": 3}",,0.0008
generalized_paley_p37_k3,generalized_paley,37,9,37,12.0,0.0,12.0,12.0,0.0,0.33333333333333337,0.3333333333333333,,,3,3,7,8,9.835251543582247,9.812899192393585,True,148,0,1.4936355304176858,False,outer_diff + kth_power_residue,not_done,F_37,numpy-openblas,data/adj/generalized_paley_p37_k3.npy,1,0,0,0,0,1,0,1,0,1,,,,,"{""p"": 37, ""k"": 3}",,0.0009
generalized_paley_p37_k6,generalized_paley,37,10,37,6.0,0.0,6.0,6.0,0.0,0.16666666666666669,0.16666666666666666,,,3,3,9,9,11.299553025848544,1.9521873094801245,True,74,0,1.4348951656753595,False,outer_diff + kth_power_residue,not_done,F_37,numpy-openblas,data/adj/generalized_paley_p37_k6.npy,1,0,0,0,0,0,0,0,0,1,,,,,"{""p"": 37, ""k"": 6}",,0.0009
generalized_paley_p41_k4,generalized_paley,41,10,41,10.0,0.0,10.0,10.0,0.0,0.25,0.25,,,2,3,9,9,13.43116585609998,7.589479655909702,True,0,0,1.4497008237135636,False,outer_diff + kth_power_residue,not_done,F_41,numpy-openblas,data/adj/generalized_paley_p41_k4.npy,1,0,0,1,0,0,0,0,0,1,,,,,"{""p"": 41, ""k"": 4}",,0.001
generalized_paley_p43_k3,generalized_paley,43,9,43,14.0,0.0,14.0,14.0,0.0,0.33333333333333337,0.3333333333333333,,,3,4,7,8,10.465276377261878,11.11176399115659,True,301,0,1.5187856847554257,False,outer_diff + kth_power_residue,not_done,F_43,numpy-openblas,data/adj/generalized_paley_p43_k3.npy,1,1,0,1,0,0,0,1,0,0,,,,,"{""p"": 43, ""k"": 3}",,0.0011
generalized_paley_p61_k3,generalized_paley,61,9,61,20.0,0.0,20.0,20.0,0.0,0.3333333333333332,0.3333333333333333,,,3,5,8,8,11.778597210821982,15.769522294807318,True,1220,-1,1.5789558319019596,False,outer_diff + kth_power_residue,not_done,F_61,numpy-openblas,data/adj/generalized_paley_p61_k3.npy,1,0,1,0,0,0,0,1,1,0,,,,,"{""p"": 61, ""k"": 3}",,0.0004
generalized_paley_p61_k6,generalized_paley,61,15,61,10.0,0.0,10.0,10.0,0.0,0.1666666666666666,0.16666666666666666,,,2,2,14,14,20.579826467705026,6.585426806791563,True,0,-1,1.315291425743713,False,outer_diff + kth_power_residue,not_done,F_61,numpy-openblas,data/adj/generalized_paley_p61_k6.npy,1,0,1,0,0,0,0,0,1,0,,,,,"{""p"": 61, ""k"": 6}",,0.0004
generalized_paley_p67_k3,generalized_paley,67,10,67,22.0,0.0,22.0,22.0,0.0,0.33333333333333326,0.3333333333333333,,,3,5,8,9,13.038287070323953,17.914573343985786,True,1474,-1,1.5226759218487862,False,outer_diff + kth_power_residue,not_done,F_67,numpy-openblas,data/adj/generalized_paley_p67_k3.npy,1,0,1,0,1,0,0,1,1,0,,,,,"{""p"": 67, ""k"": 3}",,0.0005
generalized_paley_p73_k3,generalized_paley,73,10,73,24.0,0.0,24.0,24.0,0.0,0.3333333333333333,0.3333333333333333,,,4,5,7,9,12.204915264156574,19.049829574723105,True,2336,-1,1.5357915933617867,False,outer_diff + kth_power_residue,not_done,F_73,numpy-openblas,data/adj/generalized_paley_p73_k3.npy,1,0,1,0,0,0,1,1,1,1,,,,,"{""p"": 73, ""k"": 3}",,0.0005
generalized_paley_p73_k4,generalized_paley,73,12,73,18.0,0.0,18.0,18.0,0.0,0.25,0.25,,,3,4,11,11,15.41719255380333,12.602731286286794,True,1095,-1,1.429805308016175,False,outer_diff + kth_power_residue,not_done,F_73,numpy-openblas,data/adj/generalized_paley_p73_k4.npy,1,1,0,1,0,0,0,1,1,0,,,,,"{""p"": 73, ""k"": 4}",,0.0005
generalized_paley_p73_k6,generalized_paley,73,17,73,12.0,0.0,12.0,12.0,0.0,0.16666666666666666,0.16666666666666666,,,3,3,16,16,18.396415210217782,7.417789069219284,True,292,-1,1.2870849943718612,False,outer_diff + kth_power_residue,not_done,F_73,numpy-openblas,data/adj/generalized_paley_p73_k6.npy,1,0,1,0,0,0,0,1,1,0,,,,,"{""p"": 73, ""k"": 6}",,0.0006
generalized_paley_p79_k3,generalized_paley,79,14,79,26.0,0.0,26.0,26.0,0.0,0.3333333333333332,0.3333333333333333,,,3,5,9,13,15.270264599441889,22.878491145949592,True,2054,-1,1.3662959853670587,False,outer_diff + kth_power_residue,not_done,F_79,numpy-openblas,data/adj/generalized_paley_p79_k3.npy,1,0,0,0,0,0,0,1,0,1,,,,,"{""p"": 79, ""k"": 3}",,0.0005
generalized_paley_p89_k4,generalized_paley,89,14,89,22.0,0.0,22.0,22.0,0.0,0.25,0.25,,,3,4,13,13,20.858145986621953,17.604856122980944,True,979,-1,1.3779775538868355,False,outer_diff + kth_power_residue,not_done,F_89,numpy-openblas,data/adj/generalized_paley_p89_k4.npy,1,1,0,1,0,0,0,1,0,0,,,,,"{""p"": 89, ""k"": 4}",,0.0007
generalized_paley_p97_k3,generalized_paley,97,10,97,32.0,0.0,32.0,32.0,0.0,0.33333333333333337,0.3333333333333333,,,5,8,8,9,11.037141583742857,25.79340631456069,True,6208,-1,1.580073077972056,False,outer_diff + kth_power_residue,not_done,F_97,numpy-openblas,data/adj/generalized_paley_p97_k3.npy,1,0,0,0,0,0,0,1,0,0,,,,,"{""p"": 97, ""k"": 3}",,0.0007
generalized_paley_p97_k4,generalized_paley,97,19,97,24.0,0.0,24.0,24.0,0.0,0.25,0.25,,,3,4,15,18,23.164075815393968,20.765516028837713,True,776,-1,1.272233811408365,False,outer_diff + kth_power_residue,not_done,F_97,numpy-openblas,data/adj/generalized_paley_p97_k4.npy,1,0,0,1,0,1,0,0,1,0,,,,,"{""p"": 97, ""k"": 4}",,0.0008
generalized_paley_p97_k6,generalized_paley,97,19,97,16.0,0.0,16.0,16.0,0.0,0.16666666666666669,0.16666666666666666,,,2,3,18,18,29.306545234499612,12.419308301601436,True,0,-1,1.272233811408365,False,outer_diff + kth_power_residue,not_done,F_97,numpy-openblas,data/adj/generalized_paley_p97_k6.npy,1,0,0,0,0,0,0,1,0,0,,,,,"{""p"": 97, ""k"": 6}",,0.0008
generalized_paley_p103_k3,generalized_paley,103,11,103,34.0,0.0,34.0,34.0,0.0,0.3333333333333335,0.3333333333333333,,,5,7,9,10,13.798380317600119,27.85360833839951,True,7004,-1,1.5240008254984645,False,outer_diff + kth_power_residue,not_done,F_103,numpy-openblas,data/adj/generalized_paley_p103_k3.npy,1,0,1,0,0,0,0,1,1,1,,,,,"{""p"": 103, ""k"": 3}",,0.0008
generalized_paley_p109_k3,generalized_paley,109,12,109,36.0,0.0,36.0,36.0,0.0,0.3333333333333334,0.3333333333333333,,,5,6,9,11,16.603689929006507,30.41996371582799,True,7194,-1,1.4783781715070103,False,outer_diff + kth_power_residue,not_done,F_109,numpy-openblas,data/adj/generalized_paley_p109_k3.npy,1,1,0,1,0,0,0,1,0,0,,,,,"{""p"": 109, ""k"": 3}",,0.0009
generalized_paley_p109_k6,generalized_paley,109,20,109,18.0,0.0,18.0,18.0,0.0,0.1666666666666667,0.16666666666666666,,,3,3,19,19,30.216758306771293,11.926051098417236,True,654,-1,1.2643616800964834,False,outer_diff + kth_power_residue,not_done,F_109,numpy-openblas,data/adj/generalized_paley_p109_k6.npy,1,0,0,1,0,0,0,0,0,0,,,,,"{""p"": 109, ""k"": 6}",,0.0011
generalized_paley_p113_k4,generalized_paley,113,14,113,28.0,0.0,28.0,28.0,0.0,0.25,0.25,,,5,6,13,13,17.421880958286856,20.752383218335943,True,4746,-1,1.4016786561858603,False,outer_diff + kth_power_residue,not_done,F_113,numpy-openblas,data/adj/generalized_paley_p113_k4.npy,1,1,0,1,0,0,1,1,0,0,,,,,"{""p"": 113, ""k"": 4}",,0.001
generalized_paley_p127_k3,generalized_paley,127,17,127,42.0,0.0,42.0,42.0,0.0,0.3333333333333334,0.3333333333333333,,,3,6,10,16,19.785291745651943,37.58977037908065,True,9779,-1,1.3296984424912093,False,outer_diff + kth_power_residue,not_done,F_127,numpy-openblas,data/adj/generalized_paley_p127_k3.npy,1,1,0,1,1,0,0,1,0,1,,,,,"{""p"": 127, ""k"": 3}",,0.0011
generalized_paley_p137_k4,generalized_paley,137,12,137,34.0,0.0,34.0,34.0,0.0,0.25,0.25,,,5,9,10,11,15.035928737419939,25.56023565654812,True,9316,-1,1.5068153900063055,False,outer_diff + kth_power_residue,not_done,F_137,numpy-openblas,data/adj/generalized_paley_p137_k4.npy,1,0,0,1,0,0,0,0,0,0,,,,,"{""p"": 137, ""k"": 4}",,0.0013
generalized_paley_p139_k3,generalized_paley,139,20,139,46.0,0.0,46.0,46.0,0.0,0.3333333333333333,0.3333333333333333,,,4,6,10,19,20.96782589029383,41.91048786897419,True,12788,-1,1.2798254438713754,False,outer_diff + kth_power_residue,not_done,F_139,numpy-openblas,data/adj/generalized_paley_p139_k3.npy,1,0,0,0,0,1,0,1,0,1,,,,,"{""p"": 139, ""k"": 3}",,0.0013
generalized_paley_p151_k3,generalized_paley,151,13,151,50.0,0.0,50.0,50.0,0.0,0.3333333333333333,0.3333333333333333,,,5,9,10,12,16.017404382223592,42.35511296770183,True,22650,-1,1.4710031791471947,False,outer_diff + kth_power_residue,not_done,F_151,numpy-openblas,data/adj/generalized_paley_p151_k3.npy,1,0,1,0,0,0,0,1,1,0,,,,,"{""p"": 151, ""k"": 3}",,0.0015
generalized_paley_p157_k3,generalized_paley,157,16,157,52.0,0.0,52.0,52.0,0.0,0.3333333333333333,0.3333333333333333,,,5,7,10,15,21.490410030519275,46.05982024573117,True,20410,-1,1.3716513279162033,False,outer_diff + kth_power_residue,not_done,F_157,numpy-openblas,data/adj/generalized_paley_p157_k3.npy,1,1,0,1,0,0,1,1,0,0,,,,,"{""p"": 157, ""k"": 3}",,0.0016
generalized_paley_p157_k6,generalized_paley,157,26,157,26.0,0.0,26.0,26.0,0.0,0.16666666666666666,0.16666666666666666,,,2,3,25,25,42.11608135068012,20.406695658894442,True,0,-1,1.214668247901078,False,outer_diff + kth_power_residue,not_done,F_157,numpy-openblas,data/adj/generalized_paley_p157_k6.npy,1,0,0,1,0,0,0,0,0,0,,,,,"{""p"": 157, ""k"": 6}",,0.002
generalized_paley_p163_k3,generalized_paley,163,13,163,54.0,0.0,54.0,54.0,0.0,0.3333333333333333,0.3333333333333333,,,6,11,10,12,14.021242531193522,45.84175333128786,True,29340,-1,1.479681613357961,False,outer_diff + kth_power_residue,not_done,F_163,numpy-openblas,data/adj/generalized_paley_p163_k3.npy,1,0,0,0,1,1,0,1,0,0,,,,,"{""p"": 163, ""k"": 3}",,0.0019
generalized_paley_p181_k3,generalized_paley,181,15,181,60.0,0.0,60.0,60.0,0.0,0.3333333333333333,0.3333333333333333,,,5,8,10,14,20.534280480171457,52.20283953600814,True,36200,-1,1.4142034910461767,False,outer_diff + kth_power_residue,not_done,F_181,numpy-openblas,data/adj/generalized_paley_p181_k3.npy,1,0,0,0,1,1,1,1,0,0,,,,,"{""p"": 181, ""k"": 3}",,0.0024
generalized_paley_p181_k6,generalized_paley,181,23,181,30.0,0.0,30.0,30.0,0.0,0.16666666666666666,0.16666666666666666,,,3,4,22,22,41.65147628686134,23.92799829128277,True,1810,-1,1.2536027554100138,False,outer_diff + kth_power_residue,not_done,F_181,numpy-openblas,data/adj/generalized_paley_p181_k6.npy,1,0,0,0,1,0,0,0,0,0,,,,,"{""p"": 181, ""k"": 6}",,0.0027
gold_trace_f2_k1_n_bits5,gold_trace_f2,32,7,5,16.0,0.0,16.0,16.0,0.0,0.5161290322580645,0.5161290322580645,,,6,6,4,4,6.400000000000005,11.999999999999996,True,640,640,1.640670712015276,False,xor_outer + gf2n_pow + frobenius_trace,not_done,F_2^5,numpy-openblas,data/adj/gold_trace_f2_k1_n_bits5.npy,1,1,0,1,0,1,0,1,0,1,,,,,"{""n_bits"": 5, ""k"": 1, ""irr"": 37, ""N"": 32}",,0.0008
gold_trace_f2_k2_n_bits5,gold_trace_f2,32,7,5,16.0,0.0,16.0,16.0,0.0,0.5161290322580645,0.5161290322580645,,,6,6,4,4,6.400000000000001,12.000000000000005,True,640,640,1.640670712015276,False,xor_outer + gf2n_pow + frobenius_trace,not_done,F_2^5,numpy-openblas,data/adj/gold_trace_f2_k2_n_bits5.npy,1,1,0,1,0,0,1,0,1,0,,,,,"{""n_bits"": 5, ""k"": 2, ""irr"": 37, ""N"": 32}",,0.0008
gold_trace_f2_k1_n_bits7,gold_trace_f2,128,10,7,64.0,0.0,64.0,64.0,0.0,0.5039370078740157,0.5039370078740157,,,8,9,8,8,14.22222222222225,55.99999999999998,True,43008,-1,1.6245047927124712,False,xor_outer + gf2n_pow + frobenius_trace,not_done,F_2^7,numpy-openblas,data/adj/gold_trace_f2_k1_n_bits7.npy,1,0,1,0,1,0,1,0,1,1,,,,,"{""n_bits"": 7, ""k"": 1, ""irr"": 131, ""N"": 128}",,0.0013
gold_trace_f2_k3_n_bits7,gold_trace_f2,128,10,7,64.0,0.0,64.0,64.0,0.0,0.5039370078740157,0.5039370078740157,,,8,9,8,8,14.222222222222278,55.999999999999915,True,43008,-1,1.6245047927124712,False,xor_outer + gf2n_pow + frobenius_trace,not_done,F_2^7,numpy-openblas,data/adj/gold_trace_f2_k3_n_bits7.npy,1,0,1,0,1,0,1,1,0,0,,,,,"{""n_bits"": 7, ""k"": 3, ""irr"": 131, ""N"": 128}",,0.0011
gold_trace_f2_k1_n_bits8,gold_trace_f2,256,17,8,144.0,0.0,144.0,144.0,0.0,0.5647058823529411,0.5647058823529412,,,6,10,16,16,25.6,128.0,True,-1,-1,1.3856743389806951,False,xor_outer + gf2n_pow + frobenius_trace,not_done,F_2^8,numpy-openblas,data/adj/gold_trace_f2_k1_n_bits8.npy,0,0,0,0,0,1,1,1,1,0,1b,cert,fwht,f2_cayley,"{""n_bits"": 8, ""k"": 1, ""irr"": 285, ""N"": 256}",local,
gold_trace_f2_k4_n_bits8_kindkasami,gold_trace_f2,256,257,8,0.0,0.0,0.0,0.0,0.0,0.0,0.0,,,1,1,256,256,256.0,0.0,True,-1,-1,1.0218110232555024,False,xor_outer + kasami_trace,not_done,F_2^8,numpy-openblas,data/adj/gold_trace_f2_k4_n_bits8_kindkasami.npy,0,0,0,0,0,0,0,0,0,0,1b,cert,fwht,f2_cayley,"{""n_bits"": 8, ""k"": 4, ""kind"": ""kasami"", ""irr"": 285, ""N"": 256}",local,
gold_trace_f2_k1_n_bits9,gold_trace_f2,512,18,9,256.0,0.0,256.0,256.0,0.0,0.5009784735812133,0.5009784735812133,,,10,17,16,16,30.11764705882353,240.0,True,-1,-1,1.414213562373095,False,xor_outer + gf2n_pow + frobenius_trace,not_done,F_2^9,numpy-openblas,data/adj/gold_trace_f2_k1_n_bits9.npy,1,0,1,0,1,1,0,1,0,0,1b,cert,fwht,f2_cayley,"{""n_bits"": 9, ""k"": 1, ""irr"": 529, ""N"": 512}",local,
gold_trace_f2_k1_n_bits10,gold_trace_f2,1024,65,10,480.0,0.0,480.0,480.0,0.0,0.0,0.0,,,9,16,64,64,64.0,448.0,True,-1,-1,1.1125314760964868,False,xor_outer + gf2n_pow + frobenius_trace,not_done,F_2^10,numpy-openblas,data/adj/gold_trace_f2_k1_n_bits10.npy,0,0,0,0,0,0,0,0,0,0,1b,cert,fwht,f2_cayley,"{""n_bits"": 10, ""k"": 1, ""irr"": 1033, ""N"": 1024}",local,
gold_trace_f2_k5_n_bits10_kindkasami,gold_trace_f2,1024,1025,10,0.0,0.0,0.0,0.0,0.0,0.0,0.0,,,1,1,1024,1024,1024.0,0.0,True,-1,-1,1.0067853282507613,False,xor_outer + kasami_trace,not_done,F_2^10,numpy-openblas,data/adj/gold_trace_f2_k5_n_bits10_kindkasami.npy,0,0,0,0,0,0,0,0,0,0,1b,cert,fwht,f2_cayley,"{""n_bits"": 10, ""k"": 5, ""kind"": ""kasami"", ""irr"": 1033, ""N"": 1024}",local,
nagy_intersecting_t6,nagy_intersecting,15,6,6,8.0,0.0,8.0,8.0,0.0,0.5714285714285713,0.5714285714285714,5,3,5,5,3,3,3.0000000000000018,5.999999999999998,True,80,30,1.5704178024750197,True,pair_bitset AND + popcount,not_done,2-subsets of [6],numpy-openblas,data/adj/nagy_intersecting_t6.npy,1,1,1,1,1,1,1,1,0,0,,,,,"{""t"": 6, ""N"": 15}",,0.0005
nagy_intersecting_t7,nagy_intersecting,21,7,7,10.0,0.0,10.0,10.0,0.0,0.5,0.5,6,3,6,6,3,3,3.500000000000003,6.999999999999998,True,175,105,1.5448576602501738,True,pair_bitset AND + popcount,not_done,2-subsets of [7],numpy-openblas,data/adj/nagy_intersecting_t7.npy,1,1,1,1,1,1,1,1,1,1,,,,,"{""t"": 7, ""N"": 21}",,0.0007
nagy_intersecting_t8,nagy_intersecting,28,8,8,12.0,0.0,12.0,12.0,0.0,0.4444444444444445,0.4444444444444444,,,7,7,4,4,4.000000000000004,7.999999999999994,True,336,280,1.5166827729591992,False,pair_bitset AND + popcount,not_done,2-subsets of [8],numpy-openblas,data/adj/nagy_intersecting_t8.npy,1,1,1,1,1,1,1,1,1,1,,,,,"{""t"": 8, ""N"": 28}",,0.0007
nagy_intersecting_t9,nagy_intersecting,36,9,9,14.0,0.0,14.0,14.0,0.0,0.4000000000000001,0.4,,,8,8,4,4,4.500000000000007,8.999999999999998,True,588,630,1.4890953247181091,False,pair_bitset AND + popcount,not_done,2-subsets of [9],numpy-openblas,data/adj/nagy_intersecting_t9.npy,1,1,1,1,1,1,1,1,1,1,,,,,"{""t"": 9, ""N"": 36}",,0.0009
nagy_intersecting_t10,nagy_intersecting,45,10,10,16.0,0.0,16.0,16.0,0.0,0.36363636363636365,0.36363636363636365,,,9,9,5,5,5.000000000000017,9.999999999999996,True,960,1260,1.4632591596632238,False,pair_bitset AND + popcount,not_done,2-subsets of [10],numpy-openblas,data/adj/nagy_intersecting_t10.npy,1,1,1,1,1,1,1,1,1,1,,,,,"{""t"": 10, ""N"": 45}",,0.0011
nagy_intersecting_t11,nagy_intersecting,55,11,11,18.0,0.0,18.0,18.0,0.0,0.3333333333333332,0.3333333333333333,,,10,10,5,5,5.500000000000012,10.999999999999993,True,1485,-1,1.4395103439519596,False,pair_bitset AND + popcount,not_done,2-subsets of [11],numpy-openblas,data/adj/nagy_intersecting_t11.npy,1,1,1,1,1,1,1,1,1,1,,,,,"{""t"": 11, ""N"": 55}",,0.0004
nagy_intersecting_t12,nagy_intersecting,66,12,12,20.0,0.0,20.0,20.0,0.0,0.30769230769230765,0.3076923076923077,,,11,11,6,6,6.000000000000014,11.999999999999993,True,2200,-1,1.4178446907954592,False,pair_bitset AND + popcount,not_done,2-subsets of [12],numpy-openblas,data/adj/nagy_intersecting_t12.npy,1,1,1,1,1,1,1,1,1,1,,,,,"{""t"": 12, ""N"": 66}",,0.0005
nagy_intersecting_t13,nagy_intersecting,78,13,13,22.0,0.0,22.0,22.0,0.0,0.2857142857142856,0.2857142857142857,,,12,12,6,6,6.5000000000000195,12.999999999999988,True,3146,-1,1.3981241540572233,False,pair_bitset AND + popcount,not_done,2-subsets of [13],numpy-openblas,data/adj/nagy_intersecting_t13.npy,1,1,1,1,1,1,1,1,1,1,,,,,"{""t"": 13, ""N"": 78}",,0.0006
nagy_intersecting_t14,nagy_intersecting,91,14,14,24.0,0.0,24.0,24.0,0.0,0.2666666666666666,0.26666666666666666,,,13,13,7,7,7.000000000000012,13.999999999999998,True,4368,-1,1.3801666468502078,False,pair_bitset AND + popcount,not_done,2-subsets of [14],numpy-openblas,data/adj/nagy_intersecting_t14.npy,1,1,1,1,1,1,1,1,1,1,,,,,"{""t"": 14, ""N"": 91}",,0.0007
nagy_intersecting_t15,nagy_intersecting,105,15,15,26.0,0.0,26.0,26.0,0.0,0.25,0.25,,,14,14,7,7,7.500000000000037,15.000000000000004,True,5915,-1,1.3637851377151031,False,pair_bitset AND + popcount,not_done,2-subsets of [15],numpy-openblas,data/adj/nagy_intersecting_t15.npy,1,1,1,1,1,1,1,1,1,1,,,,,"{""t"": 15, ""N"": 105}",,0.0009
paley_prime_p5,paley_prime,5,3,5,2.0,0.0,2.0,2.0,0.0,0.5,0.5,2,2,2,2,2,2,2.23606797749979,1.381966011250105,True,0,-1,1.7099759466766968,True,O(p) squares + Paley closed spectrum + VT MCS,done,F_5,numpy-openblas,data/adj/paley_prime_p5.npy,1,0,0,1,0,0,0,0,0,0,1a,cert,fft,circulant,"{""p"": 5}",local,
paley_prime_p13,paley_prime,13,4,13,6.0,0.0,6.0,6.0,0.0,0.5,0.5,3,3,3,3,3,3,3.6055512754639896,4.697224362268005,True,26,-1,1.8988289221159418,True,O(p) squares + Paley closed spectrum + VT MCS,done,F_13,numpy-openblas,data/adj/paley_prime_p13.npy,1,0,1,1,0,0,0,0,1,1,1a,cert,fft,circulant,"{""p"": 13}",local,
paley_prime_p17,paley_prime,17,4,17,8.0,0.0,8.0,8.0,0.0,0.5,0.5,3,3,3,3,3,3,4.123105625617661,6.438447187191169,True,68,-1,2.0305431848689306,True,O(p) squares + Paley closed spectrum + VT MCS,done,F_17,numpy-openblas,data/adj/paley_prime_p17.npy,1,1,0,1,0,0,0,1,1,0,1a,cert,fft,circulant,"{""p"": 17}",local,
paley_prime_p29,paley_prime,29,5,29,14.0,0.0,14.0,14.0,0.0,0.5,0.5,4,4,4,4,4,4,5.385164807134504,11.807417596432748,True,406,-1,1.961009057454548,True,O(p) squares + Paley closed spectrum + VT MCS,done,F_29,numpy-openblas,data/adj/paley_prime_p29.npy,1,0,0,1,1,1,1,0,1,0,1a,cert,fft,circulant,"{""p"": 29}",local,
paley_prime_p37,paley_prime,37,5,37,18.0,0.0,18.0,18.0,0.0,0.5,0.5,4,4,4,4,4,4,6.082762530298219,15.45861873485089,True,888,-1,2.058924136478517,True,O(p) squares + Paley closed spectrum + VT MCS,done,F_37,numpy-openblas,data/adj/paley_prime_p37.npy,1,0,1,1,0,0,1,0,1,1,1a,cert,fft,circulant,"{""p"": 37}",local,
paley_prime_p41,paley_prime,41,6,41,20.0,0.0,20.0,20.0,0.0,0.5,0.5,5,5,5,5,5,5,6.4031242374328485,17.298437881283576,True,1230,-1,1.8569375973313509,True,O(p) squares + Paley closed spectrum + VT MCS,done,F_41,numpy-openblas,data/adj/paley_prime_p41.npy,1,1,0,1,1,0,0,1,1,1,1a,cert,fft,circulant,"{""p"": 41}",local,
paley_prime_p53,paley_prime,53,6,53,26.0,0.0,26.0,26.0,0.0,0.5,0.5,5,5,5,5,5,5,7.280109889280517,22.85994505535974,True,2756,-1,1.9381139683261848,True,O(p) squares + Paley closed spectrum + VT MCS,done,F_53,numpy-openblas,data/adj/paley_prime_p53.npy,1,0,0,1,0,1,1,0,1,1,1a,cert,fft,circulant,"{""p"": 53}",local,
paley_prime_p61,paley_prime,61,6,61,30.0,0.0,30.0,30.0,0.0,0.5,0.5,5,5,5,5,5,5,7.810249675906654,26.594875162046673,True,4270,-1,1.9840607811007638,True,O(p) squares + Paley closed spectrum + VT MCS,done,F_61,numpy-openblas,data/adj/paley_prime_p61.npy,1,0,1,1,1,0,0,0,1,0,1a,cert,fft,circulant,"{""p"": 61}",local,
paley_prime_p73,paley_prime,73,6,73,36.0,0.0,36.0,36.0,0.0,0.0,0.0,5,5,5,5,5,5,8.54400374531753,32.22799812734124,True,7446,-1,2.044343218831229,True,O(p) squares + Paley closed spectrum + VT MCS,done,F_73,numpy-openblas,data/adj/paley_prime_p73.npy,0,0,0,0,0,0,0,0,0,0,1a,cert,fft,circulant,"{""p"": 73}",local,
paley_prime_p89,paley_prime,89,6,89,44.0,0.0,44.0,44.0,0.0,0.0,0.0,5,5,5,5,5,5,9.433981132056603,39.7830094339717,True,13706,-1,2.1129943434814344,True,O(p) squares + Paley closed spectrum + VT MCS,done,F_89,numpy-openblas,data/adj/paley_prime_p89.npy,0,0,0,0,0,0,0,0,0,0,1a,cert,fft,circulant,"{""p"": 89}",local,
paley_prime_p97,paley_prime,97,7,97,48.0,0.0,48.0,48.0,0.0,0.0,0.0,6,6,6,6,6,6,9.848857801796104,43.57557109910195,True,17848,-1,1.922314905590289,True,O(p) squares + Paley closed spectrum + VT MCS,done,F_97,numpy-openblas,data/adj/paley_prime_p97.npy,0,0,0,0,0,0,0,0,0,0,1a,cert,fft,circulant,"{""p"": 97}",local,
paley_prime_p101,paley_prime,101,6,101,50.0,0.0,50.0,50.0,0.0,0.0,0.0,5,5,5,5,5,5,10.04987562112089,45.475062189439555,True,20200,-1,2.1580105439510335,True,O(p) squares + Paley closed spectrum + VT MCS,done,F_101,numpy-openblas,data/adj/paley_prime_p101.npy,0,0,0,0,0,0,0,0,0,0,1a,cert,fft,circulant,"{""p"": 101}",local,
paley_prime_power_p3_q9_n2,paley_prime_power,9,4,3,4.0,0.0,4.0,4.0,0.0,0.5,0.5,3,3,3,3,3,3,2.9999999999999996,3.0000000000000004,True,6,0,1.7320508075688772,True,F_p2_batch_pow on outer_diff,not_done,F_9,numpy-openblas,data/adj/paley_prime_power_p3_q9_n2.npy,1,1,1,0,0,1,0,0,0,0,,,,,"{""p"": 3, ""n"": 2, ""q"": 9, ""nres"": 2}",,0.0003
paley_prime_power_p5_q25_n2,paley_prime_power,25,6,5,12.0,0.0,12.0,12.0,0.0,0.5,0.5,,,5,5,5,5,5.0000000000000036,9.999999999999996,True,250,75,1.7099759466766968,False,F_p2_batch_pow on outer_diff,not_done,F_25,numpy-openblas,data/adj/paley_prime_power_p5_q25_n2.npy,1,1,1,1,0,1,0,0,1,0,,,,,"{""p"": 5, ""n"": 2, ""q"": 25, ""nres"": 2}",,0.0006
paley_prime_power_p7_q49_n2,paley_prime_power,49,8,7,24.0,0.0,24.0,24.0,0.0,0.5,0.5,,,7,7,7,7,7.000000000000008,20.999999999999986,True,2156,-1,1.6265765616977856,False,F_p2_batch_pow on outer_diff,not_done,F_49,numpy-openblas,data/adj/paley_prime_power_p7_q49_n2.npy,1,1,1,1,1,1,1,0,1,0,,,,,"{""p"": 7, ""n"": 2, ""q"": 49, ""nres"": 3}",,0.0004
paley_prime_power_p11_q121_n2,paley_prime_power,121,12,11,60.0,0.0,60.0,60.0,0.0,0.5,0.5,,,11,11,11,11,11.000000000000021,54.99999999999998,True,35090,-1,1.4913014754131089,False,F_p2_batch_pow on outer_diff,not_done,F_121,numpy-openblas,data/adj/paley_prime_power_p11_q121_n2.npy,1,1,1,1,1,1,1,1,1,1,,,,,"{""p"": 11, ""n"": 2, ""q"": 121, ""nres"": 2}",,0.0013
paley_prime_power_p13_q169_n2,paley_prime_power,169,14,13,84.0,0.0,84.0,84.0,0.0,0.5,0.5,,,13,13,13,13,13.000000000000016,78.00000000000004,True,97006,-1,1.4425629194429777,False,F_p2_batch_pow on outer_diff,not_done,F_169,numpy-openblas,data/adj/paley_prime_power_p13_q169_n2.npy,1,1,1,1,1,1,1,1,1,1,,,,,"{""p"": 13, ""n"": 2, ""q"": 169, ""nres"": 2}",,0.002
polarity_gq_q2,polarity_gq,15,6,2,6.0,0.0,6.0,6.0,0.0,0.42857142857142866,0.42857142857142855,3,5,3,3,5,5,5.0,5.000000000000001,True,15,0,1.5704178024750197,True,"PG(3,q) points + symplectic form GEMM",not_done,"W(3,2)",numpy-openblas,data/adj/polarity_gq_q2.npy,1,0,0,1,1,0,0,1,1,0,2b,cert,generic,none,"{""q"": 2, ""N"": 15}",local,
polarity_gq_q3_n25_kindk4clean,polarity_gq,25,8,3,2.0,0.0,2.0,2.0,0.0,0.0,0.0,3,7,3,3,7,7,0.0,0.0,True,0,0,1.4953487812212205,True,K4-clean + residual MIS,not_done,"W(3,3) leftover",numpy-openblas,data/adj/polarity_gq_q3_n25_kindk4clean.npy,0,0,0,0,0,0,0,0,0,0,4c,"R(4,t)-geom",bitset-mis,circulant,"{""q"": 3, ""n"": 25, ""kind"": ""k4clean""}",local,
polarity_gq_q3,polarity_gq,40,11,3,12.0,0.0,12.0,12.0,0.0,0.3076923076923077,0.3076923076923077,,,4,4,7,10,10.000000000000005,9.999999999999996,True,160,40,1.3984334944969823,False,"PG(3,q) points + symplectic form GEMM",not_done,"W(3,3)",numpy-openblas,data/adj/polarity_gq_q3.npy,1,1,0,0,0,0,0,0,1,1,2b,cert,generic,none,"{""q"": 3, ""N"": 40}",local,
polarity_gq_q5_n50_kindk4clean,polarity_gq,50,14,5,2.0,0.0,2.0,2.0,0.0,0.0,0.0,3,13,3,3,12,13,0.0,0.0,True,0,0,1.3223761271250098,True,K4-clean + residual MIS,not_done,"W(3,5) leftover",numpy-openblas,data/adj/polarity_gq_q5_n50_kindk4clean.npy,0,0,0,0,0,0,0,0,0,0,4c,"R(4,t)-geom",bitset-mis,circulant,"{""q"": 5, ""n"": 50, ""kind"": ""k4clean""}",local,
polarity_gq_q5,polarity_gq,156,27,5,30.0,0.0,30.0,30.0,0.0,0.19354838709677422,0.1935483870967742,,,6,6,17,26,26.00000000000005,25.99999999999995,True,3120,-1,1.2056655088297792,False,"PG(3,q) points + symplectic form GEMM",not_done,"W(3,5)",numpy-openblas,data/adj/polarity_gq_q5.npy,1,1,1,1,0,0,0,0,0,0,1c,"R(4,t)-geom",generic,none,"{""q"": 5, ""N"": 156}",local,
polarity_gq_q7,polarity_gq,400,51,7,56.0,0.0,56.0,56.0,0.0,0.14035087719298245,0.14035087719298245,,,8,8,31,50,50.00000000000009,49.99999999999998,True,22400,-1,1.1246587957667833,False,"PG(3,q) points + symplectic form GEMM",not_done,"W(3,7)",numpy-openblas,data/adj/polarity_gq_q7.npy,1,1,1,1,1,1,0,0,0,0,3c,"R(4,t)-geom",generic,none,"{""q"": 7, ""N"": 400}",local,
polarity_pg2_q2,polarity_pg2,7,4,2,2.5714285714285716,0.49487165930539345,2.0,3.0,-1.9166666666666656,0.42857142857142855,0.4285714285714286,3,3,3,3,3,3,2.8890813901205563,1.4446865005906377,True,1,0,1.6265765616977856,True,point_enum + GEMM_dot_mod_q,not_done,"PG(2,2)",numpy-openblas,data/adj/polarity_pg2_q2.npy,0,0,0,1,1,1,0,0,0,0,1c,"R(4,t)-geom",generic,none,"{""q"": 2, ""N"": 7}",local,
polarity_pg2_q3,polarity_pg2,13,6,3,3.6923076923076925,0.4615384615384616,3.0,4.0,-1.3055555555555547,0.3076923076923077,0.3076923076923077,3,5,3,3,5,5,4.811524061888333,2.01451743942684,True,4,0,1.5334062370163875,True,point_enum + GEMM_dot_mod_q,not_done,"PG(2,3)",numpy-openblas,data/adj/polarity_pg2_q3.npy,0,0,0,0,0,0,0,0,1,1,1c,"R(4,t)-geom",generic,none,"{""q"": 3, ""N"": 13}",local,
polarity_pg2_q5,polarity_pg2,31,11,5,5.806451612903226,0.3950789907714804,5.0,6.0,0.4066666666666663,0.19354838709677427,0.1935483870967742,,,3,3,10,10,9.864223347254395,3.596579310469003,True,20,0,1.366401517936006,False,point_enum + GEMM_dot_mod_q,not_done,"PG(2,5)",numpy-openblas,data/adj/polarity_pg2_q5.npy,0,0,0,0,0,0,0,0,0,0,1c,"R(4,t)-geom",generic,none,"{""q"": 5, ""N"": 31}",local,
polarity_pg2_q7,polarity_pg2,57,16,7,7.859649122807017,0.3473506995302339,7.0,8.0,2.2882653061224385,0.14035087719298245,0.14035087719298245,,,3,3,15,15,16.248062392544842,5.229027436828009,True,56,-1,1.2874850015928887,False,point_enum + GEMM_dot_mod_q,not_done,"PG(2,7)",numpy-openblas,data/adj/polarity_pg2_q7.npy,0,0,0,0,0,0,0,0,0,0,,,,,"{""q"": 7, ""N"": 57}",,0.0005
polarity_pg2_q11,polarity_pg2,133,29,11,11.909774436090226,0.28650464486101734,11.0,12.0,6.18250688705235,0.09022556390977443,0.09022556390977443,,,3,4,26,28,32.27192576490956,8.59999700071309,True,220,-1,1.1836853252668755,False,point_enum + GEMM_dot_mod_q,not_done,"PG(2,11)",numpy-openblas,data/adj/polarity_pg2_q11.npy,0,0,0,0,0,0,0,0,0,0,,,,,"{""q"": 11, ""N"": 133}",,0.0016
polarity_pg2_q13,polarity_pg2,183,38,13,13.923497267759563,0.26580079796754774,13.0,14.0,8.15426880811498,0.07650273224043713,0.07650273224043716,,,3,4,36,37,41.68594891441106,10.322995716285455,True,364,-1,1.1469333643521091,False,point_enum + GEMM_dot_mod_q,not_done,"PG(2,13)",numpy-openblas,data/adj/polarity_pg2_q13.npy,0,0,0,0,0,0,0,0,0,0,,,,,"{""q"": 13, ""N"": 183}",,0.0031
quadratic_form_f2_n_bits4_formadjacent_bits,quadratic_form_f2,16,5,4,6.0,0.0,6.0,6.0,0.0,0.4,0.4,4,4,4,4,4,4,4.000000000000003,3.9999999999999964,True,32,8,1.7411011265922482,True,xor_outer + bitwise_quadratic,not_done,F_2^4,numpy-openblas,data/adj/quadratic_form_f2_n_bits4_formadjacent_bits.npy,0,0,1,0,0,1,0,0,0,0,,,,,"{""n_bits"": 4, ""form"": ""adjacent_bits"", ""N"": 16}",,0.0005
quadratic_form_f2_n_bits4_formsymplectic,quadratic_form_f2,16,5,4,6.0,0.0,6.0,6.0,0.0,0.4,0.4,4,4,4,4,4,4,4.000000000000001,3.9999999999999996,True,32,8,1.7411011265922482,True,xor_outer + bitwise_quadratic,not_done,F_2^4,numpy-openblas,data/adj/quadratic_form_f2_n_bits4_formsymplectic.npy,0,0,1,0,0,0,1,0,0,0,,,,,"{""n_bits"": 4, ""form"": ""symplectic"", ""N"": 16}",,0.0004
quadratic_form_f2_n_bits5_formadjacent_bits,quadratic_form_f2,32,9,5,12.0,0.0,12.0,12.0,0.0,0.3870967741935484,0.3870967741935484,,,4,4,8,8,8.000000000000007,7.999999999999995,True,256,128,1.4697344922755988,False,xor_outer + bitwise_quadratic,not_done,F_2^5,numpy-openblas,data/adj/quadratic_form_f2_n_bits5_formadjacent_bits.npy,0,0,1,0,0,1,0,0,0,0,,,,,"{""n_bits"": 5, ""form"": ""adjacent_bits"", ""N"": 32}",,0.0009
quadratic_form_f2_n_bits5_formsymplectic,quadratic_form_f2,32,9,5,12.0,0.0,12.0,12.0,0.0,0.3870967741935484,0.3870967741935484,,,4,4,8,8,8.000000000000004,8.000000000000004,True,256,128,1.4697344922755988,False,xor_outer + bitwise_quadratic,not_done,F_2^5,numpy-openblas,data/adj/quadratic_form_f2_n_bits5_formsymplectic.npy,0,0,1,0,0,0,1,0,0,0,,,,,"{""n_bits"": 5, ""form"": ""symplectic"", ""N"": 32}",,0.0008
quadratic_form_f2_n_bits6_formadjacent_bits,quadratic_form_f2,64,9,6,28.0,0.0,28.0,28.0,0.0,0.44444444444444453,0.4444444444444444,,,8,8,8,8,8.000000000000018,23.99999999999998,True,3584,-1,1.5874010519681994,False,xor_outer + bitwise_quadratic,not_done,F_2^6,numpy-openblas,data/adj/quadratic_form_f2_n_bits6_formadjacent_bits.npy,0,0,1,0,0,1,0,0,0,0,,,,,"{""n_bits"": 6, ""form"": ""adjacent_bits"", ""N"": 64}",,0.0004
quadratic_form_f2_n_bits6_formsymplectic,quadratic_form_f2,64,9,6,28.0,0.0,28.0,28.0,0.0,0.44444444444444453,0.4444444444444444,,,8,8,8,8,8.000000000000018,23.999999999999982,True,3584,-1,1.5874010519681994,False,xor_outer + bitwise_quadratic,not_done,F_2^6,numpy-openblas,data/adj/quadratic_form_f2_n_bits6_formsymplectic.npy,0,0,1,0,0,0,1,0,0,0,,,,,"{""n_bits"": 6, ""form"": ""symplectic"", ""N"": 64}",,0.0005
quadratic_form_f2_n_bits7_formadjacent_bits,quadratic_form_f2,128,17,7,56.0,0.0,56.0,56.0,0.0,0.44094488188976383,0.4409448818897638,,,8,8,16,16,16.000000000000036,47.99999999999999,True,28672,-1,1.330312058198122,False,xor_outer + bitwise_quadratic,not_done,F_2^7,numpy-openblas,data/adj/quadratic_form_f2_n_bits7_formadjacent_bits.npy,0,0,1,0,0,1,0,0,0,0,,,,,"{""n_bits"": 7, ""form"": ""adjacent_bits"", ""N"": 128}",,0.0012
quadratic_form_f2_n_bits7_formsymplectic,quadratic_form_f2,128,17,7,56.0,0.0,56.0,56.0,0.0,0.44094488188976383,0.4409448818897638,,,8,8,16,16,16.000000000000018,48.00000000000003,True,28672,-1,1.330312058198122,False,xor_outer + bitwise_quadratic,not_done,F_2^7,numpy-openblas,data/adj/quadratic_form_f2_n_bits7_formsymplectic.npy,0,0,1,0,0,0,1,0,0,0,,,,,"{""n_bits"": 7, ""form"": ""symplectic"", ""N"": 128}",,0.0015
quadratic_form_f2_n_bits8_formadjacent_bits,quadratic_form_f2,256,17,8,120.0,0.0,120.0,120.0,0.0,0.4705882352941177,0.47058823529411764,,,9,16,16,16,16.0,112.0,True,-1,-1,1.3856743389806951,False,xor_outer + bitwise_quadratic,not_done,F_2^8,numpy-openblas,data/adj/quadratic_form_f2_n_bits8_formadjacent_bits.npy,0,0,1,0,0,1,0,0,0,0,1b,cert,fwht,f2_cayley,"{""n_bits"": 8, ""form"": ""adjacent_bits"", ""N"": 256}",local,
quadratic_form_f2_n_bits8_formanf_seed1,quadratic_form_f2,256,17,8,128.0,0.0,128.0,128.0,0.0,0.5019607843137255,0.5019607843137255,,,8,9,16,16,28.444444444444443,112.0,True,-1,-1,1.3856743389806951,False,ANF quadratic eval + xor_outer + FWHT,not_done,F_2^8,numpy-openblas,data/adj/quadratic_form_f2_n_bits8_formanf_seed1.npy,1,1,1,1,0,0,0,1,0,1,3d,explicit-diag,fwht,f2_cayley,"{""n_bits"": 8, ""form"": ""anf"", ""seed"": 1, ""N"": 256}",local,
quadratic_form_f2_n_bits8_formsymplectic,quadratic_form_f2,256,17,8,120.0,0.0,120.0,120.0,0.0,0.4705882352941177,0.47058823529411764,,,9,16,16,16,16.0,112.0,True,-1,-1,1.3856743389806951,False,xor_outer + bitwise_quadratic,not_done,F_2^8,numpy-openblas,data/adj/quadratic_form_f2_n_bits8_formsymplectic.npy,0,0,1,0,0,0,1,0,0,0,1b,cert,fwht,f2_cayley,"{""n_bits"": 8, ""form"": ""symplectic"", ""N"": 256}",local,
quadratic_form_f2_n_bits9_formadjacent_bits,quadratic_form_f2,512,33,9,240.0,0.0,240.0,240.0,0.0,0.46966731898238745,0.46966731898238745,,,9,16,32,32,32.0,224.0,True,-1,-1,1.2080894444044472,False,xor_outer + bitwise_quadratic,not_done,F_2^9,numpy-openblas,data/adj/quadratic_form_f2_n_bits9_formadjacent_bits.npy,0,0,1,0,0,1,0,0,0,0,1b,cert,fwht,f2_cayley,"{""n_bits"": 9, ""form"": ""adjacent_bits"", ""N"": 512}",local,
quadratic_form_f2_n_bits9_formanf_seed1,quadratic_form_f2,512,18,9,256.0,0.0,256.0,256.0,0.0,0.5009784735812133,0.5009784735812133,,,10,17,16,16,30.11764705882353,240.0,True,-1,-1,1.414213562373095,False,ANF quadratic eval + xor_outer + FWHT,not_done,F_2^9,numpy-openblas,data/adj/quadratic_form_f2_n_bits9_formanf_seed1.npy,1,0,0,1,0,0,0,1,0,0,3d,explicit-diag,fwht,f2_cayley,"{""n_bits"": 9, ""form"": ""anf"", ""seed"": 1, ""N"": 512}",local,
quadratic_form_f2_n_bits9_formsymplectic,quadratic_form_f2,512,33,9,240.0,0.0,240.0,240.0,0.0,0.46966731898238745,0.46966731898238745,,,9,16,32,32,32.0,224.0,True,-1,-1,1.2080894444044472,False,xor_outer + bitwise_quadratic,not_done,F_2^9,numpy-openblas,data/adj/quadratic_form_f2_n_bits9_formsymplectic.npy,0,0,1,0,0,0,1,0,0,0,1b,cert,fwht,f2_cayley,"{""n_bits"": 9, ""form"": ""symplectic"", ""N"": 512}",local,
quadratic_form_f2_n_bits10_formadjacent_bits,quadratic_form_f2,1024,33,10,496.0,0.0,496.0,496.0,0.0,0.0,0.0,,,10,32,32,32,32.0,480.0,True,-1,-1,1.2337330834345674,False,xor_outer + bitwise_quadratic,not_done,F_2^10,numpy-openblas,data/adj/quadratic_form_f2_n_bits10_formadjacent_bits.npy,0,0,0,0,0,0,0,0,0,0,1b,cert,fwht,f2_cayley,"{""n_bits"": 10, ""form"": ""adjacent_bits"", ""N"": 1024}",local,
quadratic_form_f2_n_bits10_formsymplectic,quadratic_form_f2,1024,33,10,496.0,0.0,496.0,496.0,0.0,0.0,0.0,,,10,32,32,32,32.0,480.0,True,-1,-1,1.2337330834345674,False,xor_outer + bitwise_quadratic,not_done,F_2^10,numpy-openblas,data/adj/quadratic_form_f2_n_bits10_formsymplectic.npy,0,0,0,0,0,0,0,0,0,0,1b,cert,fwht,f2_cayley,"{""n_bits"": 10, ""form"": ""symplectic"", ""N"": 1024}",local,
singer_difference_q2_n7,singer_difference,7,4,2,4.0,0.0,4.0,4.0,0.0,0.6666666666666666,0.6666666666666666,3,2,3,3,2,2,2.5178339331638457,3.198062264195161,True,7,0,1.6265765616977856,True,circulant_broadcast of Singer set,not_done,"PG(2,2) Singer",numpy-openblas,data/adj/singer_difference_q2_n7.npy,1,0,1,1,0,1,0,0,0,0,,,,,"{""q"": 2, ""n"": 7, ""degree"": 4, ""D"": [0, 1, 3]}",,0.0002
singer_difference_q3_n13,singer_difference,13,4,3,6.0,0.0,6.0,6.0,0.0,0.5,0.5,3,3,3,3,3,3,3.605551275463989,4.697224362268007,True,26,0,1.8988289221159418,True,circulant_broadcast of Singer set,not_done,"PG(2,3) Singer",numpy-openblas,data/adj/singer_difference_q3_n13.npy,1,0,1,1,0,0,0,0,1,1,,,,,"{""q"": 3, ""n"": 13, ""degree"": 6, ""D"": [0, 1, 3, 9]}",,0.0004
singer_difference_q4_n21,singer_difference,21,8,4,8.0,0.0,8.0,8.0,0.0,0.4000000000000001,0.4,3,7,3,3,7,7,7.000000000000001,6.208712152522081,True,49,0,1.4631114595026833,True,circulant_broadcast of Singer set,not_done,"PG(2,4) Singer",numpy-openblas,data/adj/singer_difference_q4_n21.npy,1,0,0,1,1,0,1,0,0,0,,,,,"{""q"": 4, ""n"": 21, ""degree"": 8, ""D"": [0, 1, 4, 14, 16]}",,0.0008
singer_difference_q5_n31,singer_difference,31,8,5,10.0,0.0,10.0,10.0,0.0,0.3333333333333335,0.3333333333333333,,,3,3,7,7,11.420502166526612,7.543212242108579,True,62,0,1.536102555746382,False,circulant_broadcast of Singer set,not_done,"PG(2,5) Singer",numpy-openblas,data/adj/singer_difference_q5_n31.npy,1,0,1,0,0,0,0,1,0,0,,,,,"{""q"": 5, ""n"": 31, ""degree"": 10, ""D"": [0, 1, 3, 8, 12, 18]}",,0.0012
tensor_strong_product_seedpaley_prime_5,tensor_strong_product,25,5,25,8.0,0.0,8.0,8.0,0.0,0.33333333333333337,0.3333333333333333,,,4,4,4,4,6.573786516665267,4.145898033750312,True,100,25,1.9036539387158786,False,"kronecker(A+I, A+I)",not_done,paley_prime_5 ⊠ paley_prime_5,numpy-openblas,data/adj/tensor_strong_product_seedpaley_prime_5.npy,1,0,0,1,1,1,0,0,1,0,,,,,"{""seed"": ""paley_prime_5"", ""n_seed"": 5, ""N"": 25}",,0.0006
tensor_strong_product_seedpaley_prime_13,tensor_strong_product,169,10,169,48.0,0.0,48.0,48.0,0.0,0.28571428571428564,0.2857142857142857,,,9,9,9,9,29.425333235465047,32.88057053587596,True,22984,-1,1.6702776523348104,False,"kronecker(A+I, A+I)",not_done,paley_prime_13 ⊠ paley_prime_13,numpy-openblas,data/adj/tensor_strong_product_seedpaley_prime_13.npy,1,0,1,1,0,0,0,0,1,1,,,,,"{""seed"": ""paley_prime_13"", ""n_seed"": 13, ""N"": 169}",,0.0022
tensor_strong_product_seedpaley_prime_17,tensor_strong_product,289,11,289,80.0,0.0,80.0,80.0,0.0,0.27777777777777773,0.2777777777777778,,,9,9,9,10,45.76977292833374,57.94602468472044,True,104040,-1,1.6738555849799543,False,"kronecker(A+I, A+I)",not_done,paley_prime_17 ⊠ paley_prime_17,numpy-openblas,data/adj/tensor_strong_product_seedpaley_prime_17.npy,1,1,0,1,0,0,0,1,1,0,,,,,"{""seed"": ""paley_prime_17"", ""n_seed"": 17, ""N"": 289}",,0.0065
yu_pool_p251_e5_kindyu_published,yu_pool,251,20,251,64.0,0.0,64.0,64.0,0.0,0.0,0.0,3,19,3,3,19,19,0.0,0.0,True,0,0,1.3182072202231385,True,restricted process + bitset residual MIS,not_done,Z/251Z,numpy-openblas,data/adj/yu_pool_p251_e5_kindyu_published.npy,0,0,0,0,0,0,0,0,0,0,4a,"R(4,t)",bitset-mis,circulant,"{""p"": 251, ""e"": 5, ""kind"": ""yu_published"", ""S"": [1, 2, 4, 9, 10, 13, 18, 25, 26, 33, 36, 37, 43, 45, 50, 52, 65, 66, 71, 72, 74, 79, 86, 90, 93, 100, 103, 104, 107, 109, 119, 121], ""literature_alpha"": 19}",local,
